-- phpMyAdmin SQL Dump
-- version 3.3.9
-- http://www.phpmyadmin.net
--
-- Serveur: localhost
-- Généré le : Sam 26 Octobre 2013 à 21:10
-- Version du serveur: 5.5.8
-- Version de PHP: 5.3.5

SET SQL_MODE="NO_AUTO_VALUE_ON_ZERO";


/*!40101 SET @OLD_CHARACTER_SET_CLIENT=@@CHARACTER_SET_CLIENT */;
/*!40101 SET @OLD_CHARACTER_SET_RESULTS=@@CHARACTER_SET_RESULTS */;
/*!40101 SET @OLD_COLLATION_CONNECTION=@@COLLATION_CONNECTION */;
/*!40101 SET NAMES utf8 */;

--
-- Base de données: `spngroup_qlcuahang_demo1`
--

-- --------------------------------------------------------

--
-- Structure de la table `tbl_category`
--

CREATE TABLE IF NOT EXISTS `tbl_category` (
  `id` int(25) NOT NULL AUTO_INCREMENT,
  `name` varchar(200) COLLATE utf8_unicode_ci DEFAULT NULL,
  `picture` binary(255) DEFAULT NULL,
  PRIMARY KEY (`id`)
) ENGINE=InnoDB  DEFAULT CHARSET=utf8 COLLATE=utf8_unicode_ci AUTO_INCREMENT=8 ;

--
-- Contenu de la table `tbl_category`
--

INSERT INTO `tbl_category` (`id`, `name`, `picture`) VALUES
(1, 'Linh Tinh', NULL),
(2, 'Mỹ Phẩm', NULL),
(3, 'KEM', NULL),
(4, 'NƯỚC GIẢI KHÁT', NULL),
(5, 'THUỐC HÚT', NULL),
(6, 'THỨC ĂN', NULL),
(7, 'KHÁC', NULL);

-- --------------------------------------------------------

--
-- Structure de la table `tbl_collect_customer`
--

CREATE TABLE IF NOT EXISTS `tbl_collect_customer` (
  `id` int(11) NOT NULL AUTO_INCREMENT,
  `idcustomer` int(11) NOT NULL,
  `date` date NOT NULL,
  `value` int(11) NOT NULL,
  `note` varchar(50) COLLATE utf8_unicode_ci DEFAULT NULL,
  PRIMARY KEY (`id`),
  KEY `tbl_customer_collect_1` (`idcustomer`)
) ENGINE=InnoDB DEFAULT CHARSET=utf8 COLLATE=utf8_unicode_ci AUTO_INCREMENT=1 ;

--
-- Contenu de la table `tbl_collect_customer`
--


-- --------------------------------------------------------

--
-- Structure de la table `tbl_collect_general`
--

CREATE TABLE IF NOT EXISTS `tbl_collect_general` (
  `id` int(11) NOT NULL AUTO_INCREMENT,
  `id_term` int(11) NOT NULL,
  `date` date NOT NULL,
  `value` int(11) NOT NULL,
  `note` varchar(50) COLLATE utf8_unicode_ci DEFAULT NULL,
  PRIMARY KEY (`id`),
  KEY `tbl_collect_1` (`id_term`)
) ENGINE=InnoDB  DEFAULT CHARSET=utf8 COLLATE=utf8_unicode_ci AUTO_INCREMENT=2 ;

--
-- Contenu de la table `tbl_collect_general`
--

INSERT INTO `tbl_collect_general` (`id`, `id_term`, `date`, `value`, `note`) VALUES
(1, 2, '2013-10-01', 11, 'a1');

-- --------------------------------------------------------

--
-- Structure de la table `tbl_config`
--

CREATE TABLE IF NOT EXISTS `tbl_config` (
  `id` int(11) NOT NULL AUTO_INCREMENT,
  `param` varchar(125) COLLATE utf8_unicode_ci NOT NULL,
  `value` varchar(256) COLLATE utf8_unicode_ci NOT NULL,
  PRIMARY KEY (`id`)
) ENGINE=InnoDB  DEFAULT CHARSET=utf8 COLLATE=utf8_unicode_ci AUTO_INCREMENT=9 ;

--
-- Contenu de la table `tbl_config`
--

INSERT INTO `tbl_config` (`id`, `param`, `value`) VALUES
(5, 'GUEST_VISIT', '13'),
(6, 'ROW_PER_PAGE', '12'),
(7, 'THEME', 'grey'),
(8, 'EVERY_5_MINUTES', '2000');

-- --------------------------------------------------------

--
-- Structure de la table `tbl_course`
--

CREATE TABLE IF NOT EXISTS `tbl_course` (
  `id` int(11) NOT NULL AUTO_INCREMENT,
  `idcategory` int(25) DEFAULT NULL,
  `name` varchar(200) COLLATE utf8_unicode_ci NOT NULL,
  `shortname` varchar(200) COLLATE utf8_unicode_ci DEFAULT NULL,
  `unit` varchar(200) COLLATE utf8_unicode_ci DEFAULT NULL,
  `price1` bigint(20) NOT NULL,
  `price2` bigint(20) NOT NULL,
  `price3` bigint(20) NOT NULL,
  `price4` bigint(20) NOT NULL,
  `picture` varchar(50) COLLATE utf8_unicode_ci DEFAULT NULL,
  PRIMARY KEY (`id`),
  KEY `foreign_field` (`idcategory`)
) ENGINE=InnoDB DEFAULT CHARSET=utf8 COLLATE=utf8_unicode_ci AUTO_INCREMENT=1 ;

--
-- Contenu de la table `tbl_course`
--


-- --------------------------------------------------------

--
-- Structure de la table `tbl_customer`
--

CREATE TABLE IF NOT EXISTS `tbl_customer` (
  `id` int(9) NOT NULL AUTO_INCREMENT,
  `name` varchar(100) COLLATE utf8_unicode_ci NOT NULL,
  `type` int(11) NOT NULL,
  `card` varchar(15) COLLATE utf8_unicode_ci NOT NULL,
  `phone` varchar(15) COLLATE utf8_unicode_ci NOT NULL,
  `address` varchar(200) COLLATE utf8_unicode_ci NOT NULL,
  `note` varchar(100) COLLATE utf8_unicode_ci NOT NULL,
  `discount` int(11) NOT NULL,
  PRIMARY KEY (`id`)
) ENGINE=InnoDB  DEFAULT CHARSET=utf8 COLLATE=utf8_unicode_ci AUTO_INCREMENT=7 ;

--
-- Contenu de la table `tbl_customer`
--

INSERT INTO `tbl_customer` (`id`, `name`, `type`, `card`, `phone`, `address`, `note`, `discount`) VALUES
(1, 'Khách Hàng Vãng Lai', 0, '34524', '87875678', '', '', 0),
(2, 'Lê Hồng B1', 2, '3', '1', '5', '4', 6),
(3, 'Nguyễn Quang A', 0, '', '', '', '', 10),
(4, 'Phan Thanh M', 0, '', '', '', '', 10),
(5, 'Phạm Minh Tuấn V', 0, '', '', 'Vĩnh Long', '', 0),
(6, 'Lê Nguyễn Đông D', 1, '', '', '', '', 0);

-- --------------------------------------------------------

--
-- Structure de la table `tbl_domain`
--

CREATE TABLE IF NOT EXISTS `tbl_domain` (
  `id` int(11) NOT NULL AUTO_INCREMENT,
  `name` varchar(200) COLLATE utf8_unicode_ci NOT NULL,
  PRIMARY KEY (`id`)
) ENGINE=InnoDB  DEFAULT CHARSET=utf8 COLLATE=utf8_unicode_ci AUTO_INCREMENT=4 ;

--
-- Contenu de la table `tbl_domain`
--

INSERT INTO `tbl_domain` (`id`, `name`) VALUES
(1, 'KHU A'),
(2, 'KHU B'),
(3, 'KHU C');

-- --------------------------------------------------------

--
-- Structure de la table `tbl_employee`
--

CREATE TABLE IF NOT EXISTS `tbl_employee` (
  `id` int(11) NOT NULL AUTO_INCREMENT,
  `name` varchar(25) COLLATE utf8_unicode_ci NOT NULL,
  `job` varchar(50) COLLATE utf8_unicode_ci NOT NULL,
  `gender` tinyint(2) NOT NULL,
  `phone` varchar(13) COLLATE utf8_unicode_ci NOT NULL,
  `address` varchar(50) COLLATE utf8_unicode_ci NOT NULL,
  PRIMARY KEY (`id`)
) ENGINE=InnoDB  DEFAULT CHARSET=utf8 COLLATE=utf8_unicode_ci AUTO_INCREMENT=4 ;

--
-- Contenu de la table `tbl_employee`
--

INSERT INTO `tbl_employee` (`id`, `name`, `job`, `gender`, `phone`, `address`) VALUES
(1, 'Lý Văn Thạnh', '', 0, '0989 111 2221', 'TP HCM'),
(2, 'Bùi Thanh Tuấn', '', 0, '0996 333 444', 'Đồng Tháp'),
(3, 'Nguyễn Thanh Bảo', '', 0, '', 'Vĩnh Long');

-- --------------------------------------------------------

--
-- Structure de la table `tbl_guest`
--

CREATE TABLE IF NOT EXISTS `tbl_guest` (
  `id` int(11) NOT NULL AUTO_INCREMENT,
  `ip` varchar(16) CHARACTER SET latin1 NOT NULL,
  `entry_time` varchar(32) CHARACTER SET latin1 NOT NULL,
  `exit_time` varchar(32) CHARACTER SET latin1 NOT NULL,
  `agent` varchar(16) CHARACTER SET latin1 NOT NULL,
  PRIMARY KEY (`id`)
) ENGINE=InnoDB  DEFAULT CHARSET=utf8 AUTO_INCREMENT=3 ;

--
-- Contenu de la table `tbl_guest`
--

INSERT INTO `tbl_guest` (`id`, `ip`, `entry_time`, `exit_time`, `agent`) VALUES
(2, '192.168.1.3', '1382425867', '1382429467', '192.168.1.3');

-- --------------------------------------------------------

--
-- Structure de la table `tbl_order_export`
--

CREATE TABLE IF NOT EXISTS `tbl_order_export` (
  `id` int(11) NOT NULL AUTO_INCREMENT,
  `iduser` int(11) NOT NULL,
  `date` datetime NOT NULL,
  `description` varchar(250) CHARACTER SET utf8 COLLATE utf8_unicode_ci NOT NULL,
  `state` int(11) NOT NULL,
  PRIMARY KEY (`id`)
) ENGINE=InnoDB  DEFAULT CHARSET=latin1 AUTO_INCREMENT=12 ;

--
-- Contenu de la table `tbl_order_export`
--

INSERT INTO `tbl_order_export` (`id`, `iduser`, `date`, `description`, `state`) VALUES
(1, 1, '2013-08-17 00:05:31', 'Hàng bán lẻ', 1),
(2, 1, '2013-08-19 13:23:27', 'Hàng bán lẻ', 1),
(3, 1, '2013-08-20 17:00:29', 'Hàng bán lẻ', 1),
(4, 2, '2013-08-25 17:35:05', 'Hàng bán lẻ', 1),
(5, 2, '2013-08-25 17:36:35', 'Hàng bán lẻ', 1),
(6, 1, '2013-08-25 17:50:58', 'Hàng bán lẻ', 1),
(7, 1, '2013-08-26 14:20:05', 'Hàng bán lẻ', 1),
(8, 1, '2013-08-26 21:41:10', 'Hàng bán lẻ', 1),
(9, 1, '2013-10-27 01:47:32', 'Hàng bán lẻ', 1),
(11, 1, '2013-10-27 02:06:00', 'Hàng bán lẻ', 0);

-- --------------------------------------------------------

--
-- Structure de la table `tbl_order_export_detail`
--

CREATE TABLE IF NOT EXISTS `tbl_order_export_detail` (
  `id` int(11) NOT NULL AUTO_INCREMENT,
  `idorder` int(11) NOT NULL,
  `idresource` int(11) NOT NULL,
  `count` int(11) NOT NULL,
  `price` int(11) NOT NULL,
  PRIMARY KEY (`id`)
) ENGINE=InnoDB  DEFAULT CHARSET=latin1 AUTO_INCREMENT=39 ;

--
-- Contenu de la table `tbl_order_export_detail`
--

INSERT INTO `tbl_order_export_detail` (`id`, `idorder`, `idresource`, `count`, `price`) VALUES
(1, 1, 6, 2, 50000),
(9, 2, 6, 1, 48000),
(10, 2, 4, 1, 35000),
(11, 3, 214, 3, 30000),
(12, 3, 198, 1, 45000),
(13, 3, 210, 3, 25000),
(14, 3, 196, 1, 32000),
(15, 4, 198, 2, 45000),
(16, 4, 210, 3, 25000),
(17, 4, 204, 1, 30000),
(18, 5, 199, 2, 45000),
(19, 5, 198, 1, 45000),
(20, 5, 196, 1, 32000),
(21, 5, 200, 1, 45000),
(22, 5, 214, 5, 30000),
(23, 6, 196, 2, 32000),
(24, 6, 206, 2, 28000),
(26, 7, 276, 2, 63000),
(30, 8, 1044, 1, 7000),
(31, 9, 1, 1, 42000),
(32, 9, 2, 2, 40000),
(33, 10, 2, 1, 40000),
(34, 11, 276, 2, 63000),
(35, 11, 277, 1, 70000),
(36, 11, 278, 1, 70000),
(37, 11, 279, 1, 78000),
(38, 11, 280, 1, 63000);

-- --------------------------------------------------------

--
-- Structure de la table `tbl_order_import`
--

CREATE TABLE IF NOT EXISTS `tbl_order_import` (
  `id` int(11) NOT NULL AUTO_INCREMENT,
  `idsupplier` int(11) NOT NULL,
  `date` date NOT NULL,
  `description` varchar(50) CHARACTER SET utf8 NOT NULL,
  PRIMARY KEY (`id`),
  KEY `tbl_order_import_1` (`idsupplier`)
) ENGINE=InnoDB  DEFAULT CHARSET=utf8 COLLATE=utf8_unicode_ci AUTO_INCREMENT=5 ;

--
-- Contenu de la table `tbl_order_import`
--

INSERT INTO `tbl_order_import` (`id`, `idsupplier`, `date`, `description`) VALUES
(1, 3, '2013-08-19', ''),
(2, 1, '2013-08-01', ''),
(3, 1, '2013-10-23', 'A1'),
(4, 1, '2013-10-27', '');

-- --------------------------------------------------------

--
-- Structure de la table `tbl_order_import_detail`
--

CREATE TABLE IF NOT EXISTS `tbl_order_import_detail` (
  `id` int(11) NOT NULL AUTO_INCREMENT,
  `idorder` int(11) NOT NULL,
  `idresource` int(11) NOT NULL,
  `count` float NOT NULL,
  `price` int(11) NOT NULL,
  PRIMARY KEY (`id`),
  KEY `tbl_order_import_detail_1` (`idorder`),
  KEY `tbl_order_import_detail_2` (`idresource`)
) ENGINE=InnoDB  DEFAULT CHARSET=utf8 COLLATE=utf8_unicode_ci AUTO_INCREMENT=2 ;

--
-- Contenu de la table `tbl_order_import_detail`
--

INSERT INTO `tbl_order_import_detail` (`id`, `idorder`, `idresource`, `count`, `price`) VALUES
(1, 3, 1, 20, 20000);

-- --------------------------------------------------------

--
-- Structure de la table `tbl_paid_customer`
--

CREATE TABLE IF NOT EXISTS `tbl_paid_customer` (
  `id` int(11) NOT NULL AUTO_INCREMENT,
  `idcustomer` int(11) NOT NULL,
  `date` date NOT NULL,
  `value` int(11) NOT NULL,
  `note` varchar(50) COLLATE utf8_unicode_ci DEFAULT NULL,
  PRIMARY KEY (`id`),
  KEY `tbl_customer_paid_1` (`idcustomer`)
) ENGINE=InnoDB DEFAULT CHARSET=utf8 COLLATE=utf8_unicode_ci AUTO_INCREMENT=1 ;

--
-- Contenu de la table `tbl_paid_customer`
--


-- --------------------------------------------------------

--
-- Structure de la table `tbl_paid_general`
--

CREATE TABLE IF NOT EXISTS `tbl_paid_general` (
  `id` int(11) NOT NULL AUTO_INCREMENT,
  `id_term` int(11) NOT NULL,
  `date` date NOT NULL,
  `value` int(11) NOT NULL,
  `note` varchar(50) COLLATE utf8_unicode_ci DEFAULT NULL,
  PRIMARY KEY (`id`),
  KEY `tbl_paid_1` (`id_term`)
) ENGINE=InnoDB DEFAULT CHARSET=utf8 COLLATE=utf8_unicode_ci AUTO_INCREMENT=1 ;

--
-- Contenu de la table `tbl_paid_general`
--


-- --------------------------------------------------------

--
-- Structure de la table `tbl_paid_pay_roll`
--

CREATE TABLE IF NOT EXISTS `tbl_paid_pay_roll` (
  `id` int(11) NOT NULL AUTO_INCREMENT,
  `idemployee` int(11) NOT NULL,
  `date` date NOT NULL,
  `value_base` int(11) NOT NULL,
  `value_sub` int(11) NOT NULL,
  `value_pre` int(11) NOT NULL,
  `note` varchar(50) COLLATE utf8_unicode_ci DEFAULT NULL,
  PRIMARY KEY (`id`),
  KEY `tbl_paid_pay_roll_1` (`idemployee`)
) ENGINE=InnoDB  DEFAULT CHARSET=utf8 COLLATE=utf8_unicode_ci AUTO_INCREMENT=3 ;

--
-- Contenu de la table `tbl_paid_pay_roll`
--

INSERT INTO `tbl_paid_pay_roll` (`id`, `idemployee`, `date`, `value_base`, `value_sub`, `value_pre`, `note`) VALUES
(1, 1, '2013-04-30', 2500000, 500000, 1000000, ''),
(2, 2, '2013-05-31', 2500000, 0, 3000000, '');

-- --------------------------------------------------------

--
-- Structure de la table `tbl_paid_supplier`
--

CREATE TABLE IF NOT EXISTS `tbl_paid_supplier` (
  `id` int(11) NOT NULL AUTO_INCREMENT,
  `idsupplier` int(11) NOT NULL,
  `date` date NOT NULL,
  `value` int(11) NOT NULL,
  `note` varchar(50) COLLATE utf8_unicode_ci DEFAULT NULL,
  PRIMARY KEY (`id`),
  KEY `tbl_supplier_paid_1` (`idsupplier`)
) ENGINE=InnoDB  DEFAULT CHARSET=utf8 COLLATE=utf8_unicode_ci AUTO_INCREMENT=8 ;

--
-- Contenu de la table `tbl_paid_supplier`
--

INSERT INTO `tbl_paid_supplier` (`id`, `idsupplier`, `date`, `value`, `note`) VALUES
(1, 1, '2012-08-01', 2300000, 'được không ?'),
(2, 1, '2012-07-03', 350000, 'Ghi chú gì đây'),
(3, 1, '2012-07-26', 750000, 'Ghi ghi gì gì đó'),
(4, 6, '2012-09-19', 1000000, 'Thử nè được không đó !'),
(5, 1, '2012-09-19', 1000000, 'lung tung quá đi'),
(6, 1, '2012-01-01', 123, 'sdfdsfggf'),
(7, 1, '2012-09-24', 2132300, '');

-- --------------------------------------------------------

--
-- Structure de la table `tbl_pay_roll`
--

CREATE TABLE IF NOT EXISTS `tbl_pay_roll` (
  `id` int(11) NOT NULL AUTO_INCREMENT,
  `idemployee` int(11) NOT NULL,
  `date` date NOT NULL,
  `state` int(11) NOT NULL,
  `extra` int(11) NOT NULL,
  `late` int(11) NOT NULL,
  PRIMARY KEY (`id`),
  KEY `cafecoirieng_pay_roll_1` (`idemployee`)
) ENGINE=InnoDB  DEFAULT CHARSET=utf8 COLLATE=utf8_unicode_ci AUTO_INCREMENT=25 ;

--
-- Contenu de la table `tbl_pay_roll`
--

INSERT INTO `tbl_pay_roll` (`id`, `idemployee`, `date`, `state`, `extra`, `late`) VALUES
(1, 1, '2013-08-08', 1, 1, 5),
(2, 1, '2013-08-11', 1, 0, 0),
(3, 1, '2013-08-10', 1, 0, 0),
(4, 1, '2013-08-09', 1, 0, 0),
(5, 1, '2013-08-12', 1, 0, 0),
(6, 1, '2013-08-13', 1, 0, 0),
(7, 1, '2013-08-14', 1, 0, 0),
(8, 1, '2013-08-15', 1, 0, 0),
(9, 1, '2013-08-16', 1, 0, 0),
(10, 1, '2013-08-17', 1, 0, 0),
(11, 1, '2013-08-18', 1, 0, 0),
(12, 1, '2013-08-19', 1, 0, 0),
(13, 1, '2013-08-20', 1, 0, 0),
(14, 1, '2013-08-21', 1, 0, 0),
(15, 1, '2013-08-22', 1, 0, 0),
(16, 1, '2013-08-23', 1, 0, 0),
(17, 1, '2013-08-24', 1, 0, 0),
(18, 1, '2013-08-25', 1, 0, 0),
(19, 1, '2013-08-26', 1, 0, 0),
(20, 1, '2013-08-27', 1, 0, 0),
(21, 1, '2013-08-28', 1, 0, 0),
(22, 1, '2013-08-29', 1, 0, 0),
(23, 1, '2013-08-30', 1, 0, 0),
(24, 1, '2013-08-31', 1, 0, 0);

-- --------------------------------------------------------

--
-- Structure de la table `tbl_r2t`
--

CREATE TABLE IF NOT EXISTS `tbl_r2t` (
  `id` int(11) NOT NULL AUTO_INCREMENT,
  `id_resource` int(11) NOT NULL,
  `id_tag` int(11) NOT NULL,
  PRIMARY KEY (`id`),
  KEY `tbl_r2t_1` (`id_resource`),
  KEY `tbl_r2t_2` (`id_tag`)
) ENGINE=InnoDB  DEFAULT CHARSET=utf8 COLLATE=utf8_unicode_ci AUTO_INCREMENT=1232 ;

--
-- Contenu de la table `tbl_r2t`
--

INSERT INTO `tbl_r2t` (`id`, `id_resource`, `id_tag`) VALUES
(3, 1, 15),
(4, 2, 15),
(5, 3, 15),
(6, 4, 15),
(7, 5, 15),
(8, 6, 15),
(9, 7, 15),
(10, 8, 15),
(11, 9, 15),
(12, 10, 15),
(13, 11, 15),
(14, 12, 15),
(15, 13, 15),
(16, 14, 15),
(17, 15, 15),
(18, 16, 15),
(19, 17, 15),
(20, 18, 15),
(21, 19, 15),
(22, 20, 15),
(23, 21, 15),
(24, 22, 15),
(25, 23, 15),
(26, 24, 15),
(27, 25, 15),
(28, 26, 15),
(29, 27, 15),
(30, 28, 15),
(31, 29, 15),
(32, 30, 15),
(33, 31, 15),
(34, 32, 16),
(35, 33, 16),
(36, 34, 16),
(37, 35, 16),
(38, 36, 16),
(39, 37, 16),
(40, 38, 16),
(41, 39, 16),
(42, 40, 16),
(43, 41, 16),
(44, 42, 16),
(45, 43, 16),
(46, 44, 16),
(47, 45, 16),
(48, 46, 16),
(49, 47, 16),
(50, 48, 16),
(51, 49, 16),
(52, 50, 16),
(53, 51, 16),
(54, 52, 16),
(55, 53, 16),
(56, 54, 16),
(57, 55, 16),
(58, 56, 16),
(59, 57, 16),
(60, 58, 16),
(61, 59, 16),
(62, 60, 16),
(63, 61, 16),
(64, 62, 16),
(65, 63, 16),
(66, 64, 16),
(67, 65, 16),
(68, 66, 16),
(69, 67, 17),
(70, 68, 17),
(71, 69, 17),
(72, 70, 17),
(73, 71, 17),
(74, 72, 17),
(75, 73, 17),
(76, 74, 17),
(77, 75, 17),
(78, 76, 17),
(79, 77, 17),
(80, 78, 17),
(81, 79, 17),
(82, 80, 17),
(83, 81, 17),
(84, 82, 17),
(85, 83, 17),
(86, 84, 17),
(87, 85, 17),
(88, 86, 17),
(89, 87, 17),
(90, 88, 17),
(91, 89, 17),
(92, 90, 17),
(93, 91, 17),
(94, 92, 17),
(95, 93, 17),
(96, 94, 17),
(97, 95, 17),
(98, 96, 17),
(99, 97, 17),
(100, 98, 17),
(101, 99, 17),
(102, 100, 17),
(103, 101, 17),
(104, 102, 17),
(105, 103, 17),
(106, 104, 17),
(107, 105, 18),
(108, 106, 18),
(109, 107, 18),
(110, 108, 18),
(111, 109, 18),
(112, 110, 18),
(113, 111, 18),
(114, 112, 18),
(115, 113, 18),
(116, 114, 18),
(117, 115, 18),
(118, 116, 18),
(119, 117, 18),
(120, 118, 18),
(121, 119, 18),
(122, 120, 18),
(123, 121, 18),
(124, 122, 18),
(125, 123, 18),
(126, 124, 18),
(127, 125, 18),
(128, 126, 18),
(129, 127, 18),
(130, 128, 18),
(131, 129, 18),
(132, 130, 18),
(133, 131, 18),
(134, 132, 18),
(135, 133, 18),
(136, 134, 18),
(137, 135, 18),
(138, 136, 18),
(139, 137, 18),
(140, 138, 18),
(141, 139, 18),
(142, 140, 18),
(143, 141, 18),
(144, 142, 18),
(145, 143, 18),
(146, 144, 18),
(147, 145, 18),
(148, 146, 18),
(149, 147, 18),
(150, 148, 18),
(151, 149, 18),
(152, 150, 18),
(153, 151, 18),
(154, 152, 18),
(155, 153, 18),
(156, 154, 18),
(157, 155, 18),
(158, 156, 18),
(159, 157, 18),
(160, 158, 18),
(161, 159, 18),
(162, 160, 18),
(163, 161, 18),
(164, 162, 18),
(165, 163, 18),
(166, 164, 18),
(167, 165, 18),
(168, 166, 18),
(169, 167, 18),
(170, 168, 18),
(171, 169, 18),
(172, 170, 18),
(173, 171, 18),
(174, 172, 18),
(175, 173, 19),
(176, 174, 19),
(177, 175, 19),
(178, 176, 19),
(179, 177, 19),
(180, 178, 19),
(181, 179, 19),
(182, 180, 19),
(183, 181, 19),
(184, 182, 19),
(185, 183, 19),
(186, 184, 19),
(187, 185, 19),
(188, 186, 19),
(189, 187, 19),
(190, 188, 19),
(191, 189, 19),
(192, 190, 19),
(193, 191, 19),
(194, 192, 19),
(195, 193, 19),
(196, 194, 19),
(197, 195, 19),
(198, 196, 19),
(199, 197, 19),
(200, 198, 19),
(201, 199, 19),
(202, 200, 19),
(203, 201, 19),
(204, 202, 19),
(205, 203, 19),
(206, 204, 19),
(207, 205, 19),
(208, 206, 19),
(209, 207, 19),
(210, 208, 19),
(211, 209, 19),
(212, 210, 19),
(213, 211, 19),
(214, 212, 19),
(215, 213, 19),
(216, 214, 19),
(217, 215, 19),
(218, 216, 19),
(219, 217, 19),
(220, 218, 19),
(221, 219, 19),
(222, 220, 19),
(223, 221, 19),
(224, 222, 19),
(225, 223, 19),
(226, 224, 19),
(227, 225, 19),
(228, 226, 19),
(229, 227, 20),
(230, 228, 20),
(231, 229, 20),
(232, 230, 20),
(233, 231, 20),
(234, 232, 20),
(235, 233, 20),
(236, 234, 20),
(237, 235, 20),
(238, 236, 20),
(239, 237, 20),
(240, 238, 20),
(241, 239, 20),
(242, 240, 20),
(243, 241, 20),
(244, 242, 20),
(245, 243, 20),
(246, 244, 20),
(247, 245, 20),
(248, 246, 20),
(249, 247, 20),
(250, 248, 20),
(251, 249, 20),
(252, 250, 20),
(253, 251, 20),
(254, 252, 20),
(255, 253, 20),
(256, 254, 20),
(257, 255, 20),
(258, 256, 20),
(259, 257, 20),
(260, 258, 20),
(261, 259, 20),
(262, 260, 20),
(263, 261, 20),
(264, 262, 20),
(265, 263, 20),
(266, 264, 20),
(267, 265, 20),
(268, 266, 20),
(269, 267, 20),
(270, 268, 20),
(271, 269, 20),
(272, 270, 20),
(273, 271, 20),
(274, 272, 20),
(275, 273, 20),
(276, 274, 20),
(277, 275, 20),
(278, 276, 21),
(279, 277, 21),
(280, 278, 21),
(281, 279, 21),
(282, 280, 21),
(283, 281, 22),
(284, 282, 22),
(285, 283, 22),
(286, 284, 22),
(287, 285, 22),
(288, 286, 22),
(289, 287, 23),
(290, 288, 23),
(291, 289, 23),
(292, 290, 23),
(293, 291, 23),
(294, 292, 23),
(295, 293, 24),
(296, 294, 24),
(297, 295, 24),
(298, 296, 24),
(299, 297, 24),
(300, 298, 24),
(301, 299, 24),
(302, 300, 24),
(303, 301, 25),
(304, 302, 25),
(305, 303, 25),
(306, 304, 25),
(307, 305, 25),
(308, 306, 25),
(309, 307, 25),
(310, 308, 25),
(311, 309, 25),
(312, 310, 25),
(313, 311, 25),
(314, 312, 25),
(315, 313, 25),
(316, 314, 25),
(317, 315, 26),
(318, 316, 26),
(319, 317, 26),
(320, 318, 26),
(321, 319, 26),
(322, 320, 26),
(323, 321, 26),
(324, 322, 26),
(325, 323, 26),
(326, 324, 26),
(327, 325, 26),
(328, 326, 26),
(329, 327, 26),
(330, 328, 26),
(331, 329, 26),
(332, 330, 26),
(333, 331, 26),
(334, 332, 26),
(335, 333, 26),
(336, 334, 26),
(337, 335, 26),
(338, 336, 26),
(339, 337, 26),
(340, 338, 26),
(341, 339, 26),
(342, 340, 26),
(343, 341, 26),
(344, 342, 26),
(345, 343, 26),
(346, 344, 26),
(347, 345, 26),
(348, 346, 26),
(349, 347, 26),
(350, 348, 26),
(351, 349, 26),
(352, 350, 26),
(353, 351, 27),
(354, 352, 27),
(355, 353, 27),
(356, 354, 27),
(357, 355, 27),
(358, 356, 27),
(359, 357, 27),
(360, 358, 27),
(361, 359, 27),
(362, 360, 27),
(363, 361, 27),
(364, 362, 27),
(365, 363, 27),
(366, 364, 27),
(367, 365, 27),
(368, 366, 27),
(369, 367, 27),
(370, 368, 27),
(371, 369, 27),
(372, 370, 27),
(373, 371, 27),
(374, 372, 27),
(375, 373, 27),
(376, 374, 27),
(377, 375, 27),
(378, 376, 27),
(379, 377, 27),
(380, 378, 27),
(381, 379, 27),
(382, 380, 27),
(383, 381, 27),
(384, 382, 27),
(385, 383, 27),
(386, 384, 27),
(387, 385, 27),
(388, 386, 27),
(389, 387, 27),
(390, 388, 27),
(391, 389, 27),
(392, 390, 27),
(393, 391, 27),
(394, 392, 27),
(395, 393, 27),
(396, 394, 27),
(397, 395, 28),
(398, 396, 28),
(399, 397, 28),
(400, 398, 28),
(401, 399, 28),
(402, 400, 28),
(403, 401, 28),
(404, 402, 28),
(405, 403, 28),
(406, 404, 28),
(407, 405, 28),
(408, 406, 28),
(409, 407, 28),
(410, 408, 28),
(411, 409, 28),
(412, 410, 28),
(413, 411, 28),
(414, 412, 28),
(415, 413, 28),
(416, 414, 28),
(417, 415, 28),
(418, 416, 28),
(419, 417, 28),
(420, 418, 28),
(421, 419, 28),
(422, 420, 28),
(423, 421, 28),
(424, 422, 28),
(425, 423, 28),
(426, 424, 28),
(427, 425, 28),
(428, 426, 28),
(429, 427, 28),
(430, 428, 28),
(431, 429, 28),
(432, 430, 28),
(433, 431, 28),
(434, 432, 28),
(435, 433, 28),
(436, 434, 28),
(437, 435, 28),
(438, 436, 28),
(439, 437, 28),
(440, 438, 28),
(441, 439, 28),
(442, 440, 28),
(443, 441, 28),
(444, 442, 28),
(445, 443, 28),
(446, 444, 29),
(447, 445, 29),
(448, 446, 29),
(449, 447, 29),
(450, 448, 29),
(451, 449, 29),
(452, 450, 29),
(453, 451, 29),
(454, 452, 29),
(455, 453, 29),
(456, 454, 29),
(457, 455, 29),
(458, 456, 29),
(459, 457, 29),
(460, 458, 29),
(461, 459, 29),
(462, 460, 29),
(463, 461, 29),
(464, 462, 29),
(465, 463, 29),
(466, 464, 29),
(467, 465, 29),
(468, 466, 29),
(469, 467, 29),
(470, 468, 29),
(471, 469, 29),
(472, 470, 29),
(473, 471, 29),
(474, 472, 29),
(475, 473, 30),
(476, 474, 30),
(477, 475, 30),
(478, 476, 30),
(479, 477, 30),
(480, 478, 30),
(481, 479, 30),
(482, 480, 30),
(483, 481, 30),
(484, 482, 30),
(485, 483, 30),
(486, 484, 30),
(487, 485, 30),
(488, 486, 30),
(489, 487, 30),
(490, 488, 30),
(491, 489, 30),
(492, 490, 30),
(493, 491, 30),
(494, 492, 30),
(495, 493, 30),
(496, 494, 30),
(497, 495, 30),
(498, 496, 30),
(499, 497, 30),
(500, 498, 30),
(501, 499, 30),
(502, 500, 30),
(503, 501, 30),
(504, 502, 30),
(505, 503, 30),
(506, 504, 30),
(507, 505, 30),
(508, 506, 30),
(509, 507, 30),
(510, 508, 31),
(511, 509, 31),
(512, 510, 31),
(513, 511, 31),
(514, 512, 31),
(515, 513, 31),
(516, 514, 31),
(517, 515, 31),
(518, 516, 31),
(519, 517, 31),
(520, 518, 31),
(521, 519, 31),
(522, 520, 31),
(523, 521, 31),
(524, 522, 31),
(525, 523, 31),
(526, 524, 31),
(527, 525, 31),
(528, 526, 31),
(529, 527, 31),
(530, 528, 31),
(531, 529, 31),
(532, 530, 31),
(533, 531, 31),
(534, 532, 32),
(535, 533, 32),
(536, 534, 32),
(537, 535, 32),
(538, 536, 32),
(539, 537, 32),
(540, 538, 32),
(541, 539, 32),
(542, 540, 32),
(543, 541, 32),
(544, 542, 32),
(545, 543, 32),
(546, 544, 32),
(547, 545, 32),
(548, 546, 32),
(549, 547, 32),
(550, 548, 32),
(551, 549, 32),
(552, 550, 32),
(553, 551, 32),
(554, 552, 32),
(555, 553, 32),
(556, 554, 32),
(557, 555, 32),
(558, 556, 32),
(559, 557, 32),
(560, 558, 32),
(561, 559, 32),
(562, 560, 32),
(563, 561, 32),
(564, 562, 33),
(565, 563, 33),
(566, 564, 33),
(567, 565, 33),
(568, 566, 33),
(569, 567, 33),
(570, 568, 33),
(571, 569, 33),
(572, 570, 33),
(573, 571, 33),
(574, 572, 33),
(575, 573, 33),
(576, 574, 33),
(577, 575, 33),
(578, 576, 33),
(579, 577, 33),
(580, 578, 33),
(581, 579, 33),
(582, 580, 33),
(583, 581, 33),
(584, 582, 33),
(585, 583, 33),
(586, 584, 33),
(587, 585, 33),
(588, 586, 34),
(589, 587, 34),
(590, 588, 34),
(591, 589, 34),
(592, 590, 34),
(593, 591, 34),
(594, 592, 34),
(595, 593, 34),
(596, 594, 34),
(597, 595, 34),
(598, 596, 34),
(599, 597, 34),
(600, 598, 34),
(601, 599, 34),
(602, 600, 34),
(603, 601, 34),
(604, 602, 34),
(605, 603, 34),
(606, 604, 34),
(607, 605, 34),
(608, 606, 34),
(609, 607, 34),
(610, 608, 34),
(611, 609, 34),
(612, 610, 34),
(613, 611, 34),
(614, 612, 34),
(615, 613, 34),
(616, 614, 34),
(617, 615, 34),
(618, 616, 34),
(619, 617, 34),
(620, 618, 34),
(621, 619, 34),
(622, 620, 34),
(623, 621, 34),
(624, 622, 34),
(625, 623, 34),
(626, 624, 34),
(627, 625, 34),
(628, 626, 34),
(629, 627, 34),
(630, 628, 34),
(631, 629, 34),
(632, 630, 34),
(633, 631, 35),
(634, 632, 35),
(635, 633, 35),
(636, 634, 35),
(637, 635, 35),
(638, 636, 35),
(639, 637, 35),
(640, 638, 35),
(641, 639, 35),
(642, 640, 35),
(643, 641, 35),
(644, 642, 35),
(645, 643, 35),
(646, 644, 35),
(647, 645, 35),
(648, 646, 35),
(649, 647, 35),
(650, 648, 35),
(651, 649, 35),
(652, 650, 35),
(653, 651, 35),
(654, 652, 35),
(655, 653, 35),
(656, 654, 35),
(657, 655, 35),
(658, 656, 35),
(659, 657, 36),
(660, 658, 36),
(661, 659, 36),
(662, 660, 36),
(663, 661, 36),
(664, 662, 36),
(665, 663, 36),
(666, 664, 36),
(667, 665, 36),
(668, 666, 36),
(669, 667, 36),
(670, 668, 36),
(671, 669, 36),
(672, 670, 36),
(673, 671, 36),
(674, 672, 36),
(675, 673, 36),
(676, 674, 36),
(677, 675, 36),
(678, 676, 36),
(679, 677, 36),
(680, 678, 36),
(681, 679, 36),
(682, 680, 36),
(683, 681, 36),
(684, 682, 36),
(685, 683, 36),
(686, 684, 36),
(687, 685, 36),
(688, 686, 36),
(689, 687, 36),
(690, 688, 36),
(691, 689, 36),
(692, 690, 36),
(693, 691, 36),
(694, 692, 36),
(695, 693, 36),
(696, 694, 36),
(697, 695, 36),
(698, 696, 36),
(699, 697, 36),
(700, 698, 36),
(701, 699, 36),
(702, 700, 36),
(703, 701, 36),
(704, 702, 36),
(705, 703, 36),
(706, 704, 36),
(707, 705, 36),
(708, 706, 36),
(709, 707, 36),
(710, 708, 36),
(711, 709, 36),
(712, 710, 36),
(713, 711, 36),
(714, 712, 36),
(715, 713, 36),
(716, 714, 36),
(717, 715, 36),
(718, 716, 37),
(719, 717, 37),
(720, 718, 37),
(721, 719, 37),
(722, 720, 37),
(723, 721, 37),
(724, 722, 37),
(725, 723, 37),
(726, 724, 37),
(727, 725, 37),
(728, 726, 37),
(729, 727, 37),
(730, 728, 37),
(731, 729, 37),
(732, 730, 37),
(733, 731, 37),
(734, 732, 37),
(735, 733, 37),
(736, 734, 37),
(737, 735, 37),
(738, 736, 37),
(739, 737, 37),
(740, 738, 37),
(741, 739, 37),
(742, 740, 37),
(743, 741, 37),
(744, 742, 37),
(745, 743, 37),
(746, 744, 37),
(747, 745, 37),
(748, 746, 37),
(749, 747, 37),
(750, 748, 37),
(751, 749, 37),
(752, 750, 37),
(753, 751, 37),
(754, 752, 37),
(755, 753, 37),
(756, 754, 37),
(757, 755, 37),
(758, 756, 37),
(759, 757, 37),
(760, 758, 37),
(761, 759, 37),
(762, 760, 37),
(763, 761, 37),
(764, 762, 37),
(765, 763, 37),
(766, 764, 37),
(767, 765, 38),
(768, 766, 38),
(769, 767, 38),
(770, 768, 38),
(771, 769, 38),
(772, 770, 38),
(773, 771, 38),
(774, 772, 38),
(775, 773, 38),
(776, 774, 38),
(777, 775, 38),
(778, 776, 38),
(779, 777, 38),
(780, 778, 38),
(781, 779, 38),
(782, 780, 38),
(783, 781, 38),
(784, 782, 38),
(785, 783, 38),
(786, 784, 38),
(787, 785, 38),
(788, 786, 38),
(789, 787, 38),
(790, 788, 38),
(791, 789, 38),
(792, 790, 38),
(793, 791, 38),
(794, 792, 38),
(795, 793, 38),
(796, 794, 38),
(797, 795, 38),
(798, 796, 38),
(799, 797, 38),
(800, 798, 38),
(801, 799, 38),
(802, 800, 38),
(803, 801, 38),
(804, 802, 38),
(805, 803, 38),
(806, 804, 38),
(807, 805, 38),
(808, 806, 38),
(809, 807, 38),
(810, 808, 38),
(811, 809, 38),
(812, 810, 38),
(813, 811, 38),
(814, 812, 38),
(815, 813, 38),
(816, 814, 38),
(817, 815, 38),
(818, 816, 38),
(819, 817, 38),
(820, 818, 38),
(821, 819, 38),
(822, 820, 38),
(823, 821, 38),
(824, 822, 38),
(825, 823, 38),
(826, 824, 38),
(827, 825, 38),
(828, 826, 38),
(829, 827, 38),
(830, 828, 38),
(831, 829, 38),
(832, 830, 38),
(833, 831, 38),
(834, 832, 39),
(835, 833, 39),
(836, 834, 39),
(837, 835, 39),
(838, 836, 39),
(839, 837, 39),
(840, 838, 39),
(841, 839, 39),
(842, 840, 39),
(843, 841, 39),
(844, 842, 39),
(845, 843, 39),
(846, 844, 39),
(847, 845, 39),
(848, 846, 39),
(849, 847, 39),
(850, 848, 39),
(851, 849, 39),
(852, 850, 39),
(853, 851, 39),
(854, 852, 39),
(855, 853, 39),
(856, 854, 39),
(857, 855, 39),
(858, 856, 39),
(859, 857, 39),
(860, 858, 39),
(861, 859, 39),
(862, 860, 39),
(863, 861, 39),
(864, 862, 39),
(865, 863, 39),
(866, 864, 39),
(867, 865, 39),
(868, 866, 39),
(869, 867, 39),
(870, 868, 39),
(871, 869, 39),
(872, 870, 40),
(873, 871, 40),
(874, 872, 40),
(875, 873, 40),
(876, 874, 40),
(877, 875, 40),
(878, 876, 40),
(879, 877, 40),
(880, 878, 40),
(881, 879, 40),
(882, 880, 40),
(883, 881, 40),
(884, 882, 40),
(885, 883, 40),
(886, 884, 40),
(887, 885, 40),
(888, 886, 40),
(889, 887, 40),
(890, 888, 40),
(891, 889, 40),
(892, 890, 40),
(893, 891, 40),
(894, 892, 40),
(895, 893, 40),
(896, 894, 40),
(897, 895, 40),
(898, 896, 40),
(899, 897, 40),
(900, 898, 40),
(901, 899, 40),
(902, 900, 40),
(903, 901, 40),
(904, 902, 40),
(905, 903, 40),
(906, 904, 40),
(907, 905, 40),
(908, 906, 40),
(909, 907, 40),
(910, 908, 40),
(911, 909, 40),
(912, 910, 40),
(913, 911, 40),
(914, 912, 40),
(915, 913, 41),
(916, 914, 41),
(917, 915, 41),
(918, 916, 41),
(919, 917, 41),
(920, 918, 41),
(921, 919, 41),
(922, 920, 41),
(923, 921, 41),
(924, 922, 41),
(925, 923, 41),
(926, 924, 41),
(927, 925, 41),
(928, 926, 41),
(929, 927, 41),
(930, 928, 41),
(931, 929, 41),
(932, 930, 41),
(933, 931, 41),
(934, 932, 41),
(935, 933, 41),
(936, 934, 41),
(937, 935, 41),
(938, 936, 41),
(939, 937, 41),
(940, 938, 41),
(941, 939, 41),
(942, 940, 41),
(943, 941, 41),
(944, 942, 41),
(945, 943, 42),
(946, 944, 42),
(947, 945, 42),
(948, 946, 42),
(949, 947, 42),
(950, 948, 42),
(951, 949, 42),
(952, 950, 42),
(953, 951, 42),
(954, 952, 42),
(955, 953, 42),
(956, 954, 42),
(957, 955, 42),
(958, 956, 42),
(959, 957, 42),
(960, 958, 42),
(961, 959, 42),
(962, 960, 42),
(963, 961, 42),
(964, 962, 42),
(965, 963, 42),
(966, 964, 42),
(967, 965, 42),
(968, 966, 42),
(969, 967, 42),
(970, 968, 42),
(971, 969, 42),
(972, 970, 42),
(973, 971, 42),
(974, 972, 42),
(975, 973, 42),
(976, 974, 42),
(977, 975, 42),
(978, 976, 42),
(979, 977, 42),
(980, 978, 42),
(981, 979, 42),
(982, 980, 42),
(983, 981, 42),
(984, 982, 42),
(985, 983, 42),
(986, 984, 42),
(987, 985, 42),
(988, 986, 42),
(989, 987, 42),
(990, 988, 42),
(991, 989, 42),
(992, 990, 42),
(993, 991, 42),
(994, 992, 43),
(995, 993, 43),
(996, 994, 43),
(997, 995, 43),
(998, 996, 43),
(999, 997, 43),
(1000, 998, 43),
(1001, 999, 43),
(1002, 1000, 43),
(1003, 1001, 43),
(1004, 1002, 43),
(1005, 1003, 43),
(1006, 1004, 43),
(1007, 1005, 43),
(1008, 1006, 43),
(1009, 1007, 43),
(1010, 1008, 43),
(1011, 1009, 43),
(1012, 1010, 43),
(1013, 1011, 43),
(1014, 1012, 43),
(1015, 1013, 43),
(1016, 1014, 43),
(1017, 1015, 43),
(1018, 1016, 43),
(1019, 1017, 43),
(1020, 1018, 43),
(1021, 1019, 43),
(1022, 1020, 43),
(1023, 1021, 43),
(1024, 1022, 43),
(1025, 1023, 43),
(1026, 1024, 43),
(1027, 1025, 43),
(1028, 1026, 43),
(1029, 1027, 43),
(1030, 1028, 43),
(1031, 1029, 43),
(1032, 1030, 43),
(1033, 1031, 43),
(1034, 1032, 43),
(1035, 1033, 43),
(1036, 1034, 43),
(1037, 1035, 43),
(1038, 1036, 43),
(1039, 1037, 43),
(1040, 1038, 43),
(1041, 1039, 43),
(1042, 1040, 43),
(1043, 1041, 43),
(1044, 1042, 43),
(1045, 1043, 43),
(1046, 1044, 43),
(1047, 1045, 43),
(1048, 1046, 43),
(1049, 1047, 43),
(1050, 1048, 43),
(1051, 1049, 43),
(1052, 1050, 43),
(1053, 1051, 43),
(1054, 1052, 43),
(1055, 1053, 43),
(1056, 1054, 43),
(1057, 1055, 44),
(1058, 1056, 44),
(1059, 1057, 44),
(1060, 1058, 44),
(1061, 1059, 44),
(1062, 1060, 44),
(1063, 1061, 44),
(1064, 1062, 44),
(1065, 1063, 44),
(1066, 1064, 44),
(1067, 1065, 44),
(1068, 1066, 44),
(1069, 1067, 44),
(1070, 1068, 44),
(1071, 1069, 44),
(1072, 1070, 44),
(1073, 1071, 44),
(1074, 1072, 44),
(1075, 1073, 44),
(1076, 1074, 44),
(1077, 1075, 44),
(1078, 1076, 44),
(1079, 1077, 44),
(1080, 1078, 44),
(1081, 1079, 44),
(1082, 1080, 44),
(1083, 1081, 44),
(1084, 1082, 44),
(1085, 1083, 44),
(1086, 1084, 44),
(1087, 1085, 44),
(1088, 1086, 44),
(1089, 1087, 44),
(1090, 1088, 44),
(1091, 1089, 44),
(1092, 1090, 44),
(1093, 1091, 44),
(1094, 1092, 44),
(1095, 1093, 44),
(1096, 1094, 44),
(1097, 1095, 44),
(1098, 1096, 44),
(1099, 1097, 44),
(1100, 1098, 44),
(1101, 1099, 44),
(1102, 1100, 44),
(1103, 1101, 44),
(1104, 1102, 44),
(1105, 1103, 44),
(1106, 1104, 44),
(1107, 1105, 44),
(1108, 1106, 44),
(1109, 1107, 44),
(1110, 1108, 44),
(1111, 1109, 44),
(1112, 1110, 44),
(1113, 1111, 44),
(1114, 1112, 44),
(1115, 1113, 44),
(1116, 1114, 44),
(1117, 1115, 44),
(1118, 1116, 44),
(1119, 1117, 44),
(1120, 1118, 44),
(1121, 1119, 44),
(1122, 1120, 44),
(1123, 1121, 44),
(1124, 1122, 44),
(1125, 1123, 44),
(1126, 1124, 44),
(1127, 1125, 44),
(1128, 1126, 44),
(1129, 1127, 44),
(1130, 1128, 44),
(1131, 1129, 44),
(1132, 1130, 44),
(1133, 1131, 44),
(1134, 1132, 44),
(1135, 1133, 44),
(1136, 1134, 44),
(1137, 1135, 44),
(1138, 1136, 44),
(1139, 1137, 44),
(1140, 1138, 44),
(1141, 1139, 45),
(1142, 1140, 45),
(1143, 1141, 45),
(1144, 1142, 45),
(1145, 1143, 45),
(1146, 1144, 45),
(1147, 1145, 45),
(1148, 1146, 45),
(1149, 1147, 45),
(1150, 1148, 45),
(1151, 1149, 45),
(1152, 1150, 45),
(1153, 1151, 45),
(1154, 1152, 45),
(1155, 1153, 45),
(1156, 1154, 45),
(1157, 1155, 45),
(1158, 1156, 45),
(1159, 1157, 45),
(1160, 1158, 45),
(1161, 1159, 45),
(1162, 1160, 45),
(1163, 1161, 45),
(1164, 1162, 45),
(1165, 1163, 45),
(1166, 1164, 45),
(1167, 1165, 45),
(1168, 1166, 45),
(1169, 1167, 45),
(1170, 1168, 45),
(1171, 1169, 45),
(1172, 1170, 45),
(1173, 1171, 45),
(1174, 1172, 45),
(1175, 1173, 45),
(1176, 1174, 45),
(1177, 1175, 45),
(1178, 1176, 45),
(1179, 1177, 45),
(1180, 1178, 45),
(1181, 1179, 45),
(1182, 1180, 45),
(1183, 1181, 45),
(1184, 1182, 45),
(1185, 1183, 45),
(1186, 1184, 45),
(1187, 1185, 45),
(1188, 1186, 45),
(1189, 1187, 45),
(1190, 1188, 45),
(1191, 1189, 45),
(1192, 1190, 45),
(1193, 1191, 45),
(1194, 1192, 46),
(1195, 1193, 46),
(1196, 1194, 46),
(1197, 1195, 46),
(1198, 1196, 46),
(1199, 1197, 46),
(1200, 1198, 46),
(1201, 1199, 46),
(1202, 1200, 46),
(1203, 1201, 46),
(1204, 1202, 46),
(1205, 1203, 46),
(1206, 1204, 46),
(1207, 1205, 46),
(1208, 1206, 46),
(1209, 1207, 46),
(1210, 1208, 46),
(1211, 1209, 46),
(1212, 1210, 46),
(1213, 1211, 46),
(1214, 1212, 46),
(1215, 1213, 46),
(1216, 1214, 46),
(1217, 1215, 46),
(1218, 1216, 46),
(1219, 1217, 46),
(1220, 1218, 46),
(1221, 1219, 46),
(1222, 1220, 46),
(1223, 1221, 46),
(1224, 1222, 46),
(1225, 1223, 46),
(1226, 1224, 46),
(1227, 1225, 46),
(1228, 1226, 46),
(1229, 1227, 46),
(1230, 1228, 46),
(1231, 1229, 46);

-- --------------------------------------------------------

--
-- Structure de la table `tbl_resource`
--

CREATE TABLE IF NOT EXISTS `tbl_resource` (
  `id` int(9) NOT NULL AUTO_INCREMENT,
  `idsupplier` int(11) NOT NULL,
  `name` varchar(200) COLLATE utf8_unicode_ci NOT NULL,
  `name_short` varchar(50) COLLATE utf8_unicode_ci NOT NULL,
  `unit` varchar(150) COLLATE utf8_unicode_ci NOT NULL,
  `price_import` int(11) NOT NULL,
  `price_export` int(11) NOT NULL,
  `description` varchar(200) COLLATE utf8_unicode_ci NOT NULL,
  `barcode` varchar(15) COLLATE utf8_unicode_ci NOT NULL,
  PRIMARY KEY (`id`),
  KEY `tbl_resource_1` (`idsupplier`)
) ENGINE=InnoDB  DEFAULT CHARSET=utf8 COLLATE=utf8_unicode_ci AUTO_INCREMENT=1231 ;

--
-- Contenu de la table `tbl_resource`
--

INSERT INTO `tbl_resource` (`id`, `idsupplier`, `name`, `name_short`, `unit`, `price_import`, `price_export`, `description`, `barcode`) VALUES
(1, 1, 'Cà phê Wake Up hương chồn(18 gói x 17g)', '', 'Gói', 0, 42000, '', '123456789'),
(2, 1, 'Cà phê Wake Up Sài Gòn(24 gói x 19g)', '', 'Gói', 0, 40000, '', '123456788'),
(3, 1, 'Trung Nguyên Chế Phin 1(500g)', '', 'Bao 20Kg', 0, 80000, '', '8935024115220'),
(4, 1, 'Trung Nguyên Sáng Tạo 1(250g)', '', 'Gói', 0, 35000, '', '8935024112038'),
(5, 1, 'Trung Nguyên Sáng Tạo 2(250g)', '', 'Gói', 0, 39500, '', '8935024112052'),
(6, 1, 'Trung Nguyên Sáng Tạo 3(250g)', '', 'Gói', 0, 48000, '', '8935024112069'),
(7, 1, 'Trung Nguyên Sáng Tạo 4(250g)', '', 'Gói', 0, 55000, '', '8935024112076'),
(8, 1, 'Trung Nguyên Sáng Tạo 5(250g)', '', 'Gói', 0, 66000, '', '8935024112083'),
(9, 1, 'Trung Nguyên s(100g)', '', 'Bịch', 0, 10000, '', '8935024111154'),
(10, 1, 'Nestea(18 gói x 15g)', '', 'gói', 0, 27000, '', ''),
(11, 1, 'Nestea  3 in 1 (sữa)(20 gói x 17g)', '', 'Hộp', 0, 46000, '', '8934804020792'),
(12, 1, 'G7 hộp chữ nhật(21 gói x 16g)', '', 'Hộp', 0, 47000, '', '8935024123287'),
(13, 1, 'Cà phê Passiona(14 gói x 16g)', '', 'Hộp', 0, 40000, '', '8935024122464'),
(14, 1, 'G7 cỡ trung(18 gói x 16g)', '', 'Gói', 0, 42000, '', '8935024122310'),
(15, 1, 'G7 hộp nhỏ vuông(15 gói x 2g)', '', 'Hộp', 0, 21000, '', '8935024120187'),
(16, 1, 'G7 cà phê đen(15 gói x 16g)', '', 'Hộp', 0, 42000, '', '8935024122396'),
(17, 1, 'Cà phê sữa đá Café Việt(12 gói x 22g)', '', 'Hộp', 0, 48000, '', '8934804021430'),
(18, 1, 'Cà phê đen Café Việt(15 gói x 16g)', '', 'Hộp', 0, 46000, '', '8934804016290'),
(19, 1, 'Good Morning Café dạng bịch(24 gói x 20g)', '', 'gói', 0, 37000, '', ''),
(20, 1, 'G7 cà phê sữa dạng bịch(25 gói x 16g)', '', 'Hộp', 0, 56000, '', '8935024123348'),
(21, 1, 'Vinacafe(24 gói x 20g)', '', 'Hộp', 0, 54000, '', '8934683002599'),
(22, 1, 'Ngũ cốc dinh dưỡng Kachi', '', 'Bịch', 0, 50000, '', '8934683008317'),
(23, 1, 'Vitapro bột đậu nành hạt sen(10 gói x 35g)', '', 'Bịch', 0, 17000, '', '8936031220044'),
(24, 1, 'Virapro 5 thứ đậu(10 gói x 40g)', '', 'Bịch', 0, 18000, '', '8936031220082'),
(25, 1, 'Vitapro đậu xanh hạt sen(10 gói x 35g)', '', 'Bịch', 0, 17000, '', '8936031220013'),
(26, 1, 'Virapro sữa đậu nành cacao (400g)', '', 'Bịch', 0, 17000, '', '8936031220051'),
(27, 1, 'Nitricare ngũ cốc dinh dưỡng(500g)', '', 'gói', 0, 42000, '', ''),
(28, 1, 'G7 X2 (café đen)(12 gói x 20g)', '', 'Hộp', 0, 38000, '', '8935024122983'),
(29, 1, 'G7 X2 (café sữa) (12 gói x 25g)', '', 'Hộp', 0, 45000, '', '8935024123966'),
(30, 1, 'Ngũ cốc Quasure(400g)', '', 'gói', 0, 55000, '', ''),
(31, 1, 'Cà phê trung Nguyên S(500g)', '', 'Gói', 0, 45000, '', '8935024115169'),
(32, 1, 'Vinamilk Không đường (dạng bịch) (220ml)', '', 'Bịch', 0, 6000, '', '8934673501354'),
(33, 1, 'Vinamilk Hương dâu (dạng bịch) (220ml)', '', 'Bịch', 0, 6000, '', '8934673502351'),
(34, 1, 'Vinamilk Socôla (dạng bịch) (220ml)', '', 'Bịch', 0, 6000, '', '8934673503358'),
(35, 1, 'Vfresh (dạng bịch)(220ml)', '', 'Gói', 0, 4000, '', '8934673801355'),
(36, 1, 'Fami (dạng bịch)(220ml)', '', 'Bịch', 0, 4000, '', '8934614021644'),
(37, 1, 'Vinamilk có đường(220ml)', '', 'Bịch', 0, 6000, '', '8934673500357'),
(38, 1, 'Ovaltine (hủ)(400g)', '', 'hủ', 0, 55000, '', ''),
(39, 1, 'VinaSoy (lốc 6 hộp 200ml)', '', 'Lốc', 0, 27000, '', '8934614021651'),
(40, 1, 'Vfresh (lốc) (200ml x 4 hộp)', '', 'hộp', 0, 16000, '', ''),
(41, 1, 'Vinamilk 100% có đường (180ml x 4 hộp)', '', 'Lốc', 0, 27000, '', '8934673562348'),
(42, 1, 'Vinamilk 100% có đường (110ml x 4 hộp)', '', 'Lốc', 0, 17500, '', '8934673562324'),
(43, 1, 'Vinamilk 100% hương dâu(110ml x 4 hộp)', '', 'Lốc', 0, 17500, '', '8934673548328'),
(44, 1, 'Vinamilk 100% hương dâu(180ml)', '', 'Lốc', 0, 27000, '', '8934841322101'),
(45, 1, 'Vinamilk 100% socola (110 ml)', '', 'Lốc', 0, 16000, '', ''),
(46, 1, 'Vinamilk 100% socola(180 ml)', '', 'hộp', 0, 27000, '', ''),
(47, 1, 'Vinamilk ADM+ hương dâu ( 4 hộp 110ml)', '', 'Lốc', 0, 16000, '', '893467354832889'),
(48, 1, 'Vinamilk ADM+ hương dâu(180ml)', '', 'Lốc', 0, 26000, '', '8934673548342'),
(49, 1, 'Vinamilk ADM+  socola (110ml)', '', 'Lốc', 0, 16000, '', '8934673547321'),
(50, 1, 'Vinamilk ADM+  socola (180ml)', '', 'Lốc', 0, 26000, '', '8934673549349'),
(51, 1, 'Vinamilk ADM+  có đường (110ml)', '', 'Lốc', 0, 16000, '', '8935217400102'),
(52, 1, 'Vinamilk ADM+  có đường (180ml)', '', 'Lốc', 0, 26000, '', '8934673547345'),
(53, 1, 'TH true milk xanh có đường (180ml)', '', 'Lốc', 0, 26000, '', '8935217400119'),
(54, 1, 'TH true milk xanh đỏ (110ml)', '', 'hộp', 0, 17000, '', ''),
(55, 1, 'TH true milk xanh xanh (110ml)', '', 'Lốc', 0, 17000, '', '8935217400102'),
(56, 1, 'Dutch Lady có đường  (220ml)', '', 'Bịch', 0, 5500, '', '8934841901252'),
(57, 1, 'Ovaltine 20/4 (180ml x 4 hộp)', '', 'Lốc', 0, 26000, '', '8934841396102'),
(58, 1, 'Yomost cam 20/4 (180ml x 4 hộp)', '', 'Lốc', 0, 26000, '', '8934841900286'),
(59, 1, 'Vinamilk có đường (dạng dịch) (220ml)', '', 'hộp', 0, 6000, '', ''),
(60, 1, 'Vinamilk soldsoy (220ml)', '', 'Bịch', 0, 5000, '', '8934673819350'),
(61, 1, 'TH true milk ít đường (180ml x 4 hộp)', '', 'Lốc', 0, 27000, '', '8935217400010'),
(62, 1, 'TH true milk socola (180ml x 4 hộp)', '', 'hộp', 0, 27000, '', ''),
(63, 1, 'Sửa 100% vinamilk (180ml x 4 hộp)', '', 'Lốc', 0, 27000, '', '8934673562348'),
(64, 1, 'Ovaltine hộp giấy (285g)', '', 'Hộp', 0, 40000, '', '7612100055885'),
(65, 1, 'Ensuse nước 1 hộp (237ml)', '', 'Hộp', 0, 45000, '', '070074111520'),
(66, 1, 'Sữa tươi 100% có đường (1 lít)', '', 'Hộp', 0, 28000, '', '8934673561396'),
(67, 1, 'Fristi (80ml x 6 hộp)', '', 'Lốc', 0, 20000, '', '8934841863116'),
(68, 1, 'Sữa chua Susu  (90ml x 6 hộp)', '', 'Lốc', 0, 23000, '', '8934673433518'),
(69, 1, 'Dutch Lady có đường  (110ml x 4 hộp)', '', 'Lốc', 0, 17500, '', '8934841321159'),
(70, 1, 'Fami Vinasoy (200ml x 6 hộp)', '', 'Lốc', 0, 26000, '', '8934614015025'),
(71, 1, 'Dutch Lady có đường  (4 hộp 180ml)', '', 'Lốc', 0, 26000, '', '8934841321104'),
(72, 1, 'Dutch Lady dâu  (180ml)', '', 'Lốc', 0, 27000, '', '8934841322101'),
(73, 1, 'Vinamilk sữa chua tách béo(180ml)', '', 'lốc', 0, 27000, '', ''),
(74, 1, 'Vinamilk Gold Soy (sữa đậu nành có đường) (200ml)', '', 'Lốc', 0, 18000, '', '8934673819350'),
(75, 1, 'Milo (Lốc 4 hộp 115 ml)', '', 'Lốc', 0, 17000, '', '8934804020235'),
(76, 1, 'Milo (180 ml)', '', 'lốc', 0, 26000, '', ''),
(77, 1, 'Sữa chua lên men tự nhiên (180ml)', '', 'lốc', 0, 24000, '', ''),
(78, 1, 'Vfresh hộp  ( nho )  (1 lít)', '', 'Hộp', 0, 48000, '', '8934673255806'),
(79, 1, 'Vinamilk 100% sữa tươi (1 lít)', '', 'Bao 20Kg', 0, 28000, '', '8934673561396'),
(80, 1, 'Dutch Lady không đường (1 lít)', '', 'hộp', 0, 27000, '', ''),
(81, 1, 'Dutch Lady sữa đặc (380g)', '', 'hộp', 0, 23500, '', ''),
(82, 1, 'Ông thọ (vinamilk) (380g)', '', 'Hộp', 0, 20000, '', '8934673311502'),
(83, 1, 'Ngôi sao phương nam (380g)', '', 'Hộp', 0, 16000, '', '8934673314503'),
(84, 1, 'Ông thọ nhỏ (40g)', '', 'Hộp', 0, 4000, '', '8934673302814'),
(85, 1, 'Café việt gói nhỏ đen (16g)', '', 'Gói', 0, 3000, '', '8935024120330'),
(86, 1, 'Café việt sữa đá (22g)', '', 'gói', 0, 4000, '', ''),
(87, 1, 'Nestea trà chanh(22g)', '', 'gói', 0, 1000, '', ''),
(88, 1, 'Wakeup (19g)', '', 'gói', 0, 2000, '', ''),
(89, 1, 'Ngũ cốc dinh dưỡng (25g)', '', 'gói', 0, 2500, '', ''),
(90, 1, 'Vinacafe (20g)', '', 'gói', 0, 2500, '', ''),
(91, 1, 'Netcafe (17g)', '', 'gói', 0, 2500, '', ''),
(92, 1, 'Milo (15g)', '', 'Gói', 0, 2000, '', '8934804022178'),
(93, 1, 'Trường sinh sữa đặc (380g)', '', 'Hộp', 0, 16500, '', '8934841101140'),
(94, 1, 'Gold Soy (200ml)', '', 'Hộp', 0, 18000, '', '8934673822350'),
(95, 1, 'Café Việt nước (60ml)', '', 'Bao 20Kg', 0, 6000, '', '8934804022901'),
(96, 1, 'Dutch Lady vị dâu (110ml x 4 hộp)', '', 'Lốc', 0, 17500, '', '8934841322156'),
(97, 1, 'Dutch Lady socola (110ml x 4 hộp)', '', 'hộp', 0, 17000, '', ''),
(98, 1, 'Dutch Lady socola (180ml x 4 hộp)', '', 'hộp', 0, 26000, '', ''),
(99, 1, 'G7 cà phê đen(17g)', '', 'hộp', 0, 4000, '', ''),
(100, 1, 'Vfresh không đường (1 lít)', '', 'hộp', 0, 20000, '', ''),
(101, 1, 'Vfresh nho (1 lít)', '', 'Bao 20Kg', 0, 48000, '', '8934673255806'),
(102, 1, 'Cà phê Việt nước(60ml)', '', 'hộp', 0, 47000, '', ''),
(103, 1, 'TH true milk không đường (180ml)', '', 'hộp', 0, 27000, '', ''),
(104, 1, 'TH true milk (1 lít)', '', 'Hộp', 0, 30000, '', '8935217400126'),
(105, 1, 'X2 (330ml)', '', 'chai', 0, 7000, '', ''),
(106, 1, 'Red graden (330ml)', '', 'chai', 0, 5500, '', ''),
(107, 1, 'C2 (360ml)', '', 'Chai', 0, 5500, '', '8934564600128'),
(108, 1, 'Sting dâu (330ml)', '', 'Chai', 0, 8000, '', '8934588233074'),
(109, 1, 'Tepy (327ml)', '', 'chai', 0, 7000, '', ''),
(110, 1, 'Lemona Vĩnh Hảo (500ml)', '', 'Chai', 0, 7000, '', '8934840012348'),
(111, 1, 'Vĩnh Hảo (500ml)', '', 'Chai', 0, 4500, '', '8934840034340'),
(112, 1, 'Vĩnh Hảo (350ml)', '', 'Chai', 0, 3500, '', '8934840034333'),
(113, 1, 'Lavi (350ml)', '', 'Chai', 0, 3500, '', '8935005801111'),
(114, 1, 'Lavi (500ml)', '', 'Chai', 0, 4500, '', '8935005801135'),
(115, 1, 'Trà xanh 0 độ (500ml)', '', 'Chai', 0, 8000, '', '8936006170305'),
(116, 1, 'Fanta cam (390ml)', '', 'chai', 0, 6500, '', ''),
(117, 1, 'Dr Thanh (350ml)', '', 'Chai', 0, 9000, '', '8936006171746'),
(118, 1, 'Sprite (390ml)', '', 'Chai', 0, 7000, '', '8935049510680'),
(119, 1, 'ICY chanh muối xanh (360ml)', '', 'Chai', 0, 8000, '', '8934673810562'),
(120, 1, 'ICY chanh muối nâu (360ml)', '', 'Chai', 0, 8000, '', '8934673810562'),
(121, 1, 'ICY chanh muối vàng (360ml)', '', 'Chai', 0, 8000, '', '8934673810562'),
(122, 1, 'Vfresh táo nha đam (360ml)', '', 'Chai', 0, 8000, '', '8934673820561'),
(123, 1, 'Vfresh cam (360ml)', '', 'Chai', 0, 8000, '', '8934673801560'),
(124, 1, 'Vfresh trà xanh nha đam (360ml)', '', 'chai', 0, 8000, '', ''),
(125, 1, 'Vfresh nha đam nước nho (360ml)', '', 'Chai', 0, 8000, '', '8934673812566'),
(126, 1, 'Cola (390ml)', '', 'Chai', 0, 7000, '', '8935049510673'),
(127, 1, 'Trà ngon 100 (500ml)', '', 'Chai', 0, 8000, '', '8935001001270'),
(128, 1, '7up (500ml)', '', 'Chai', 0, 7000, '', '8934588023057'),
(129, 1, 'Pepsi lon (330ml)', '', 'Bao 20Kg', 0, 7000, '', '8934588012020'),
(130, 1, 'RedBull (250ml)', '', 'Lon', 0, 9000, '', '8935112200005'),
(131, 1, 'Trà bí đao (330ml)', '', 'chai', 0, 6000, '', ''),
(132, 1, 'Trà bí đao Wonderfarm (330ml)', '', 'Lon', 0, 6000, '', '8935001214236'),
(133, 1, 'Tribeco vàng (320ml)', '', 'Lon', 0, 6500, '', '8935001001997'),
(134, 1, 'Sprite( 330ml)', '', 'Lon', 0, 7000, '', '8935049510314'),
(135, 1, 'Xá xị Fanta (330ml)', '', 'Lon', 0, 7000, '', '8935049510635'),
(136, 1, 'Xá xị Chương Dương (330ml)', '', 'lon', 0, 6000, '', ''),
(137, 1, 'Xá xị Tribeco (330ml)', '', 'Lon', 0, 6500, '', '8935001012085'),
(138, 1, 'Cocacola (330ml)', '', 'Lon', 0, 7500, '', '8935049510116'),
(139, 1, 'Bia 333 (330ml)', '', 'Lon', 0, 9000, '', '8935012413338'),
(140, 1, 'Tiger (330ml)', '', 'Lon', 0, 13000, '', '8934822101336'),
(141, 1, 'Heniken (330ml)', '', 'Lon', 0, 16000, '', '8934822201333'),
(142, 1, 'Bia Bigi (330ml)', '', 'lon', 0, 7000, '', ''),
(143, 1, 'Nước Yến Tribeco (240ml)', '', 'lon', 0, 6500, '', ''),
(144, 1, 'Nước Yến Ngân Nhĩ (240ml)', '', 'Lon', 0, 9500, '', '8934823850189'),
(145, 1, 'Pepsi (330ml)', '', 'Lon', 0, 7000, '', '8934588012020'),
(146, 1, 'SG xanh (330ml)', '', 'Lon', 0, 11500, '', '8935012413307'),
(147, 1, 'Lavie (1,5 lít)', '', 'Bao 20Kg', 0, 9000, '', '8935005801012'),
(148, 1, 'Vĩnh Hảo (1,5 lít)', '', 'chai', 0, 8000, '', ''),
(149, 1, 'Vfresh trà bí đao (360ml)', '', 'Chai', 0, 7000, '', '8934673807562'),
(150, 1, 'Nuti hương dâu (300ml)', '', 'Chai', 0, 9000, '', '8935049510765'),
(151, 1, 'Nuti hương cam (300ml)', '', 'Chai', 0, 9000, '', '8935049510741'),
(152, 1, 'Nước yến Ngân Nhĩ  Nature (240ml x 6 lon)', '', 'thùng', 0, 55000, '', ''),
(153, 1, 'Nước yến Ngân Nhĩ  Tribico (240ml x 6 lon)', '', 'thùng', 0, 35000, '', ''),
(154, 1, 'Sprite (1,5 lít)', '', 'chai', 0, 16000, '', ''),
(155, 1, 'Pepsi (1,5 lít)', '', 'Chai', 0, 16000, '', '8934588013065'),
(156, 1, 'Nước cam Tribeco (1,5 lít)', '', 'chai', 0, 16000, '', ''),
(157, 1, 'Cola (1,5 lít)', '', 'chai', 0, 16000, '', ''),
(158, 1, 'Cocacola không đường (330ml)', '', 'Lon', 0, 7500, '', '8935049500056'),
(159, 1, 'Number 01 (350ml)', '', 'Chai', 0, 8000, '', '8936006171852'),
(160, 1, 'Xá xị Chương Dương (12lon x 30ml)', '', 'thùng', 0, 70000, '', ''),
(161, 1, 'Soda water( 330ml)', '', 'Lon', 0, 6500, '', '8935049510611'),
(162, 1, 'RedBull Thái( 330ml)', '', 'Bao 20Kg', 0, 11000, '', '8850228000151'),
(163, 1, 'Rồng đỏ Ly( 330ml)', '', 'ly', 0, 5000, '', ''),
(164, 1, 'Bánh Danisa (908g)', '', 'Hộp', 0, 200000, '', '8886001012301'),
(165, 1, 'Bánh Danisa (681g)', '', 'Hộp', 0, 150000, '', '8996001303078'),
(166, 1, 'Bánh Danisa (454g)', '', 'Hộp', 0, 100000, '', '8886001012295'),
(167, 1, 'Bánh Danisa (163g)', '', 'hộp', 0, 33000, '', ''),
(168, 1, 'Milo chai(70ml)', '', 'chai', 0, 56000, '', ''),
(169, 1, 'Milo hộp giấy (285g)', '', 'Hộp', 0, 40000, '', '8934804022192'),
(170, 1, 'Bánh Cosy (hộp thiết 300g)', '', 'Hộp', 0, 70000, '', '8934680111973'),
(171, 1, 'Yến Sào Song Yến hộp lớn(12lon x 30ml)', '', 'Hộp', 0, 265000, '', '18936077180019'),
(172, 1, 'Yến Song Yến (70ml)', '', 'hộp', 0, 45000, '', ''),
(173, 1, 'Hazeline bột ngọc trai & hoa sen tuyết (350g)', '', 'Chai', 0, 50000, '', '8934868073918'),
(174, 1, 'Hazeline hoa trà & mầm gạo nhật bản (350g)', '', 'Chai', 0, 53000, '', '8934868073963'),
(175, 1, 'Palmalive sáng mịn và dưỡng ẩm (200g)', '', 'Chai', 0, 38000, '', '8935102141899'),
(176, 1, 'Palmalive nâng niu làn da (200g)', '', 'hộp', 0, 38000, '', ''),
(177, 1, 'Palmalive sữa và bột ngọc trai (200g)', '', 'hộp', 0, 38000, '', ''),
(178, 1, 'Palmalive sữa và bột ngọc trai (600g)', '', 'hộp', 0, 95000, '', ''),
(179, 1, 'Palmalive sữa và anh đào (600g)', '', 'hộp', 0, 95000, '', ''),
(180, 1, 'Palmalive sữa và trái cọ (600g)', '', 'hộp', 0, 95000, '', ''),
(181, 1, 'Palmalive phong lan và dưỡng ẩm (200g)', '', 'hộp', 0, 38000, '', ''),
(182, 1, 'Hazeline bột ngọc trai (900g)', '', 'hộp', 0, 86000, '', ''),
(183, 1, 'Hazeline dầu hoa trà và nầm gạo (230ml)', '', 'hộp', 0, 53000, '', ''),
(184, 1, 'Hazeline bột ngọc trai và hoa sen tuyết (230ml)', '', 'hộp', 0, 50000, '', ''),
(185, 1, 'Hazeline chiết xuất dâu tầm và tinh nho (230ml)', '', 'Chai', 0, 50000, '', '8934868076247'),
(186, 1, 'Hazeline dầu hoa trà và nầm gạo Nhật Bản (140ml)', '', 'Chai', 0, 35000, '', '8934868073949'),
(187, 1, 'Hazeline bột ngọc trai và hoa sen tuyết (140ml)', '', 'Chai', 0, 32000, '', '8934868073895'),
(188, 1, 'Vaseline chiết xuất yến mạch( 250ml)', '', 'Chai', 0, 61000, '', '8934868061991'),
(189, 1, 'Vaseline SPF24 (220ml)', '', 'Chai', 0, 72000, '', '8851932287616'),
(190, 1, 'Enchanteur Hương nước hoa (50ml)', '', 'Chai', 0, 60000, '', '8935212800235'),
(191, 1, 'Enchanteur Khử mùa trắng da (50ml)', '', 'Chai', 0, 64000, '', '8935212800402'),
(192, 1, 'X-Men gool boost (50ml)', '', 'Chai', 0, 47000, '', '8935136851030'),
(193, 1, 'X-Men Sport (50ml)', '', 'chai', 0, 42000, '', ''),
(194, 1, 'X-Men Active (50g)', '', 'chai', 0, 18000, '', ''),
(195, 1, 'X-Men Sport (50g)', '', 'chai', 0, 18000, '', ''),
(196, 1, 'Rexona Passion (40ml)', '', 'Chai', 0, 32000, '', '4800888142894'),
(197, 1, 'Rexona Shower clear (40ml)', '', 'chai', 0, 32000, '', ''),
(198, 1, 'Nivea Extra Whitening (50ml)', '', 'Chai', 0, 45000, '', '4005808364848'),
(199, 1, 'Nivea Invisible (50ml)', '', 'Chai', 0, 45000, '', '4005808663019'),
(200, 1, 'Nivea Men (50ml)', '', 'Chai', 0, 45000, '', '4005808321711'),
(201, 1, 'Nivea Whitening (50ml)', '', 'chai', 0, 45000, '', ''),
(202, 1, 'Nivea dry comfort (50ml)', '', 'chai', 0, 45000, '', ''),
(203, 1, 'Nivea for Men dry impact (50ml)', '', 'chai', 0, 42000, '', ''),
(204, 1, 'Nivea for Men dry impact (25ml)', '', 'Chai', 0, 30000, '', '42185222'),
(205, 1, 'Nivea for Men cool kick (25ml)', '', 'chai', 0, 30000, '', ''),
(206, 1, 'Romano classic (20ml)', '', 'Chai', 0, 28000, '', '8935212810104'),
(207, 1, 'Romano force (50ml)', '', 'Chai', 0, 55000, '', '8935212810845'),
(208, 1, 'Nivea for Men total anti ance (50g)', '', 'chai', 0, 35000, '', ''),
(209, 1, 'Nivea Whitening UV (125ml)', '', 'Chai', 0, 32000, '', '4005808686049'),
(210, 1, 'Olay Whitening (20g)', '', 'Chai', 0, 25000, '', '4902430332613'),
(211, 1, 'Nivea formen silen protect(25ml)', '', 'chai', 0, 30000, '', ''),
(212, 1, 'Nivea Whitening(25ml)', '', 'chai', 0, 30000, '', ''),
(213, 1, 'Nivea Extra Whitening(25ml)', '', 'Chai', 0, 30000, '', '4005808364831'),
(214, 1, 'Nivea pear and beauty(25ml)', '', 'Chai', 0, 30000, '', '42126706'),
(215, 1, 'Nivea energy fresh(25ml)', '', 'chai', 0, 30000, '', ''),
(216, 1, 'Nivea Whitening happy shave(25ml)', '', 'chai', 0, 30000, '', ''),
(217, 1, 'Nivea dry comfort (25ml)', '', 'chai', 0, 30000, '', ''),
(218, 1, 'Nivea for men Invisible (25ml)', '', 'chai', 0, 30000, '', ''),
(219, 1, 'X-Men Sport (25ml)', '', 'chai', 0, 27000, '', ''),
(220, 1, 'X-Men Active (25ml)', '', 'chai', 0, 27000, '', ''),
(221, 1, 'X-Men Active (50ml)', '', 'chai', 0, 42000, '', ''),
(222, 1, 'Nivea men stress protect(50ml)', '', 'chai', 0, 45000, '', ''),
(223, 1, 'Sữa dưỡng thể Nivea ban đêm(125ml)', '', 'Chai', 0, 32000, '', '4005808822928'),
(224, 1, 'Sữa dưỡng thể Nivea chống nắng(125ml)', '', 'chai', 0, 32000, '', ''),
(225, 1, 'Sữa dưỡng thể Nivea chống nắng(250ml)', '', 'Chai', 0, 65000, '', '4005808818525'),
(226, 1, 'Vaseline B3(250ml)', '', 'Chai', 0, 67000, '', '8934868070559'),
(227, 1, 'Clear and clear (dear fairness)(50g)', '', 'chai', 0, 30000, '', ''),
(228, 1, 'Ponds pure white(100g)', '', 'chai', 0, 62000, '', ''),
(229, 1, 'Clear and clear (dear fairness)(100g)', '', 'chai', 0, 48000, '', ''),
(230, 1, 'Clear and clear (deep action)(100g)', '', 'chai', 0, 48000, '', ''),
(231, 1, 'Nivea (white ance oil control)(50ml)', '', 'Chai', 0, 35000, '', '4005808819225'),
(232, 1, 'Nivea (white extra cell repair)(50ml)', '', 'Chai', 0, 33000, '', '8850029867236'),
(233, 1, 'The bol (sữa bò)(98g)', '', 'Bao 20Kg', 0, 20000, '', '8936031263553'),
(234, 1, 'Ponds (white beauty)(50g)', '', 'Chai', 0, 29000, '', '8934868063308'),
(235, 1, 'Ponds (clear solutions)(50g)', '', 'Chai', 0, 29000, '', '8934868063186'),
(236, 1, 'Hazeline (pearly white)(50g)', '', 'Chai', 0, 26000, '', '8934868048329'),
(237, 1, 'Clear and clear (deep action)(50g)', '', 'chai', 0, 32000, '', ''),
(238, 1, 'Hazeline (clear white)(50g)', '', 'Chai', 0, 26000, '', '8934868048282'),
(239, 1, 'Ponds (oil control)(50g)', '', 'Chai', 0, 29000, '', '8934868063209'),
(240, 1, 'Hazeline (fresh white)(50g)', '', 'Chai', 0, 26000, '', '8934868048305'),
(241, 1, 'E100 bò(80ml)', '', 'chai', 0, 15000, '', ''),
(242, 1, 'E100 dưa leo(100ml)', '', 'Chai', 0, 16000, '', '8935125813278'),
(243, 1, 'E100 bò(50ml)', '', 'chai', 0, 12000, '', ''),
(244, 1, 'E100 kem nghệ(100g)', '', 'Chai', 0, 26000, '', '8935125812493'),
(245, 1, 'E100 kem nghệ(50g)', '', 'Chai', 0, 15000, '', '8935125812837'),
(246, 1, 'Nivea formen extra whitening(50g)', '', 'cụt', 0, 42000, '', ''),
(247, 1, 'Nivea formen total anti aene(50g)', '', 'cụt', 0, 38000, '', ''),
(248, 1, 'Life bouy (chăm sóc da)(180g)', '', 'Chai', 0, 20000, '', '8934868086680'),
(249, 1, 'Life bouy bảo vệ vượt trội 10(180g)', '', 'Chai', 0, 20000, '', '8934868086697'),
(250, 1, 'Life bouy (chăm sóc da)(500g)', '', 'Bao 20Kg', 0, 45000, '', '8934868076681'),
(251, 1, 'Life bouy (bao vệ 10)(500g)', '', 'Bao 20Kg', 0, 45000, '', '8934868086796'),
(252, 1, 'Dove (deeply Nourishing)(180g)', '', 'cụt', 0, 42000, '', ''),
(253, 1, 'Dove (deeply Nourishing)(530g)', '', 'cụt', 0, 104000, '', ''),
(254, 1, 'Life bouy mát lạnh sảng khoái(90g)', '', 'Hộp', 0, 8000, '', '8934868076407'),
(255, 1, 'Life bouy chăm sóc da(90g)', '', 'cụt', 0, 8000, '', ''),
(256, 1, 'Life bouy bảo vệ vượt trội 10(90g)', '', 'Hộp', 0, 8000, '', '8934868076469'),
(257, 1, 'Palmolive whitle and smooth(75g)', '', 'cụt', 0, 9000, '', ''),
(258, 1, 'Palmolive smooth and moisture(75g)', '', 'cụt', 0, 9000, '', ''),
(259, 1, 'Palmolive soft and moisture(75g)', '', 'cụt', 0, 9000, '', ''),
(260, 1, 'Safeguard hương phấn dịu mát(135g)', '', 'Hộp', 0, 10000, '', '4902430284240'),
(261, 1, 'Safeguard hương hoa(135g)', '', 'Hộp', 0, 10000, '', '4902430284257'),
(262, 1, 'Safeguard hương nắng mai(135g)', '', 'Hộp', 0, 10000, '', '4902430284264'),
(263, 1, 'Enchater(90g)', '', 'Hộp', 0, 18000, '', '8935212800761'),
(264, 1, 'X-men Active xà bông thơm(90g)', '', 'Hộp', 0, 18500, '', '8935136813199'),
(265, 1, 'X-Men Sport (90g)', '', 'Bao 20Kg', 0, 18500, '', '8935136803190'),
(266, 1, 'X-Men Active 1234(90g)', '', 'chai', 0, 18500, '', ''),
(267, 1, 'Ramus men(85g)', '', 'cụt', 0, 16000, '', ''),
(268, 1, 'Camay đen(125g)', '', 'Hộp', 0, 13000, '', '4902430284301'),
(269, 1, 'Camay đỏ(125g)', '', 'Hộp', 0, 13000, '', '4902430284325'),
(270, 1, 'Lưỡi lam Vidyut(5 cái)', '', 'hộp', 0, 3500, '', ''),
(271, 1, 'Lưỡi lam Chormoe platinum(5 cái)', '', 'Hộp', 0, 6500, '', '3086127501641'),
(272, 1, 'Lưỡi lam Gillette(5 cái)', '', 'Hộp', 0, 7500, '', '8888826024583'),
(273, 1, 'Dao cạo râu Gillette vàng', '', 'Cái', 0, 6500, '', '8992765301008'),
(274, 1, 'Dao cạo râu Gillette super thin và lưỡi lam Gillette', '', 'Cái', 0, 11000, '', '7702018925957'),
(275, 1, 'Sữa rửa mặt E100 nha đam(100g)', '', 'Chai', 0, 15000, '', '8935128512871'),
(276, 1, 'Gạo tài nguyên(5kg)', '', 'Bao 20Kg', 0, 63000, '', ''),
(277, 1, 'Gạo jasmine(5kg)', '', 'bịch', 0, 70000, '', ''),
(278, 1, 'Gạo thơm lài trong(5kg)', '', 'bịch', 0, 70000, '', ''),
(279, 1, 'Gạo thơm lài đục(5kg)', '', 'bịch', 0, 78000, '', ''),
(280, 1, 'Gạo Hàn Châu(5kg)', '', 'bịch', 0, 63000, '', ''),
(281, 1, 'Bơ thực vật Tường An(200g)', '', 'hủ', 0, 12500, '', ''),
(282, 1, 'Bơ thực vật Meizan(80g)', '', 'Hộp', 0, 7000, '', '8934988141801'),
(283, 1, 'Sate tôm Tứ hữu(80g)', '', 'Ly', 0, 5000, '', '8935059812620'),
(284, 1, 'Hạt nêm aji-ngon tặng tô', '', 'bịch', 0, 45000, '', ''),
(285, 1, 'Aji mayo mayonnaise(250g)', '', 'Chai', 0, 27000, '', '8935039510782'),
(286, 1, 'Aji mayo mayonnaise(130g)', '', 'gói', 0, 17000, '', ''),
(287, 1, 'Aji ngon (hạt nêm)(210g)', '', 'Bịch', 0, 17000, '', '8935039505689'),
(288, 1, 'Hạt nêm Aji-ngon(990g)', '', 'Bịch', 0, 49000, '', '8935039505122'),
(289, 1, 'Hạt nêm Aji-ngon(50g)', '', 'Bịch', 0, 4500, '', '8935039505429'),
(290, 1, 'Hạt nêm Aji-ngon(495g)', '', 'gói', 0, 27000, '', ''),
(291, 1, 'Hạt nêm Knorr(450g)', '', 'Bịch', 0, 35000, '', '8934707003397'),
(292, 1, 'Hạt nêm Maggi nắm hương(60g)', '', 'Bịch', 0, 7000, '', '8934804022550'),
(293, 1, 'Hạt nêm Maggi(200g)', '', 'Bịch', 0, 18000, '', '8934804021317'),
(294, 1, 'Bột chiên giòn Aji-Quick(35g)', '', 'Bịch', 0, 6000, '', '8935039513004'),
(295, 1, 'Aji-Quick lẩu thập cẩm(35g)', '', 'Bịch', 0, 7000, '', '8935039513073'),
(296, 1, 'Aji-Quick lẩu thái(55g)', '', 'Bịch', 0, 7000, '', '8935039513080'),
(297, 1, 'Lẩu Taphaco thương hiệu Việt(50g)', '', 'gói', 0, 7500, '', ''),
(298, 1, 'Lẩu Lobo Thái lan(50g)', '', 'Bịch', 0, 8500, '', '8850030116415'),
(299, 1, 'Bột chiên xù Vĩnh Thuận(100g)', '', 'Bịch', 0, 6000, '', '8934734232104'),
(300, 1, 'Hạt nêm Knorr(200g)', '', 'Bịch', 0, 16000, '', '8934707007579'),
(301, 1, 'Bột chiên giòn Vĩnh Thuận(150g)', '', 'Bịch', 0, 7000, '', '8934734102100'),
(302, 1, 'Bột cà ry(10g)', '', 'Bịch', 0, 2500, '', '8934775307045'),
(303, 1, 'Bột ngũ vị hương(10g)', '', 'Bịch', 0, 2500, '', '8934775307045'),
(304, 1, 'Hạt nêm Knorr(60g)', '', 'Bịch', 0, 6000, '', '8934707007357'),
(305, 1, 'Knoor gia vị hoàn chỉnh cá kho(28g)', '', 'Bịch', 0, 5500, '', '8934707002413'),
(306, 1, 'Knoor gia vị hoàn chỉnh canh chua(30g)', '', 'Bịch', 0, 5500, '', '8934707002437'),
(307, 1, 'Bột chiên xù(200g)', '', 'gói', 0, 8000, '', ''),
(308, 1, 'Bột chiên xù(100g)', '', 'gói', 0, 5000, '', ''),
(309, 1, 'Knorr gia vị hoàn chỉnh thịt kho(28g)', '', 'Bịch', 0, 5500, '', '8934707002420'),
(310, 1, 'Viên gia vị bún bò huế ông chà cà(75g)', '', 'Hộp', 0, 5000, '', '8934781062013'),
(311, 1, 'Bột gia vị nấu bò kho Vinaco(20g)', '', 'Bịch', 0, 6000, '', '8934741116299'),
(312, 1, 'Gia vị nấu Bún bò Huế Kim Hưng(25g)', '', 'Bịch', 0, 4000, '', '8934721032618'),
(313, 1, 'Hạt nêm Knorr rong biển và Nấm(200g)', '', 'Bịch', 0, 18000, '', '8934707003113'),
(314, 1, 'Bột bánh xèo Vĩnh Thuận(200g)', '', 'Bịch', 0, 12000, '', '8934734052030'),
(315, 2, 'Dầu ăn Marela(2 lít)', '', 'Chai', 0, 72000, '', '8935049100058'),
(316, 2, 'Dầu ăn Marela(1.8 lít)', '', 'chai', 0, 62000, '', ''),
(317, 2, 'Dầu ăn Delio(1 lít)', '', 'chai', 0, 42000, '', ''),
(318, 2, 'Simply(2 lít)', '', 'Chai', 0, 98000, '', '8934988020540'),
(319, 2, 'Dầu đậu nành Simply(1 lít)', '', 'Chai', 0, 47000, '', '8934988020533'),
(320, 2, 'Dầu ăn Marela(1 lít)', '', 'Chai', 0, 37000, '', '8935049100041'),
(321, 2, 'Dầu ăn Marela(400ml)', '', 'Bao 20Kg', 0, 16000, '', '8935049100317'),
(322, 2, 'Dầu ăn Marela(250ml)', '', 'chai', 0, 10000, '', ''),
(323, 2, 'Nước mắm Chinsu Nam ngư (hương cá hồi)(750ml)', '', 'Chai', 0, 28500, '', '8936017363383'),
(324, 2, 'Nước mắm Chinsu Nam ngư đệ nhị(900ml)', '', 'Chai', 0, 16000, '', '8936017361914'),
(325, 2, 'Nước mắm hòa hiệp(850ml)', '', 'chai', 0, 10000, '', ''),
(326, 2, 'Nước mắm Chinsu siêu tiết kiệm(800ml)', '', 'Chai', 0, 11000, '', '8936017363314'),
(327, 2, 'Nước mắm Hương Việt 2(500ml)', '', 'chai', 0, 33000, '', ''),
(328, 2, 'Nước tương tam thái tử Nhất ca(500ml)', '', 'Chai', 0, 14500, '', '8936017363338'),
(329, 2, 'Nước tương tam thái tử Nhị ca(500ml)', '', 'Bịch', 0, 8000, '', '8936017363307'),
(330, 2, 'Nước tương Maggi(700ml)', '', 'Chai', 0, 25000, '', '8934804020402'),
(331, 2, 'Nước tương Maggi(300ml)', '', 'Chai', 0, 13000, '', '8934804020389'),
(332, 2, 'Nước tương Chinsu tỏi ớt(250ml)', '', 'Chai', 0, 13000, '', '8936017363017'),
(333, 2, 'Nước tương Hương Việt Thanh Vị(500ml)', '', 'chai', 0, 6000, '', ''),
(334, 2, 'Nước tương Hương Việt Hảo Vị(500ml)', '', 'Chai', 0, 10000, '', '8934637514437'),
(335, 2, 'Dầu hào Maggi Xào(150g)', '', 'Chai', 0, 10000, '', '8934804006444'),
(336, 2, 'Xốt kho Maggi Tô vàng(150g)', '', 'chai', 0, 8500, '', ''),
(337, 2, 'Nước màu Dừa bến tre', '', 'chai', 0, 37000, '', ''),
(338, 2, 'Dầu mè thơm nguyên chất 100%(250ml)', '', 'Chai', 0, 42000, '', '8935008861709'),
(339, 2, 'Nước màu Đại bình dương(100g)', '', 'chai', 0, 7500, '', ''),
(340, 2, 'Dầu hào Maggi Xào', '', 'Chai', 0, 17000, '', '8934804004044'),
(341, 2, 'Dẩu Marvela(5 lít)', '', 'Chai', 0, 160000, '', '8935049100065'),
(342, 2, 'Dầu ăn Kiddy', '', 'chai', 0, 42000, '', ''),
(343, 2, 'Nước mắm Chinsu Nam ngư (hương cá hồi)', '', 'Chai', 0, 19500, '', '8936017363376'),
(344, 2, 'Chinsu chai sành(500ml)', '', 'Chai', 0, 29000, '', '8936017362331'),
(345, 2, 'Dầu ăn Cooking Trường An(1 lít)', '', 'Chai', 0, 35000, '', '8936035100090'),
(346, 2, 'Dầu ăn Cooking Trường An(400ml)', '', 'Chai', 0, 16000, '', '8936035100083'),
(347, 2, 'Dầu ăn Mezian(220ml)', '', 'chai', 0, 10000, '', ''),
(348, 2, 'Nước mắm Hưng Thịnh', '', 'chai', 0, 42000, '', ''),
(349, 2, 'Nước mắm Quốc Hải', '', 'Chai', 0, 45000, '', '8936000940386'),
(350, 2, 'Nước mắm Quốc Hải xanh', '', 'Chai', 0, 50000, '', '8936000940348'),
(351, 2, 'Bánh Go patato(104g)', '', 'bịch', 0, 14000, '', ''),
(352, 2, 'Bánh Korente Hương Cam(63g)', '', 'Bịch', 0, 12000, '', '8934680029384'),
(353, 2, 'AFC(100g)', '', 'Bịch', 0, 10000, '', '8934680028318'),
(354, 2, 'Bánh Korente Hương Nhân(63g)', '', 'Bịch', 0, 12000, '', '8934680111119'),
(355, 2, 'Bánh cosy vị kem vani sữa(65g)', '', 'Bịch', 0, 7000, '', '8934680111706'),
(356, 2, 'Lạp xưởng Mai Quế Lộ(500g)', '', 'hộp', 0, 50000, '', ''),
(357, 2, 'Lạp xưởng Mỹ Trân(500g)', '', 'hộp', 0, 80000, '', ''),
(358, 2, 'Bánh quy bơ Diamond(350g)', '', 'hộp', 0, 30000, '', ''),
(359, 2, 'Bánh quy bơ Warmi(500g)', '', 'hộp', 0, 30000, '', ''),
(360, 2, 'Bánh quy bơ Souvenir(330g)', '', 'hộp', 0, 30000, '', ''),
(361, 2, 'Bột ngọt Aji nomoto(454g)', '', 'Bịch', 0, 28000, '', '8935039500509'),
(362, 2, 'Bột ngọt Aji nomoto(100g)', '', 'Bịch', 0, 7500, '', '8935039500202'),
(363, 2, 'Đường tinh luyện Biên hòa 100%(1kg)', '', 'Bịch', 0, 21000, '', '8935015510447'),
(364, 2, 'Đường tinh luyện Biên hòa dạng gói nhỏ (50 gói)(8g)', '', 'Bịch', 0, 20000, '', '8935015510133'),
(365, 2, 'Đường tinh luyện biên Hòa(500g)', '', 'Bịch', 0, 11000, '', '8935015510515'),
(366, 2, 'Kẹo hình trái tim', '', 'hộp', 0, 18000, '', ''),
(367, 2, 'Kẹo  hình lục giác', '', 'hộp', 0, 19000, '', ''),
(368, 2, 'Kẹo hình vuông', '', 'hộp', 0, 20000, '', ''),
(369, 2, 'Hạt điều rang muối hình tròn(250g)', '', 'hộp', 0, 70000, '', ''),
(370, 2, 'Hạt điều rang muối hình vuông(250g)', '', 'hộp', 0, 70000, '', ''),
(371, 2, 'Hạt điều rang muối trái tim(200g)', '', 'hộp', 0, 56000, '', ''),
(372, 2, 'Good choice nhân nhỏ(360g)', '', 'bịch', 0, 25000, '', ''),
(373, 2, 'Good choice sữa dừa(360g)', '', 'bịch', 0, 25000, '', ''),
(374, 2, 'Good choice socola(360g)', '', 'bịch', 0, 25000, '', ''),
(375, 2, 'Dầu mè Trường An(250ml)', '', 'Chai', 0, 24000, '', '8936035100243'),
(376, 2, 'Hạt điều rang muối(200g)', '', 'hộp', 0, 56000, '', ''),
(377, 2, 'Hột dưa', '', 'hộp', 0, 15000, '', ''),
(378, 2, 'Mít sấy(20g)', '', 'bịch', 0, 7000, '', ''),
(379, 2, 'Mít sấy(100g)', '', 'bịch', 0, 20000, '', ''),
(380, 2, 'Khô bò Hưng Phát(30g)', '', 'bịch', 0, 10000, '', ''),
(381, 2, 'Khô bò Hưng Phát(100g)', '', 'bịch', 0, 28000, '', ''),
(382, 2, 'Mực Tân Tân(12g)', '', 'bịch', 0, 6000, '', ''),
(383, 2, 'Bánh Hura hương cốm(336g)', '', 'Hộp', 0, 35000, '', '8934609602322'),
(384, 2, 'Bánh Hura hương bơ sữa(336g)', '', 'bịch', 0, 35000, '', ''),
(385, 2, 'Bánh Hura hương dâu(336g)', '', 'Hộp', 0, 35000, '', '8934609602407'),
(386, 2, 'Bánh Hura hương cốm dừa (336g)', '', 'Hộp', 0, 35000, '', '8934609602322'),
(387, 2, 'Bánh Hura hương bơ sữa(336g)', '', 'Hộp', 0, 35000, '', '8934609602360'),
(388, 2, 'Bánh Hura hương dâu(168g)', '', 'bịch', 0, 23000, '', ''),
(389, 2, 'Bánh Hura hương sữa dâu(168g)', '', 'bịch', 0, 35000, '', ''),
(390, 2, 'Bánh Lottepie(360g)', '', 'Bao 20Kg', 0, 26000, '', '8934609202799'),
(391, 2, 'Bánh Goute orion(288g)', '', 'Hộp', 0, 48000, '', '8936036021325'),
(392, 2, 'Lan cuốn tầng Solite(390g)', '', 'Bịch', 0, 40000, '', '8934680044066'),
(393, 2, 'Cosy(64g)', '', 'Bịch', 0, 10000, '', '8934680111607'),
(394, 2, 'AFC(300g)', '', 'Hộp', 0, 28000, '', '8934680028325'),
(395, 2, 'Kem đánh răng PS(200g)', '', 'Bao 20Kg', 0, 16000, '', '8934839114275'),
(396, 2, 'Kem đánh răng PS trà xanh hoa cúc(200g)', '', 'tuýp', 0, 22000, '', ''),
(397, 2, 'Kem đánh răng PS(120g)', '', 'Hộp', 0, 11000, '', '8934839114251'),
(398, 2, 'PS trà xanh hoa cúc(100g)', '', 'Hộp', 0, 11000, '', '8934839105624'),
(399, 2, 'Close up lửa băng(170g)', '', 'Hộp', 0, 27000, '', '8934839119096'),
(400, 2, 'Colgate hương chanh(100g)', '', 'Hộp', 0, 11000, '', '8935102104504'),
(401, 2, 'Colgate tatal Professional clear(160g)', '', 'Hộp', 0, 35000, '', '8935102104467'),
(402, 2, 'Clogate hương chanh(160g)', '', 'Hộp', 0, 17000, '', '8935102104887'),
(403, 2, 'Kem đánh răng Sensodyne Fresh Mint(100g)', '', 'Hộp', 0, 30000, '', '8991991161332'),
(404, 2, 'Kem đánh răng Sensodyne Cool Gel(100g)', '', 'Hộp', 0, 30000, '', '4800318407739'),
(405, 2, 'Kem đánh răng Sensodyne gentle whitening(100g)', '', 'Hộp', 0, 33000, '', '4893776000772'),
(406, 2, 'Kem đánh răng Big teen(50ml)', '', 'Hộp', 0, 24000, '', '5000347026720'),
(407, 2, 'PS bảo vệ 123(200g)', '', 'Hộp', 0, 25000, '', '8934839115586'),
(408, 2, 'Kem đánh răng Aquafresh(50ml)', '', 'tuýp', 0, 28000, '', ''),
(409, 2, 'Kem đánh răng Calgate trắng răng vượt trội(200g)', '', 'Hộp', 0, 31000, '', '8935102104153'),
(410, 2, 'Kem đánh răng Colgate hương Bạc Hà(160g)', '', 'Hộp', 0, 35000, '', '8935102104672'),
(411, 2, 'Kem đánh răng Colgate hương Chanh(160g)', '', 'tuýp', 0, 22000, '', ''),
(412, 2, 'Kem đánh răng Close up Pha le tuyết(210g)', '', 'Hộp', 0, 29000, '', '8934839119836'),
(413, 2, 'Kem đánh răng Colgate total Professional whitening(200g)', '', 'tuýp', 0, 39000, '', ''),
(414, 2, 'Colgate Hương bạc hà the mát(220g)', '', 'tuýp', 0, 28000, '', ''),
(415, 2, 'Bàn chải Colgate Slim Soft chăm sóc nướu(20g)', '', 'Cây', 0, 22000, '', '8935102113490'),
(416, 2, 'Bàn chải Colgate Slim Soft Gentle clear', '', 'Cây', 0, 7000, '', '8935102113247'),
(417, 2, 'Bàn chải PS X-30', '', 'Cây', 0, 6000, '', '8934839108861'),
(418, 2, 'Bàn chải Colgate Premier Classic Clear', '', 'Cây', 0, 5000, '', '8935102113230'),
(419, 2, 'Bàn chải Colgate Extra clear', '', 'cây', 0, 9000, '', ''),
(420, 2, 'Atman Smiley Kids', '', 'cây', 0, 18000, '', ''),
(421, 2, 'Colgate Premier Class clear', '', 'cây', 0, 5000, '', ''),
(422, 2, 'Bàn chải Ps X-soft', '', 'Cây', 0, 7000, '', '8934839108977'),
(423, 2, 'Bàn chải Big teeth', '', 'cây', 0, 22000, '', ''),
(424, 2, 'PS double care', '', 'cây', 0, 14000, '', ''),
(425, 2, 'Bàn chải Colgate Shni soft sạch kẻ răng', '', 'cây', 0, 11000, '', ''),
(426, 2, 'Bàn chải Oral-B classic', '', 'cây', 0, 10000, '', ''),
(427, 2, 'Bàn chải Little teeth', '', 'cây', 0, 23000, '', ''),
(428, 2, 'Bàn chải PS Kiddy', '', 'cây', 0, 6000, '', ''),
(429, 2, 'Khăn ướt baby Mama(80 miếng)', '', 'Cái', 0, 25000, '', '8936071430014'),
(430, 2, 'Khăn ướt 9X teen', '', 'Bịch', 0, 9000, '', '8938503931267'),
(431, 2, 'Khăn ướt Ngôi sao May mắn', '', 'bịch', 0, 10000, '', ''),
(432, 2, 'Khăn giấy Tango bạc hà', '', 'gói', 0, 2000, '', ''),
(433, 2, 'Khăn giấy Hiphop bạc hà', '', 'gói', 0, 2000, '', ''),
(434, 2, 'Khăn giấy bless you', '', 'Bịch', 0, 3000, '', '8934964120035'),
(435, 2, 'Khăn giấy tango dạng túi', '', 'cái', 0, 3000, '', ''),
(436, 2, 'Bông tắm Maxxy lớn', '', 'Bịch', 0, 15000, '', '8936040110305'),
(437, 2, 'Bông tắm Maxxy nhỏ', '', 'Bịch', 0, 12000, '', '8936040110305'),
(438, 2, 'Kem đánh răng Colgate Optic White(100g)', '', 'Hộp', 0, 69000, '', '6920354811852'),
(439, 2, 'Bàn chải Aquaresh', '', 'Cây', 0, 18000, '', '5202217003750'),
(440, 2, 'Kem đánh răng Aquafresh little teeth(50ml)', '', 'tuýp', 0, 24000, '', ''),
(441, 2, 'Kem đánh răng Aquafresh big teeth(50ml)', '', 'tuýp', 0, 24000, '', ''),
(442, 2, 'Bàn chải đánh răng Colgate 360 độ', '', 'Cây', 0, 36000, '', '8935102113384'),
(443, 2, 'Kem đánh răng Bamboo Salt muối tra(100g)', '', 'Hộp', 0, 28000, '', '8801051058628'),
(444, 2, 'Khăn giấy hộp Bless You Holdme(180 miếng)', '', 'Hộp', 0, 17000, '', '8934964122411'),
(445, 2, 'Khăn giấy hộp Ngôi soa may mắm(180 tờ)', '', 'hộp', 0, 18000, '', ''),
(446, 2, 'Khăn giấy hộp Sentons(100 tờ)', '', 'Hộp', 0, 12000, '', '8934964122275'),
(447, 2, 'Khăn giấy hộp Emos(180 tờ)', '', 'Hộp', 0, 19000, '', '8934755042065'),
(448, 2, 'Giấy vệ sinh  Emos cuộn Premium(2 cuộn)', '', 'Cuộn', 0, 12000, '', '8934755042027'),
(449, 2, 'Giấy vệ sinh  Emos Classic cuộn(2 cuộn)', '', 'Cuộn', 0, 7000, '', '8934755042003'),
(450, 2, 'Giấy vệ sinh Sài gòn zenni(1 cuộn)', '', 'Cuộn', 0, 4000, '', '8934964100389'),
(451, 2, 'Khăn ăn Sài gòn ecco(100 tờ)', '', 'Bịch', 0, 9000, '', '8934964124231'),
(452, 2, 'Khăn ăn Sài gòn zenni(100 tờ)', '', 'bịch', 0, 9000, '', ''),
(453, 2, 'Giấy vệ sinh bless you(2 cuộn)', '', 'Cuộn', 0, 13500, '', '8934964100204'),
(454, 2, 'Khăn ăn Emos Premium(100 tờ)', '', 'Bịch', 0, 11000, '', '8934755042072'),
(455, 2, 'Kotex ban đêm Hương hoa cỏ(8 miếng)', '', 'Bịch', 0, 11500, '', '8888336008943'),
(456, 2, 'Diana siêu thấm vượt trội dày(8 miếng)', '', 'Bịch', 0, 14000, '', '8934755010026'),
(457, 2, 'Kotex 3 gói tặng túi đeo(8 miếng)', '', 'bịch', 0, 39000, '', ''),
(458, 2, 'Kotex hàng ngày(20 miếng)', '', 'Bịch', 0, 13000, '', '8888336008080'),
(459, 2, 'Whisper ultra(10 miếng)', '', 'Bịch', 0, 30000, '', '4902430495905'),
(460, 2, 'Whisper wings(10 miếng)', '', 'Bịch', 0, 20000, '', '4902430044257'),
(461, 2, 'Diana siêu thấm vượt trội mỏng(8 miếng)', '', 'bịch', 0, 13000, '', ''),
(462, 2, 'Kotex maxi cánh dày(8 miếng)', '', 'Bịch', 0, 14000, '', '8888336008929'),
(463, 2, 'Kotex maxi cánh mỏng(8 miếng)', '', 'Bịch', 0, 14000, '', '8888336008936'),
(464, 2, 'Kotex hương tự nhiên hàng ngày(8 miếng)', '', 'Bịch', 0, 5500, '', '8888336008073'),
(465, 2, 'Giấy vệ sinh SG inno (10 cuộn)', '', 'Cuộn', 0, 24000, '', '8934964100310'),
(466, 2, 'Giấy vệ sinh Smart choise(10 cuộn)', '', 'cây', 0, 38000, '', ''),
(467, 2, 'Giấy vệ sinh SG zenni(10 cuộn)', '', 'Cuộn', 0, 30000, '', '8934964100464'),
(468, 2, 'Giấy vệ sinh SG zenni(12 cuộn)', '', 'cây', 0, 45000, '', ''),
(469, 2, 'Khăn ăn SG extra(100 tờ)', '', 'cây', 0, 12000, '', ''),
(470, 2, 'Giấy vệ sinh SG extra(10 cuộn)', '', 'Cuộn', 0, 28000, '', '8934964100297'),
(471, 2, 'Giấy vệ sinh Pulppy(2 cuộn)', '', 'cây', 0, 15000, '', ''),
(472, 2, 'Khăn ăn Pulppy(100 tờ)', '', 'bịch', 0, 10000, '', ''),
(473, 2, 'Tả giấy Pampers S 3kg - 8kg(38 miếng)', '', 'Bịch', 0, 136000, '', '4902430235563'),
(474, 2, 'Tả giấy Pampers XL 13+kg(28 miếng)', '', 'Bịch', 0, 134000, '', '4902430238243'),
(475, 2, 'Tả giấy Pampers L  9kg - 14kg(32 miếng)', '', 'Bịch', 0, 128000, '', '4902430524049'),
(476, 2, 'Tả giấy Pampers S 3kg - 8kg(11 miếng)', '', 'Bịch', 0, 41000, '', '4902430287739'),
(477, 2, 'Tả giấy Pampers XL 12kg+(8 miếng)', '', 'Bịch', 0, 38000, '', '4902430524025'),
(478, 2, 'Mama(12 miếng)', '', 'bịch', 0, 28000, '', ''),
(479, 2, 'Tả dán baby fresh siêu mỏng XL 12kg - 17kg(8 miếng)', '', 'Bịch', 0, 35000, '', '8934755030307'),
(480, 2, 'Tả dán baby fresh siêu thắm XL 12kg - 17kg 18 miếng', '', 'Bịch', 0, 103000, '', '8934755051029'),
(481, 2, 'Tả dán Baby fresh Newborn 02 (40 miếng)', '', 'Bịch', 0, 77000, '', '8934755030420'),
(482, 2, 'Tả dán baby fresh siêu thắm M 6kg - 10kg(22 miếng)', '', 'Bịch', 0, 108000, '', '8934755051005'),
(483, 2, 'Tả quần baby fresh siêu thắm L 9kg - 13kg(20 miếng)', '', 'Bịch', 0, 103000, '', '8934755051012'),
(484, 2, 'Tả quần Baby Fresh XL 12kg - 17kg (8 miếng)', '', 'Bịch', 0, 41000, '', '8934755030406'),
(485, 2, 'Tả quần Huggies M 6-11kg(42 miếng)', '', 'bịch', 0, 145000, '', ''),
(486, 2, 'Tả quần Huggies XL 11-16kg(38 miếng)', '', 'bịch', 0, 145000, '', ''),
(487, 2, 'Tả quần Huggies XL 8-13kg(38 miếng)', '', 'bịch', 0, 145000, '', ''),
(488, 2, 'Tả quần Huggies L 8-13kg(38 miếng)', '', 'bịch', 0, 145000, '', ''),
(489, 2, 'Tả giấy Huggies XXL hơn 14kg(30 miếng)', '', 'Bịch', 0, 150000, '', '4800060423025'),
(490, 2, 'Caryn người lớn(10 miếng)', '', 'Bịch', 0, 80000, '', '8934755040009'),
(491, 2, 'Tả giấy Huggies M 5-10kg(10 miếng)', '', 'Bịch', 0, 39000, '', '8888336002248'),
(492, 2, 'Tả quần Huggies XXL 15-25kg(16 miếng)', '', 'Bịch', 0, 103000, '', '4800060831431'),
(493, 2, 'Tả quần Huggies Dry S dưới 7kg(24 miếng)', '', 'Bịch', 0, 87000, '', '4800060420604'),
(494, 2, 'Tả quần Huggies Dry L 9-14kg(20 miếng)', '', 'Bịch', 0, 105000, '', '4800060831417'),
(495, 2, 'Tả quần Huggies M 6-11kg(42 miếng)', '', 'Bịch', 0, 175000, '', '8888336014401'),
(496, 2, 'Tả quần Huggies XXL 15-25kg(30 miếng)', '', 'Bao 20Kg', 0, 190000, '', '8888336014432'),
(497, 2, 'Tả quần Huggies L 9-14kg(20 miếng)', '', 'Bịch', 0, 103000, '', '4800060831417'),
(498, 2, 'Tả quần Huggies XL 12-17kg(34 miếng)', '', 'Bịch', 0, 190000, '', '8888336014425'),
(499, 2, 'Tả quần Huggies XXL hơn 15kg-25kg (30 miếng)', '', 'Bịch', 0, 190000, '', '8888336014432'),
(500, 2, 'Tả quần Huggies M 6-11kg(42 miếng)', '', 'Bịch', 0, 175000, '', '8888336014401'),
(501, 2, 'Tả quần Huggies L 9-14kg(38 miếng)', '', 'bịch', 0, 175000, '', ''),
(502, 2, 'Tả quần Huggies Dry pants XL 12-17kg(8 miếng)', '', 'Bịch', 0, 45000, '', '8888336009100'),
(503, 2, 'Miếng lót sơ sinh Newborn 1(56 miếng)', '', 'Bịch', 0, 72000, '', '8934755030413'),
(504, 2, 'Miếng lót sơ sinh Newborn 2(40 miếng)', '', 'Bịch', 0, 75000, '', '8934755030420'),
(505, 2, 'Tả dán Pamper XL 12kg +(28 miếng)', '', 'Bịch', 0, 128000, '', '4902430524056'),
(506, 2, 'Tả giấy Huggiesm Dry Xl 11-16kg(8 miếng)', '', 'Bịch', 0, 39000, '', '8888336002262'),
(507, 2, 'Tả giấy Huggiesm Dry Xl 11kg - 16kg(34 miếng)', '', 'Bịch', 0, 156000, '', '4800060421908'),
(508, 2, 'Bánh Wasuka Cheeseroll hộp vàng(24 gói x 12g)', '', 'Hộp', 0, 32000, '', '8994391010781'),
(509, 2, 'Kẹo dừa sầu riêng Thanh Long(300g)', '', 'Bịch', 0, 28000, '', '8935116012550'),
(510, 2, 'Bánh Wasuka Gigarky(12g)', '', 'bịch', 0, 8000, '', ''),
(511, 2, 'Bánh Wasuka  Cheeseroll (12g)', '', 'Hộp', 0, 8000, '', '8994391010989'),
(512, 2, 'Bánh Nitchi dâu(100g)', '', 'bịch', 0, 8000, '', ''),
(513, 2, 'Bánh Nitchi Socola(100g)', '', 'bịch', 0, 8000, '', ''),
(514, 2, 'Bánh Go Yogurt dâu(24 gói x 12g)', '', 'Hộp', 0, 32000, '', '8886013695240'),
(515, 2, 'Bánh Wasuka Cheeseroll (10 hộp x 12gr)', '', 'Hộp', 0, 75000, '', '8994391012341'),
(516, 2, 'Bánh Wasuka Gigarky Socola hộp nhựa(680g)', '', 'bịch', 0, 35000, '', ''),
(517, 2, 'Bánh Go patato(12 bánh)', '', 'Hộp', 0, 35000, '', '8886013457121'),
(518, 2, 'Kẹo dừa dứa sầu riêng Thanh Long(300g)', '', 'Hộp', 0, 28000, '', '8935116012444'),
(519, 2, 'Kẹo dừa đậu phộng sầu riêng Thanh Long(300g)', '', 'Hộp', 0, 28000, '', '8935116012345'),
(520, 2, 'Thạch dừa Huy Phong(1000g)', '', 'Bịch', 0, 15000, '', '8936017300029'),
(521, 2, 'Bánh Pía Công Lập Thành(500g)', '', 'bịch', 0, 37000, '', ''),
(522, 2, 'Lạp xưởng Công Lập Thành(500g)', '', 'Bịch', 0, 50000, '', '8935102641252'),
(523, 2, 'Đường viên thốt nốt Minh Hoàng(500g)', '', 'bịch', 0, 17000, '', ''),
(524, 2, 'Đường lá thốt nốt Minh Hoàng(1kg)', '', 'bịch', 0, 34000, '', ''),
(525, 2, 'Đường thốt nốt Minh Hoàng(1kg)', '', 'bịch', 0, 32000, '', ''),
(526, 2, 'Bánh đậu xanh Tiên dung(300g)', '', 'Hộp', 0, 35000, '', '8934941010182'),
(527, 2, 'Bấp rang bợ Thanh Mỹ', '', 'bịch', 0, 6000, '', ''),
(528, 2, 'Rau câu trái cây Zoto(700g)', '', 'bịch', 0, 15000, '', ''),
(529, 2, 'Rau câu túi Zoto(500g)', '', 'Túi', 0, 16000, '', '8936036162325'),
(530, 2, 'Cốm sữa tươi sầu riêng Xuân Thanh(180g)', '', 'bịch', 0, 12000, '', ''),
(531, 2, 'Kẹo dâu tây Bích Liên(300g)', '', 'bịch', 0, 20000, '', ''),
(532, 2, 'Nước xúc miệng Listerine(750ml)', '', 'Chai', 0, 102000, '', '8850007811251'),
(533, 2, 'Nước xúc miệng Listerine(250ml)', '', 'Chai', 0, 45000, '', '8850007811213'),
(534, 2, 'Nước xúc miệng Listerine(80ml)', '', 'Chai', 0, 24000, '', '8850007811190'),
(535, 2, 'Kem xua muỗi Soffell(70ml)', '', 'Chai', 0, 17000, '', '8992772065016'),
(536, 2, 'Nước hoa Johnson baby hương ngày hè (xanh lá cây)(50ml)', '', 'chai', 0, 27500, '', ''),
(537, 2, 'Johnson hương ban mai (màu tím)(50ml)', '', 'Chai', 0, 27500, '', '4801010126218'),
(538, 2, 'Dung dich chống muỗi johnson Baby(50ml)', '', 'Chai', 0, 45000, '', '8850007720010'),
(539, 2, 'Nước hoa John hương phấn hoa (màu hồng cam)(50ml)', '', 'chai', 0, 27000, '', ''),
(540, 2, 'Dầu gội đầu Johnson baby Shampo(100ml)', '', 'Chai', 0, 27000, '', '9556006014547'),
(541, 2, 'Dầu gội đầu Johnson baby Shampo(200ml)', '', 'Chai', 0, 39000, '', '9556006000250'),
(542, 2, 'dầu gội đầu Johnson toptotoe (100ml)', '', 'Chai', 0, 27000, '', '9556006012086'),
(543, 2, 'Sữa tắm Johnson (200ml)', '', 'Chai', 0, 45000, '', '9556006061671'),
(544, 2, 'Sữa tắm Johnson Baby bath(500ml)', '', 'Chai', 0, 72000, '', '9556006006665'),
(545, 2, 'Sữa tắm Johnson Baby bath(100ml)', '', 'Chai', 0, 26000, '', '9556006060193'),
(546, 2, 'Sữa tắm Johnson Baby bath(200ml)', '', 'Chai', 0, 39000, '', '9556006000304'),
(547, 2, 'Sữa tắm gội toàn thân Johnson Baby toptotoe(100ml)', '', 'Chai', 0, 27000, '', '9556006012086'),
(548, 2, 'Phấn Johnson baby powder(200g)', '', 'Chai', 0, 35000, '', '8850007500629'),
(549, 2, 'Phấn Johnson baby powder(100g)', '', 'Chai', 0, 26000, '', '8991111102856'),
(550, 2, 'Phấn Johnson baby powder mildness(100g)', '', 'Chai', 0, 26000, '', '8850007011132'),
(551, 2, 'Sữa tắm chứa sữa Johnson baby bath milk(1000ml)', '', 'Chai', 0, 150000, '', '9556006060025'),
(552, 2, 'Sữa tắm chứa sữa Johnson baby bath milk(200ml)', '', 'chai', 0, 39000, '', ''),
(553, 2, 'Sữa tắm chứa sữa Johnson baby bath milk(100ml)', '', 'chai', 0, 26000, '', ''),
(554, 2, 'Nước hoa Johnson baby hương ban mai (màu tím)(125ml)', '', 'chai', 0, 55000, '', ''),
(555, 2, 'Dung dich chống muỗi johnson Baby clear lotion(100ml)', '', 'Chai', 0, 62000, '', '8850007720058'),
(556, 2, 'Johnson baby top to toe(100ml)', '', 'chai', 0, 27000, '', ''),
(557, 2, 'Nước súc miệng Colgate Optic white(250ml)', '', 'chai', 0, 60000, '', ''),
(558, 2, 'Phấn Enchentuer(50g)', '', 'Chai', 0, 27000, '', '8888202018663'),
(559, 2, 'Phấn Johnson baby powder(100g)', '', 'Bao 20Kg', 0, 26000, '', '8850007011170'),
(560, 2, 'Phấn Johnson baby powder(200g)', '', 'Chai', 0, 35000, '', '8850007011187'),
(561, 2, 'Sữa tắm Johnson Baby care(200ml)', '', 'chai', 0, 45000, '', ''),
(562, 2, 'Dụng cụ rửa bình sữa núm vú dạng mút', '', 'Cây', 0, 45000, '', '8938500402364'),
(563, 2, 'Bao tay tiện lợi hợp vệ sinh', '', 'chai', 0, 20000, '', ''),
(564, 2, 'Bình sữa toys(120ml)', '', 'chai', 0, 15000, '', ''),
(565, 2, 'Lược chảy đầu loại lớn', '', 'chai', 0, 2000, '', ''),
(566, 2, 'Bình sữa Wesser Nano Siler(260ml)', '', 'Chai', 0, 115000, '', '8938500402029'),
(567, 2, 'Bình sữa Wesser Nano Siler(150ml)', '', 'chai', 0, 90000, '', ''),
(568, 2, 'Bình sữa Wesser Nano Siler(320ml)', '', 'chai', 0, 120000, '', ''),
(569, 2, 'Bình nước uống Wesser Nano Siler(260ml)', '', 'Chai', 0, 138000, '', '8938500402210'),
(570, 2, 'Bình sữa Wesser Nano Siler(120ml)', '', 'Chai', 0, 80000, '', '8938500402005'),
(571, 2, 'Bình sữa Wesser Nano Silver(180ml)', '', 'Chai', 0, 95000, '', '8938500402012'),
(572, 2, 'Bình sữa Wesser Nano Siler(60ml)', '', 'chai', 0, 65000, '', ''),
(573, 2, 'Mặt nạ dưỡng da dau sữa Venus(40g)', '', 'Bịch', 0, 7000, '', '8936058250031'),
(574, 2, 'Bình sữa Premium Agi(250ml)', '', 'chai', 0, 26000, '', ''),
(575, 2, 'Bình sữa Premium Agi(120ml)', '', 'Chai', 0, 24000, '', '8938500402357'),
(576, 2, 'Bình sữa Premium Agi(60ml)', '', 'chai', 0, 24000, '', ''),
(577, 2, 'Núm vú Wesser(size M)', '', 'Cái', 0, 55000, '', '8938500402074'),
(578, 2, 'Núm vú giả Silicone Agi', '', 'Bao 20Kg', 0, 19000, '', ''),
(579, 2, 'Bình nước uống nhỏ(30ml)', '', 'chai', 0, 1000, '', ''),
(580, 2, 'Bùn khoáng ngọc trai Venus(15ml)', '', 'Bịch', 0, 8000, '', '8936058250062'),
(581, 2, 'Bùn khoáng nha đam Venus(15ml)', '', 'Bịch', 0, 8000, '', '8936058250079'),
(582, 2, 'Mặt nạ dưỡng da nha đam Venus(40g)', '', 'Bịch', 0, 7000, '', '8936058250024'),
(583, 2, 'Mặt nạ dưỡng da Ngọc trai Venus(40g)', '', 'Bịch', 0, 8000, '', '8936058250055'),
(584, 2, 'Mặt nạ dưỡng da dưa leo Venus(40g)', '', 'Bịch', 0, 7000, '', '8936058250048'),
(585, 2, 'Mặt nạ dưỡng da ngăn ngừa mụn(40g)', '', 'Bao 20Kg', 0, 7000, '', ''),
(586, 2, 'Tăm bông rái tay Hello(hủ)', '', 'Hộp', 0, 6000, '', '8493824751203'),
(587, 2, 'Tăm bông rái tay Hello(dạng dịch)', '', 'chai', 0, 2000, '', ''),
(588, 2, 'Sổ tay lớn', '', 'chai', 0, 2000, '', ''),
(589, 2, 'Sổ tay nhỏ', '', 'chai', 0, 1000, '', ''),
(590, 2, 'Dầu xanh con ó(24ml)', '', 'Chai', 0, 65000, '', '8888951888791'),
(591, 2, 'Dầu xanh con ó(12ml)', '', 'Chai', 0, 38000, '', '8888951888784'),
(592, 2, 'Dầu xanh con ó(3ml)', '', 'chai', 0, 13000, '', ''),
(593, 2, 'Dầu gió xanh thiên thảo(12ml)', '', 'chai', 0, 14000, '', ''),
(594, 2, 'Dầu phật linh Trường Sơn(5ml)', '', 'chai', 0, 8500, '', ''),
(595, 2, 'Dầu phật linh Trường Sơn(1.5ml)', '', 'chai', 0, 4000, '', ''),
(596, 2, 'Dầu khuynh diệp OPC(25ml)', '', 'Chai', 0, 35000, '', '8934567001137'),
(597, 2, 'Dầu nóng Trường sơn(10ml)', '', 'Chai', 0, 12000, '', '8934960011702'),
(598, 2, 'Cao xoa cơ bấp con ó(20g)', '', 'Chai', 0, 35000, '', '8888951889057'),
(599, 2, 'Bút chì 2B', '', 'cây', 0, 3500, '', ''),
(600, 2, 'Tăm tre cao cấp Sadaco', '', 'cây', 0, 1500, '', ''),
(601, 2, 'Bút xóa CP-02(12ml)', '', 'Cây', 0, 17000, '', '8935001820062');
INSERT INTO `tbl_resource` (`id`, `idsupplier`, `name`, `name_short`, `unit`, `price_import`, `price_export`, `description`, `barcode`) VALUES
(602, 2, 'Viết đỏ Thiên long', '', 'cây', 0, 3000, '', ''),
(603, 2, 'Viết tím Thiên Long', '', 'Cây', 0, 3000, '', '8935001800347'),
(604, 2, 'Viết xanh Bến nghé', '', 'cây', 0, 3000, '', ''),
(605, 2, 'Băng keo đen', '', 'cuộn', 0, 2500, '', ''),
(606, 2, 'Kim tây Even Flo', '', 'lốc ', 0, 15000, '', ''),
(607, 2, 'Gốm thôm stela hương hoa hồng(20g)', '', 'Bịch', 0, 18000, '', '8992745325314'),
(608, 2, 'Bao thư', '', 'bịch', 0, 5000, '', ''),
(609, 2, 'Băng keo cá nhân Miloplast', '', 'vỉ', 0, 2000, '', ''),
(610, 2, 'Băng keo trong', '', 'cuộn', 0, 1500, '', ''),
(611, 2, 'Keo 502', '', 'Chai', 0, 5000, '', '8934837000037'),
(612, 2, 'Kiếng lớn Vạn thành', '', 'miếng', 0, 5000, '', ''),
(613, 2, 'Kiếng nhỏ Vạn thành', '', 'miếng', 0, 3000, '', ''),
(614, 2, 'Lược lớn', '', 'cây', 0, 3000, '', ''),
(615, 2, 'Thước Duli', '', 'Cây', 0, 3000, '', '8935024560310'),
(616, 2, 'Nhip', '', 'cây', 0, 3500, '', ''),
(617, 2, 'Bút long Cuda(0,1 mm)', '', 'cây', 0, 8000, '', ''),
(618, 2, 'Dũa móng tay', '', 'cây', 0, 2000, '', ''),
(619, 2, 'Viết ball point pen(0,5 mm)', '', 'cây', 0, 6000, '', ''),
(620, 2, 'Kéo nhỏ Great knies', '', 'cây', 0, 6000, '', ''),
(621, 2, 'Keo', '', 'cuộn', 0, 2500, '', ''),
(622, 2, 'Hột quẹt gaz', '', 'cái', 0, 3000, '', ''),
(623, 2, 'Pin con ó 1,5v(1 cặp)', '', 'cặp', 0, 6000, '', ''),
(624, 2, 'Kiềm cắt móng nhỏ', '', 'cây', 0, 11000, '', ''),
(625, 2, 'Kiềm cắt móng lớn', '', 'cây', 0, 13000, '', ''),
(626, 2, 'Pin Golte', '', 'cặp', 0, 5000, '', ''),
(627, 2, 'Pin maxer super', '', 'cặp', 0, 5000, '', ''),
(628, 2, 'Kéo lớn', '', 'cây', 0, 12000, '', ''),
(629, 2, 'Kéo nhỏ', '', 'cây', 0, 4000, '', ''),
(630, 2, 'Thước nhỏ(15 cm)', '', 'cây', 0, 2500, '', ''),
(631, 2, 'Bột bánh xèo Vĩnh Thuận(400g)', '', 'bịch', 0, 11000, '', ''),
(632, 2, 'Hạt nêm maggi lớn(450g)', '', 'bịch', 0, 31000, '', ''),
(633, 2, 'Hột vịt(6 trứng)', '', 'Hộp', 0, 20000, '', '8935051300026'),
(634, 2, 'Hột gà(6 trứng)', '', 'Hộp', 0, 17000, '', '8935051300040'),
(635, 2, 'Trứng cút', '', 'Hộp', 0, 18000, '', '8935051300071'),
(636, 2, 'Trứng bắc thảo(60g x 4 trứng)', '', 'vĩ', 0, 16000, '', ''),
(637, 2, 'Trứng vịt muối(60g x 4 trứng)', '', 'Hộp', 0, 18000, '', '8935051300057'),
(638, 2, 'Bột ngọt Vedan(1 kg)', '', 'bịch', 0, 45000, '', ''),
(639, 2, 'Bột ngọt Vedan(454g)', '', 'Bịch', 0, 27000, '', '8935102411169'),
(640, 2, 'Bột ngọt Vedan(100g)', '', 'Bịch', 0, 6000, '', '8935102411114'),
(641, 2, 'Bột ngọt Aji nomoto(1kg)', '', 'bịch', 0, 58000, '', ''),
(642, 2, 'Bột ngọt Aji nomoto(454g)', '', 'Bịch', 0, 28000, '', '8935039500509'),
(643, 2, 'Đường phèn Biên hòa pro(500g)', '', 'Bịch', 0, 28000, '', '8935015510539'),
(644, 2, 'Đường tinh luyện Sugar(1kg)', '', 'bịch', 0, 21000, '', ''),
(645, 2, 'Muối Iốt Trasalco(1kg)', '', 'bịch', 0, 5500, '', ''),
(646, 2, 'Muối sấy Iốt(500g)', '', 'Bao 20Kg', 0, 5000, '', '8938503138017'),
(647, 2, 'Muối tôm Nam phong', '', 'bịch', 0, 1500, '', ''),
(648, 2, 'Muối tiêu Thu Hà', '', 'Chai', 0, 5000, '', '8938505147062'),
(649, 2, 'Muối hạt', '', 'bịch', 0, 2500, '', ''),
(650, 2, 'Muối bọt', '', 'bịch', 0, 2500, '', ''),
(651, 2, 'Muối Iốt Trasalco(500g)', '', 'bịch', 0, 3000, '', ''),
(652, 2, 'Nấm tuyết trắng Thảo Nguyên Phát(100g)', '', 'Bịch', 0, 48000, '', '8936053350651'),
(653, 2, 'Nắm mèo đen Thảo Nguyên Phát(100g)', '', 'bịch', 0, 27000, '', ''),
(654, 2, 'Nắm đông cô khô Thảo Nguyên Phát(100g)', '', 'bịch', 0, 38000, '', ''),
(655, 2, 'Thịt heo chà bông Thảo Nguyên Phát(250g)', '', 'Hộp', 0, 92000, '', '8936053350453'),
(656, 2, 'Thịt heo chà bông Thảo Nguyên Phát(100g)', '', 'Hộp', 0, 46000, '', '8936053350460'),
(657, 2, 'Rejoice làm sạch gàu 3 trong 1', '', 'Dây', 0, 10000, '', '4902430451277'),
(658, 2, 'Nước xả Downy 1 lần xả(22ml x 10 gói)', '', 'Dây', 0, 14000, '', '4902430154130'),
(659, 2, 'Sửa tắm Double Rich tím', '', 'Dây', 0, 12000, '', '8935030218823'),
(660, 2, 'Sửa tắm Enchanteur tắm tráng và dưỡng ẩm', '', 'Dây', 0, 13000, '', '8935212800716'),
(661, 2, 'Nước xả Downy Chống Khuẩn(22ml x 10 gói)', '', 'Dây', 0, 14000, '', '4902430130158'),
(662, 2, 'Nước xả Downy Cánh Đồng Hoa(22ml x 10 gói)', '', 'Dây', 0, 14000, '', '4902430453134'),
(663, 2, 'Nước xả Downy Sức hút(20ml x 10 gói)', '', 'Dây', 0, 14000, '', '4902430276467'),
(664, 2, 'Nước xã Comfort tinh dầu thơm tinh tế(22ml x 10 gói)', '', 'Dây', 0, 14500, '', '8934868083719'),
(665, 2, 'Comfort tinh dầu thơm thư giãn(22ml x 10 gói)', '', 'Dây', 0, 14500, '', '8934868071860'),
(666, 2, 'Confort đậm đặc(22ml x 10 gói)', '', 'Dây', 0, 14500, '', '8934868062134'),
(667, 2, 'Confort đậm đặc 1 lần xã(22ml x 10 gói)', '', 'Dây', 0, 14500, '', '8934868062158'),
(668, 2, 'Comfort tinh dầu thơm(22ml x 10 gói)', '', 'Dây', 0, 14500, '', '8934868070764'),
(669, 2, 'Confort đậm đặc cho daq nhạy cảm(22ml x 10 gói)', '', 'Bao 20Kg', 0, 14500, '', '8934868062349'),
(670, 2, 'Sửa tắm Double Rich đỏ', '', 'Dây', 0, 12000, '', '8935030218366'),
(671, 2, 'Sửa tắm Double Rich hồng', '', 'Dây', 0, 12000, '', '8935030218380'),
(672, 2, 'Dầu gội X-Men Sport(6g x 10 gói)', '', 'Dây', 0, 12000, '', '8935136808171'),
(673, 2, 'Dầu gọi Sunsilk mềm mượt diệu kỳ(6g x 10 gói)', '', 'Dây', 0, 9000, '', '8934868090090'),
(674, 2, 'Dầu gọi Sunsilk ống mượt rạng ngời-dây đen(7g x 10 gói)', '', 'Bao 20Kg', 0, 9000, '', '8934868090076'),
(675, 2, 'Dầu gọi Sunsilk tóc thẳng hoàn hảo(6g x 10 gói)', '', 'Dây', 0, 9000, '', '8934868090052'),
(676, 2, 'Dầu xả Sunsilk mềm mượt diệu kỳ(6g x 10 gói)', '', 'Bao 20Kg', 0, 9000, '', '8934868090038'),
(677, 2, 'Dầu xả Sunsilk ống mượt rạng ngời-dây màu nâu(6g x 10 gói)', '', 'Dây', 0, 9000, '', '8934868089995'),
(678, 2, 'Dầu gội sạch gàu clear(6g x 10 gói)', '', 'Dây', 0, 13000, '', '8934868086505'),
(679, 2, 'Dầu gội Rejoice đen mượt(6g x 10 gói)', '', 'Dây', 0, 10000, '', '4902430451208'),
(680, 2, 'Dầu gội Pantene Pro V- suôn mượt ống ả(6ml x 10 gói)', '', 'Dây', 0, 13000, '', '4902430512817'),
(681, 2, 'Dầu xã Pantene chăm sóc tóc hư tổn(6g x 10 gói)', '', 'Dây', 0, 13000, '', '4902430512800'),
(682, 2, 'Dầu gội Pantene làm sạch gàu(6g x 10 gói)', '', 'Dây', 0, 13000, '', '4902430512855'),
(683, 2, 'Dầu xã Pantene dưỡng tóc suôn mượt óng ả(8g x 10 gói)', '', 'Cây', 0, 13000, '', '4902430512824'),
(684, 2, 'Dầu gội Pantene bồng bềnh đầy sức sống(6g x 10 gói)', '', 'Dây', 0, 13000, '', '4902430512862'),
(685, 2, 'Dầu gội Pantene dưỡng tóc bóng mượt(8g x 10 gói)', '', 'Dây', 0, 13000, '', '4902430460170'),
(686, 2, 'Dẩu xã Pantene dưỡng chất ngăn rụng tóc(6ml x 10 gói)', '', 'Dây', 0, 13000, '', '4902430512848'),
(687, 2, 'Dầu gội Rejoice siêu mượt(6ml x 10 gói)', '', 'Dây', 0, 10000, '', '4902430511933'),
(688, 2, 'Dầu gội Rejoice giảm tóc sơ rối(6ml x 10 gói)', '', 'Dây', 0, 10000, '', '4902430511964'),
(689, 2, 'Dầu gội Rejoice làm sạch gàu(6ml x 10 gói)', '', 'Dây', 0, 10000, '', '4902430451260'),
(690, 2, 'Rejoice mềm mại và mượt mà(6ml x 10 gói)', '', 'Dây', 0, 10000, '', '4902430451192'),
(691, 2, 'Head Shoulder làm sạch gàu bạc hà mát rượi(6g x 10 gói)', '', 'Dây', 0, 13000, '', '4902430501460'),
(692, 2, 'Sữa tắm E100(4ml x 10 gói)', '', 'Dây', 0, 5000, '', '8935125816163'),
(693, 2, 'Sữa tắm Thebol sữa dê(5,5g x 10 gói)', '', 'Dây', 0, 5000, '', '8936031262112'),
(694, 2, 'Sữa tắm Thebol với tinh chất hoa hồng(5,5g x 10 gói)', '', 'Dây', 0, 5000, '', '8936031262013'),
(695, 2, 'Sữa tắm Witchi(4ml x 12 gói)', '', 'Dây', 0, 5000, '', '8935125814770'),
(696, 2, 'Dầu gội Head Shoulder ngăn rụng tóc(6g x 10 gói)', '', 'Dây', 0, 13000, '', '4902430501477'),
(697, 2, 'Dầu gội Head Shoulder làm sạch gàu dành cho nam(6g x 10 gói)', '', 'Dây', 0, 13000, '', '4902430508247'),
(698, 2, 'Sửa tắm Enchanteur  (hoa hồng vàng)', '', 'Dây', 0, 13000, '', '8935212800266'),
(699, 2, 'Dầu gội Ramus Men bồng bềnh(4ml x 12 gói)', '', 'Dây', 0, 5000, '', '8935125816903'),
(700, 2, 'Dầu gội Pamolive dưỡng ẩm bổ sung cho tóc khô sơ(7ml x 12 gói)', '', 'Dây', 0, 10000, '', '8935102131012'),
(701, 2, 'Dầu gội Clear men mát lạnh tột đỉnh', '', 'Dây', 0, 10000, '', '8934868090601'),
(702, 2, 'Dầu gội Head Shoulder suôn mềm mượt(6g x 12 gói)', '', 'Dây', 0, 13000, '', '4902430501514'),
(703, 2, 'Dầu gội Head Shoulder làm sạch gàu cho da đầu ngứa(6g x 12 gói)', '', 'Dây', 0, 13000, '', '4902430501491'),
(704, 2, 'Dầu gội Head Shoulder hương táo(6g x 12 gói)', '', 'Dây', 0, 13000, '', '4902430501453'),
(705, 2, 'Dầu gội Dove(6g x 12 gói)', '', 'Dây', 0, 13000, '', '8934868088011'),
(706, 2, 'Dầu xã Dove(6g x 12 gói)', '', 'Dây', 0, 13000, '', '8934868077602'),
(707, 2, 'Sữa tắm Hazeline tinh chất sữa dê(5g x 12 gói)', '', 'Dây', 0, 5000, '', '8934868073093'),
(708, 2, 'Sữa tắm Hazeline mầm gạo nhật bản(5g x 12 gói)', '', 'Dây', 0, 5000, '', '8934868073161'),
(709, 2, 'Dầu gội 100% men(5g x 12 gói)', '', 'Dây', 0, 5000, '', '8936031262617'),
(710, 2, 'Sữa tắm dê Unicom(1200ml)', '', 'Chai', 0, 68000, '', '8938500549106'),
(711, 2, 'Sữa tắm Biore', '', 'Dây', 0, 9000, '', '8934681553253'),
(712, 2, 'Sữa tắm Enchentuer romantic', '', 'Dây', 0, 13000, '', '8935212804400'),
(713, 2, 'Dầu gội Romano Classic', '', 'Dây', 0, 10000, '', '8935212810012'),
(714, 2, 'Dầu gội Romano Unique', '', 'Dây', 0, 10000, '', '8935212810357'),
(715, 2, 'Xịt phòng Glade chanh(280ml)', '', 'Chai', 0, 45000, '', '8934889500400'),
(716, 2, 'Viso trắng sáng(3kg)', '', 'Bịch', 0, 104000, '', '8934868091530'),
(717, 2, 'Tide hương Downy(4.5kg)', '', 'Bịch', 0, 145000, '', '4902430488051'),
(718, 2, 'Tide chuyên dụng(6kg)', '', 'Bịch', 0, 178000, '', '4902430309912'),
(719, 2, 'Bột giặt Suft bọt oxy ngat hương xuân(3.8kg)', '', 'bịch', 0, 105000, '', ''),
(720, 2, 'ABA sạch tinh tươm(800g)', '', 'Bịch', 0, 34000, '', '8935125817122'),
(721, 2, 'Tide Downy(800g)', '', 'Bịch', 0, 33500, '', '4902430462556'),
(722, 2, 'Tide hương Downy(400g)', '', 'Bịch', 0, 17000, '', '4902430462563'),
(723, 2, 'Sunlight lau sàn chai lớn(4kg)', '', 'Chai', 0, 86000, '', '8934868080756'),
(724, 2, 'Sunlight lau sàn hương hoa hạ(1kg)', '', 'Chai', 0, 27000, '', '8934868080602'),
(725, 2, 'Sunlight lau sàn hương bạc hà thông(1kg)', '', 'chai', 0, 27000, '', ''),
(726, 2, 'Sunlight lau sàn hương huệ tây lan(1kg)', '', 'Chai', 0, 27000, '', '8934868080718'),
(727, 2, 'Sunlight lau sàn hương lily nhài tây(1kg)', '', 'chai', 0, 27000, '', ''),
(728, 2, 'Nước rửa kinh Ring(950ml)', '', 'Chai', 0, 21000, '', '8936047156054'),
(729, 2, 'Nước rửa kinh Cif(520ml)', '', 'Chai', 0, 26000, '', '8934868079736'),
(730, 2, 'Nước lau bếp Zonrox(500ml)', '', 'Chai', 0, 25000, '', '8936027441200'),
(731, 2, 'Nước lau bếp Cif(520ml)', '', 'chai', 0, 30000, '', ''),
(732, 2, 'Nước tẩy trắng Javel(550g)', '', 'Chai', 0, 9500, '', '8936047157020'),
(733, 2, 'Nước tẩy trắng Javel(1kg)', '', 'Chai', 0, 13500, '', '8936047157037'),
(734, 2, 'Bình xịt côn trùng Jumbo super hương chanh(300ml)', '', 'bình', 0, 34000, '', ''),
(735, 2, 'Bình xịt côn trùng Jumbo Fik(600ml)', '', 'bình', 0, 49000, '', ''),
(736, 2, 'Bình xịt côn trùng Mostly Fik(600ml)', '', 'bình', 0, 32000, '', ''),
(737, 2, 'Bình xịt côn trùng Mostly Fik(600ml)', '', 'Chai', 0, 59000, '', '8935004999338'),
(738, 2, 'Bình xịt côn trùng Mostly Aik(600ml)', '', 'bình', 0, 59000, '', ''),
(739, 2, 'Omo matic chai(2.7kg)', '', 'Chai', 0, 151000, '', '8934868084235'),
(740, 2, 'Omo giật tay(1 kg)', '', 'Chai', 0, 52000, '', '8934868079071'),
(741, 2, 'Bột giặt Omo Comfor(3kg)', '', 'chai', 0, 123000, '', ''),
(742, 2, 'Nước tẩy quần áo Axo Spring Lavneder(800ml)', '', 'chai', 0, 45300, '', ''),
(743, 2, 'Nước tẩy quần áo Axo Spring Lavneder(400ml)', '', 'chai', 0, 22500, '', ''),
(744, 2, 'Nước tẩy quần áo Axo Blosson Pink(800ml)', '', 'chai', 0, 45300, '', ''),
(745, 2, 'Nước tẩy quần áo Axo Pink Green(800ml)', '', 'chai', 0, 42500, '', ''),
(746, 2, 'Nước tẩy quần áo Axo Pink Green(400ml)', '', 'chai', 0, 22500, '', ''),
(747, 2, 'Nước giặt đậm đặc Ariel(1kg)', '', 'chai', 0, 56000, '', ''),
(748, 2, 'Nước tẩy bồn cầu Dick Power(500ml)', '', 'chai', 0, 25000, '', ''),
(749, 2, 'Nước giặt Ariel(3kg)', '', 'chai', 0, 155000, '', ''),
(750, 2, 'ABA(3kg)', '', 'chai', 0, 112000, '', ''),
(751, 2, 'Nước tẩy Duck(900ml)', '', 'Chai', 0, 35000, '', '8934889190021'),
(752, 2, 'Dung dịch vệ sinh phụ nữ Ehebol(100g)', '', 'chai', 0, 21000, '', ''),
(753, 2, 'Nước tẩy Bạch Yến(500g)', '', 'Chai', 0, 16000, '', '8936047151097'),
(754, 2, 'Bột giặt Ariel(3kg)', '', 'Bịch', 0, 118000, '', '4902430454018'),
(755, 2, 'ABA sạch tinh tươm(400g)', '', 'Bịch', 0, 15000, '', '8935125817214'),
(756, 2, 'Viso trắng sáng(4.5kg)', '', 'Bịch', 0, 143000, '', '8934868050759'),
(757, 2, 'Viso trắng sáng hương chanh(2.1kg)', '', 'chai', 0, 73000, '', ''),
(758, 2, 'Viso trắng sáng hương chanh(4.5kg)', '', 'Bịch', 0, 143000, '', '8934868057833'),
(759, 2, 'OMO(4.5kg)', '', 'Bịch', 0, 168000, '', '8934868091714'),
(760, 2, 'Omo Comfort(3kg)', '', 'chai', 0, 123500, '', ''),
(761, 2, 'Omo Comfort(800g)', '', 'chai', 0, 36000, '', ''),
(762, 2, 'OMO(1.2kg)', '', 'Bịch', 0, 50000, '', '8934868091653'),
(763, 2, 'Suft(2.2kg)', '', 'Bịch', 0, 63000, '', '8934868069645'),
(764, 2, 'Suft(3.8kg)', '', 'chai', 0, 105000, '', ''),
(765, 3, 'Cá viên cầu tre(500g)', '', 'bịch', 0, 58000, '', ''),
(766, 3, 'Bò viên cầu tre(200g)', '', 'bịch', 0, 37000, '', ''),
(767, 3, 'Xíu mại cầu tre(500g)', '', 'bịch', 0, 58000, '', ''),
(768, 3, 'Chả giò cầu tre(500g)', '', 'bịch', 0, 45000, '', ''),
(769, 3, 'Chả giò rế tôm cua(500g)', '', 'bịch', 0, 69000, '', ''),
(770, 3, 'Chả giò đặc biệt cầu tre(500g)', '', 'bịch', 0, 52000, '', ''),
(771, 3, 'Chả giò chay cầu tre(500g)', '', 'bịch', 0, 36000, '', ''),
(772, 3, 'Chả giò rế cầu tre(300g)', '', 'bịch', 0, 32000, '', ''),
(773, 3, 'Há cảo Hakao cầu tre(500g)', '', 'bịch', 0, 45000, '', ''),
(774, 3, 'Há cảo mini cầu tre(500g)', '', 'bịch', 0, 54000, '', ''),
(775, 3, 'càng cua Bách hoa(500g)', '', 'bịch', 0, 65000, '', ''),
(776, 3, 'Chả lụa tươi cầu tre(250g)', '', 'bịch', 0, 46000, '', ''),
(777, 3, 'Chả lụa tươi cầu tre(500g)', '', 'bịch', 0, 78000, '', ''),
(778, 3, 'Giò lưỡi cầu tre(500g)', '', 'bịch', 0, 72000, '', ''),
(779, 3, 'Cánh gà CP(500g)', '', 'bịch', 0, 42000, '', ''),
(780, 3, 'Chân gà CP(500g)', '', 'bịch', 0, 45000, '', ''),
(781, 3, 'Đùi gà CP(500g)', '', 'bịch', 0, 30000, '', ''),
(782, 3, 'Lòng gà CP(500g)', '', 'bịch', 0, 30000, '', ''),
(783, 3, 'Bò viên Vissan(200g)', '', 'bịch', 0, 35000, '', ''),
(784, 3, 'Hoành thánh trẻ em(200g)', '', 'bịch', 0, 15000, '', ''),
(785, 3, 'Hoành thánh tôm thịt(200g)', '', 'bịch', 0, 25000, '', ''),
(786, 3, 'Cá viên Trí Thành(200g)', '', 'bịch', 0, 12000, '', ''),
(787, 3, 'Bò viên Trí Thành(200g)', '', 'bịch', 0, 12000, '', ''),
(788, 3, 'Rau hỗn hợp(200g)', '', 'bịch', 0, 23000, '', ''),
(789, 3, 'Há Cảo Hakao(200g)', '', 'bịch', 0, 22000, '', ''),
(790, 3, 'Cá viên cầu tre(250g)', '', 'bịch', 0, 32000, '', ''),
(791, 3, 'Giò lưỡi cầu tre(250g)', '', 'bịch', 0, 32000, '', ''),
(792, 3, 'Tương cà chua Hasaco(250g)', '', 'chai', 0, 8500, '', ''),
(793, 3, 'Tương ớt Hậu Sanh(200g)', '', 'chai', 0, 7000, '', ''),
(794, 3, 'Tương ớt Chinsu(250g)', '', 'chai', 0, 12000, '', ''),
(795, 3, 'Mắm tôm Trí Hải loại 1(210g)', '', 'chai', 0, 11000, '', ''),
(796, 3, 'Mắm tôm Trí Hải loại 1(102g)', '', 'chai', 0, 7000, '', ''),
(797, 3, 'Tương xay Cẩm Hương(200g)', '', 'chai', 0, 8000, '', ''),
(798, 3, 'Mắm nêm ngon Thuận Phát(150ml)', '', 'chai', 0, 9000, '', ''),
(799, 3, 'Mắm ruốc Trí Hải loại 1(102g)', '', 'chai', 0, 12000, '', ''),
(800, 3, 'Sườn non chay', '', 'chai', 0, 150000, '', ''),
(801, 3, 'Gà lát chay', '', 'chai', 0, 150000, '', ''),
(802, 3, 'Heo lát chay', '', 'chai', 0, 150000, '', ''),
(803, 3, 'Tương ớt Chilisauce(200g)', '', 'chai', 0, 7000, '', ''),
(804, 3, 'Tương ớt Cholimex(170g)', '', 'chai', 0, 9000, '', ''),
(805, 3, 'Tương cà Cholimex(170g)', '', 'chai', 0, 12000, '', ''),
(806, 3, 'Tắc xí muội Xuân Hồng(300g)', '', 'chai', 0, 13000, '', ''),
(807, 3, 'Chanh xí muội Xuân Hồng(450g)', '', 'chai', 0, 19000, '', ''),
(808, 3, 'Mắm cá sặc Bé Tư(300g)', '', 'chai', 0, 18000, '', ''),
(809, 3, 'Tương ớt Cholimex(250g)', '', 'chai', 0, 10000, '', ''),
(810, 3, 'Sauce ướp thịt nướng Cholimex(200g)', '', 'chai', 0, 20000, '', ''),
(811, 3, 'Tương ớt xí muội Hậu Sanh(250g)', '', 'chai', 0, 7000, '', ''),
(812, 3, 'Chả lụa chay Âu lạc(250g)', '', 'chai', 0, 25000, '', ''),
(813, 3, 'Mắm ruốc Trí Hải loại 1(180g)', '', 'chai', 0, 20000, '', ''),
(814, 3, 'Ba khía trộn(300g)', '', 'chai', 0, 29000, '', ''),
(815, 3, 'Mắm ruốc Thái(500g)', '', 'bịch', 0, 45000, '', ''),
(816, 3, 'Mắm ruốc Cá Linh(300g)', '', 'bịch', 0, 26000, '', ''),
(817, 3, 'Mắm cá cơm(300g)', '', 'bịch', 0, 26000, '', ''),
(818, 3, 'Mắm cá sặc(300g)', '', 'bịch', 0, 19000, '', ''),
(819, 3, 'Mắm cà pháo(300g)', '', 'bịch', 0, 20000, '', ''),
(820, 3, 'Mắm tép(300g)', '', 'bịch', 0, 12000, '', ''),
(821, 3, 'Dưa mắm trộn(500g)', '', 'bịch', 0, 35000, '', ''),
(822, 3, 'Dưa bồn bồn(500g)', '', 'bịch', 0, 30000, '', ''),
(823, 3, 'Dưa ngó sen(500g)', '', 'bịch', 0, 32000, '', ''),
(824, 3, 'Dưa kiệu(500g)', '', 'bịch', 0, 60000, '', ''),
(825, 3, 'Dưa nụ xanh(500g)', '', 'bịch', 0, 55000, '', ''),
(826, 3, 'Kim chi thập cẩm(500g)', '', 'bịch', 0, 35000, '', ''),
(827, 3, 'Kim chi bồn bồn(500g)', '', 'bịch', 0, 30000, '', ''),
(828, 3, 'Dưa mắm trộn(300g)', '', 'bịch', 0, 25000, '', ''),
(829, 3, 'Mắm ruốt Thái(300g)', '', 'bịch', 0, 30000, '', ''),
(830, 3, 'Ba khía trộn(500g)', '', 'bịch', 0, 48000, '', ''),
(831, 3, 'Dưa bồn bồn(300g)', '', 'bịch', 0, 18000, '', ''),
(832, 3, 'Sữa bột nguyên kem uống liền (Duch Lady) hộp thiếc(900g)', '', 'Hộp', 0, 146000, '', '8936036770537'),
(833, 3, 'Sữa bột nguyên kem uống liền (Duch Lady) hộp thiếc(400g)', '', 'Hộp', 0, 80000, '', '8936036770520'),
(834, 3, 'Sữa bột nguyên kem uống liền (Duch Lady) hộp giấy(400g)', '', 'Hộp', 0, 67000, '', '8936036771862'),
(835, 3, 'Sữa bột Step 1 hộp thiếc (Duch Lady)(900g)', '', 'Hộp', 0, 197000, '', '8936036771442'),
(836, 3, 'Sữa bột Step 2 hộp thiếc (Duch Lady)(900g)', '', 'Hộp', 0, 292000, '', '8936036771589'),
(837, 3, 'Sữa bột Step 1 hộp giấy (Duch Lady)(400g)', '', 'hộp', 0, 95000, '', ''),
(838, 3, 'Sữa bột Step 2 hộp giấy (Duch Lady)(400g)', '', 'hộp', 0, 93000, '', ''),
(839, 3, 'Sữa bột 123 Gold (Duch Lady) hộp thiếc(900g)', '', 'Hộp', 0, 244000, '', '8936036771671'),
(840, 3, 'Sữa bột 123 (Duch Lady) hộp thiếc(900g)', '', 'hộp', 0, 188000, '', ''),
(841, 3, 'Sữa bột 123 (Duch Lady) hộp giấy(400g)', '', 'hộp', 0, 83000, '', ''),
(842, 3, 'Sữa bột 456 (Duch Lady) hộp thiếc(900g)', '', 'Hộp', 0, 180000, '', '8936036771619'),
(843, 3, 'Sữa bột 456 (Duch Lady) hộp giấy(400g)', '', 'hộp', 0, 80000, '', ''),
(844, 3, 'Ngũ cốc dinh dưỡng thịt bò rau củ (Ridielac) hộp giấy(400g)', '', 'Hộp', 0, 47000, '', '8934673207041'),
(845, 3, 'Ngũ cốc dinh dưỡng gạo sữa (Ridielac) hộp giấy(400g)', '', 'hộp', 0, 38000, '', ''),
(846, 3, 'Ngũ cốc dinh dưỡng thịt heo bó xôi (Ridielac)(400g)', '', 'Hộp', 0, 46000, '', '8934673205047'),
(847, 3, 'Ngũ cốc dinh dưỡng gạo trái cây (Ridielac) hộp giấy(400g)', '', 'Hộp', 0, 44000, '', '8934673209045'),
(848, 3, 'Dielac Alpha (Vitamin 456) hộp giấy(400g)', '', 'Hộp', 0, 80000, '', '8934673738620'),
(849, 3, 'Dielac Mama (Vinamilk) hộp giấy(400g)', '', 'Hộp', 0, 76000, '', '8934673114066'),
(850, 3, 'Sữa Diecema (Vinamilk)(400g)', '', 'Hộp', 0, 213000, '', '8934673836616'),
(851, 3, 'Anlene (Vinamilk) hộp giấy trên 51 tuổi(400g)', '', 'Hộp', 0, 142000, '', '9415007030553'),
(852, 3, 'Anlene (Vinamilk) hộp thiếc trên 51 tuổi(400g)', '', 'Bao 20Kg', 0, 158000, '', '9415007030591'),
(853, 3, 'Anlene hộp thiếc trên 51 tuổi (800g)', '', 'Hộp', 0, 286000, '', '9415007030614'),
(854, 3, 'Ensure Gold (Abbot)(400g)', '', 'Hộp', 0, 308000, '', '8886451071378'),
(855, 3, 'Ensure Gold (Abbot)(900g)', '', 'Hộp', 0, 665000, '', '8886451071361'),
(856, 3, 'Sữa Sure Prevent (Vinamilk) hộp thiếc(900g)', '', 'Hộp', 0, 386000, '', '8934673121194'),
(857, 3, 'Sữa Sure Prevent (Vinamilk) hộp thiếc(400g)', '', 'Hộp', 0, 182000, '', '8934673226301'),
(858, 3, 'Sữa Abbot Grow 1 hộp thiếc (400g)', '', 'Hộp', 0, 163000, '', '5099864008685'),
(859, 3, 'Sữa Abbot Grow 3 hộp thiếc (900g)', '', 'Hộp', 0, 304000, '', '5099864008739'),
(860, 3, 'Sữa Gain Plus hộp thiếc (Abbot)(400g)', '', 'Hộp', 0, 236000, '', '5099864009330'),
(861, 3, 'Sữa Gain Plus hộp thiếc (Abbot)(900g)', '', 'Hộp', 0, 490000, '', ''),
(862, 3, 'Pedia (1-3 tuổi) 1+(400g)', '', 'hộp', 0, 160000, '', ''),
(863, 3, 'Pedia (1-3 tuổi) 1+(900g)', '', 'Hộp', 0, 330000, '', '8934673117197'),
(864, 3, 'Pedia (4-6 tuổi) 3+(400g)', '', 'hộp', 0, 160000, '', ''),
(865, 3, 'Pedia (4-6 tuổi) 3+(900g)', '', 'Hộp', 0, 330000, '', '8934673118194'),
(866, 3, 'Optimun Step 2(400g)', '', 'Hộp', 0, 167000, '', '8934673832618'),
(867, 3, 'Optimun Step 123(900g)', '', 'Hộp', 0, 335000, '', '8934673833912'),
(868, 3, 'Dielac Alpha (Vinamilk) 456 4-6 tuổi(900g)', '', 'Hộp', 0, 185000, '', '8934673738910'),
(869, 3, 'Dielac Alpha (Vinamilk) 123 1-3 tuổi(900g)', '', 'Hộp', 0, 190000, '', '8934673737913'),
(870, 1, 'Bánh gạo One - One vị bò nướng(150g)', '', 'hộp', 0, 22000, '', ''),
(871, 1, 'Bánh gạo One - One vị ngọt diệu(150g)', '', 'hộp', 0, 18000, '', ''),
(872, 1, 'Cosy bánh quế vị kem dứa(160g)', '', 'hộp', 0, 12000, '', ''),
(873, 1, 'Cosy bánh quế vị kem dâu(160g)', '', 'hộp', 0, 12000, '', ''),
(874, 1, 'Cosy bánh quế vị kem cam(160g)', '', 'hộp', 0, 12000, '', ''),
(875, 1, 'Custas (Orion)(46g)', '', 'hộp', 0, 10000, '', ''),
(876, 1, 'AFC (Rau cải)(100g)', '', 'hộp', 0, 13000, '', ''),
(877, 1, 'AFC (Lúa mì)(100g)', '', 'hộp', 0, 13000, '', ''),
(878, 1, 'AFC (Sốt Samball)(200g)', '', 'hộp', 0, 22000, '', ''),
(879, 1, 'AFC (Rau cải)(200g)', '', 'hộp', 0, 22000, '', ''),
(880, 1, 'AFC (Lúa mì)(200g)', '', 'hộp', 0, 22000, '', ''),
(881, 1, 'Good Choice (Vị táo)(240g)', '', 'hộp', 0, 30000, '', ''),
(882, 1, 'Good Choice (Vị cam)(240g)', '', 'hộp', 0, 30000, '', ''),
(883, 1, 'Good Choice (Vị thơm)(240g)', '', 'hộp', 0, 30000, '', ''),
(884, 1, 'Cosy (Rắc hạt)(390g)', '', 'hộp', 0, 45000, '', ''),
(885, 1, 'Cosy (Socola)(390g)', '', 'hộp', 0, 45000, '', ''),
(886, 1, 'Cosy bánh xốp (Socola)(120g)', '', 'hộp', 0, 15000, '', ''),
(887, 1, 'Cosy bánh xốp (Dâu)(120g)', '', 'hộp', 0, 15000, '', ''),
(888, 1, 'Cosy bánh xốp (Vani sữa)(120g)', '', 'hộp', 0, 15000, '', ''),
(889, 1, 'Nabati (Nho)(8,5g)', '', 'hộp', 0, 28000, '', ''),
(890, 1, 'Nabati (Phô mai)(10g)', '', 'hộp', 0, 28000, '', ''),
(891, 1, 'Slide (Vị phô mai)(75g)', '', 'hộp', 0, 20000, '', ''),
(892, 1, 'Slide (Vị hành)(75g)', '', 'hộp', 0, 20000, '', ''),
(893, 1, 'Slide (Vị thịt nướng)(75g)', '', 'hộp', 0, 20000, '', ''),
(894, 1, 'Slide (Vị thơm cay)(75g)', '', 'hộp', 0, 20000, '', ''),
(895, 1, 'Slide (Vị tự nhiên)(75g)', '', 'hộp', 0, 20000, '', ''),
(896, 1, 'Slide (Vị thịt nướng)(160g)', '', 'hộp', 0, 32000, '', ''),
(897, 1, 'Slide (Vị thơm vay)(160g)', '', 'hộp', 0, 32000, '', ''),
(898, 1, 'Slide (Vị phô mai)(160g)', '', 'hộp', 0, 32000, '', ''),
(899, 1, 'Slide (Vị hành)(160g)', '', 'hộp', 0, 32000, '', ''),
(900, 1, 'Slide (Vị tự nhiên)(160g)', '', 'hộp', 0, 32000, '', ''),
(901, 1, 'Damco(10g)', '', 'hộp', 0, 30000, '', ''),
(902, 1, 'Solite (Kem bơ sữa)(20 bánh)', '', 'hộp', 0, 35000, '', ''),
(903, 1, 'Solite (Kem vị lá dứa)(20 bánh)', '', 'hộp', 0, 35000, '', ''),
(904, 1, 'Solite (Kem vị dâu)(20 bánh)', '', 'hộp', 0, 35000, '', ''),
(905, 1, 'Choco-Pie (Orion)(180g)', '', 'hộp', 0, 26000, '', ''),
(906, 1, 'Choco-Pie (Orion)(360g)', '', 'hộp', 0, 45000, '', ''),
(907, 1, 'Choco-Pie (Orion)(60g)', '', 'hộp', 0, 10000, '', ''),
(908, 1, 'Kem quế (Trăng An) Sữa dừa(308g)', '', 'hộp', 0, 35000, '', ''),
(909, 1, 'Cosy (Rắc hạt) hộp thiết(700g)', '', 'hộp', 0, 115000, '', ''),
(910, 1, 'Cosy (Bánh quy Marie)(400g)', '', 'hộp', 0, 35000, '', ''),
(911, 1, 'MIX (VFOODS)(30g)', '', 'hộp', 0, 5000, '', ''),
(912, 1, 'Cosy Marie dạng hộp(200g)', '', 'hộp', 0, 22000, '', ''),
(913, 1, 'Hủ tiếu nam vang (Gấu đỏ)(65g)', '', 'gói', 0, 6000, '', ''),
(914, 1, 'Hủ tiếu nam vang (Vifon)(65g)', '', 'gói', 0, 6000, '', ''),
(915, 1, 'Mì chay rau nấm (Gấu đỏ)(63g)', '', 'Gói', 0, 3000, '', '8934679940522'),
(916, 1, 'Mì Colusa(80g)', '', 'gói', 0, 3000, '', ''),
(917, 1, 'Mì Omachi (Lẩu tôm chua cay)(80g)', '', 'Gói', 0, 6000, '', '8936017361150'),
(918, 1, 'Mì Omachi (Sườn hầm ngũ quả)(80g)', '', 'Gói', 0, 6000, '', '8936017361143'),
(919, 1, 'Hủ tiếu nhịp sống(70g)', '', 'Gói', 0, 6000, '', '8934563458140'),
(920, 1, 'Mì tôm Colusa(75g)', '', 'Gói', 0, 3500, '', '8934587992354'),
(921, 1, 'Cháo thịt bằm (Gấu đỏ)(50g)', '', 'Gói', 0, 3500, '', '8934679452407'),
(922, 1, 'Mì kim chi Hàn Quốc(84g)', '', 'Gói', 0, 6000, '', '8934563169169'),
(923, 1, 'Mì tôm(80g)', '', 'gói', 0, 5000, '', ''),
(924, 1, 'Bò rau thơm(72g)', '', 'Gói', 0, 4000, '', '8936000829254'),
(925, 1, 'Mì Omachi (Sốt bò hầm)(82g)', '', 'Bao 20Kg', 0, 6500, '', '8936017361136'),
(926, 1, 'Mì Omachi (Sốt Spaghetti)(89g)', '', 'gói', 0, 6000, '', ''),
(927, 1, 'Mì Omachi (Rong biển vị hải sản)(80g)', '', 'Gói', 0, 6000, '', '8936017363703'),
(928, 1, 'Mì 3 miền (Tôm chua cay)(65g)', '', 'Gói', 0, 3000, '', '8936048470012'),
(929, 1, 'Mì 3 miền (Tôm hùm)(65g)', '', 'Gói', 0, 3000, '', '8936048470029'),
(930, 1, 'Mì Kokomi Gà (Dai ngon từng sợi)(65g)', '', 'Gói', 0, 3000, '', '8936017363406'),
(931, 1, 'Gấu đỏ (Gà sợi phở)(64g)', '', 'gói', 0, 3000, '', ''),
(932, 1, 'Gấu đỏ (Thịt bằm)(64g)', '', 'Gói', 0, 3000, '', '8934679942427'),
(933, 1, 'Mì xào (Tiểu nhị)(80g)', '', 'gói', 0, 5000, '', ''),
(934, 1, 'Phở bò (Vifon)(65g)', '', 'Gói', 0, 5500, '', '8934561020035'),
(935, 1, 'Phở chay (Bình tây)(65g)', '', 'gói', 0, 5000, '', ''),
(936, 1, 'Gấu đỏ (Tôm chua cay)(65g)', '', 'Gói', 0, 3000, '', '8934679941826'),
(937, 1, 'Miến chay ăn liền (Vina Bích Chi)(60g)', '', 'gói', 0, 3000, '', ''),
(938, 1, 'Mì 3 miền (Mì chay lá đa)(65g)', '', 'gói', 0, 3000, '', ''),
(939, 1, 'Mì số đỏ(65g)', '', 'Gói', 0, 3000, '', '8934563139131'),
(940, 1, 'Mì Hảo Hảo xào khô(65g)', '', 'Gói', 0, 3500, '', '8934563151157'),
(941, 1, 'Phở đệ nhất (Vina Acecook)(65g)', '', 'Gói', 0, 5500, '', '8934563215132'),
(942, 1, 'Mì Kokomi Tôm chua cay (65g)', '', 'Gói', 0, 3000, '', '8936017362911'),
(943, 1, 'Cháo đậu xanh (Shangha) thịt bằm(50g)', '', 'hộp', 0, 7000, '', ''),
(944, 1, 'Mì ly Modern xanh dương(65g)', '', 'Ly', 0, 5500, '', '8934563618131'),
(945, 1, 'Cháo đậu xanh (Shangha) trứng gà(50g)', '', 'gói', 0, 7000, '', ''),
(946, 1, 'Kokomi dai ngon từng sợi tôm(65g)', '', 'Bịch', 0, 3000, '', '8936017362911'),
(947, 1, 'Hảo hảo mì sa tế hành(75g)', '', 'Gói', 0, 3500, '', '8934563108168'),
(948, 1, 'Hảo hảo mì gà(75g)', '', 'Gói', 0, 3500, '', '8934563107161'),
(949, 1, 'Hảo hảo mì tôm chua cay(75g)', '', 'Gói', 0, 3500, '', '8934563138165'),
(950, 1, 'Đậu phộng bóc vỏ (Sanchi)(70g)', '', 'gói', 0, 12000, '', ''),
(951, 1, 'Mì ly Modern xanh lá(65g)', '', 'Ly', 0, 5500, '', '8934563621131'),
(952, 1, 'Hủ tiếu bột gạo lọc SAGIANG', '', 'Bịch', 0, 16000, '', '8934746052028'),
(953, 1, 'Vải thiều trong nước đường', '', 'Lon', 0, 30000, '', '8934696000223'),
(954, 1, 'Hạt điều rang muối (NvàN)(35g)', '', 'gói', 0, 8000, '', ''),
(955, 1, 'Đậu phộng chiên (Sanchi)(70g)', '', 'Bịch', 0, 12000, '', '8935149506026'),
(956, 1, 'Lipton (Yellow Label Tea)(25 túi x 2g/túi)', '', 'Hộp', 0, 35000, '', '8934707000969'),
(957, 1, 'Trà ATISO (Tâm Châu)(2g x 100 gói)', '', 'Bịch', 0, 52000, '', '8935025320753'),
(958, 1, 'Bánh mango Blast (18g)', '', 'Bịch', 0, 3000, '', '8992741905022'),
(959, 1, 'Đậu phộng chiên muối (Tài Tài)(40g)', '', 'gói', 0, 8000, '', ''),
(960, 1, 'Trà hương (Ngọc Trang) chim én(70g)', '', 'gói', 0, 6000, '', ''),
(961, 1, 'Trà lài (Tâm Châu)(100g)', '', 'gói', 0, 11000, '', ''),
(962, 1, 'Trà Olong (Phương Đông)(100g)', '', 'Hộp', 0, 58000, '', '8936046490135'),
(963, 1, 'Trà ATISO (Tâm Châu)(40g)', '', 'Hộp', 0, 15000, '', '8935025320425'),
(964, 1, 'Trà Tết đỏ', '', 'gói', 0, 20000, '', ''),
(965, 1, 'Trà Tết vàng', '', 'gói', 0, 20000, '', ''),
(966, 1, 'Tổ yến chưng đường phèn(70ml)', '', 'gói', 0, 38000, '', ''),
(967, 1, 'Cháo đậu xanh (Shangha) thập cẩm(50g)', '', 'gói', 0, 7000, '', ''),
(968, 1, 'Mì Tom Yum thịt bằm (VIFON)(60g)', '', 'gói', 0, 5500, '', ''),
(969, 1, 'Milkita (Unican)(450g)', '', 'gói', 0, 2000, '', ''),
(970, 1, 'Trà ô long (Phương Đông)(100g)', '', 'Bịch', 0, 42000, '', '8936046490098'),
(971, 1, 'Trà hoa cúc(400g)', '', 'Lon', 0, 45000, '', '8936024120023'),
(972, 1, 'Kẹo Jinmy(15g)', '', 'gói', 0, 5000, '', ''),
(973, 1, 'Kẹo Yupi (Mango Blast)(18g)', '', 'gói', 0, 3000, '', ''),
(974, 1, 'Big Hand (Lally Maria)(12g)', '', 'hộp', 0, 2000, '', ''),
(975, 1, 'Doublemint(15g)', '', 'Bao 20Kg', 0, 3000, '', '02217206'),
(976, 1, 'Kẹo nhai Mentos(30g)', '', 'hộp', 0, 5000, '', ''),
(977, 1, 'Cool Air (10 viên)(146g)', '', 'Vĩ', 0, 4000, '', '8938500642258'),
(978, 1, 'Cool Air(58.4g)', '', 'Chai', 0, 13000, '', '8938500642722'),
(979, 1, 'Trà xanh Thái Nguyên đỏ(10 x 15g)', '', 'hộp', 0, 10000, '', ''),
(980, 1, 'Mủ trôm cao cấp Dương Thảo(10 x 15g)', '', 'Hộp', 0, 35000, '', '8938503010016'),
(981, 1, 'Mủ trôm yến sào cao cấp Dương Thảo(16g)', '', 'Hộp', 0, 65000, '', '8938503010078'),
(982, 1, 'Cool Air (dạng bịch)', '', 'gói', 0, 28000, '', ''),
(983, 1, 'Kẹo dẻo Zoo (Bibica)', '', 'Bịch', 0, 2000, '', '8934609103027'),
(984, 1, 'Lipton Ice Tea tặng bình(150g)', '', 'hộp', 0, 32000, '', ''),
(985, 1, 'Trà xanh Thái Nguyên vàng', '', 'hộp', 0, 16000, '', ''),
(986, 1, 'Trà lài (cầu tre)(200g)', '', 'Bịch', 0, 18000, '', '8934717011054'),
(987, 1, 'Trà xanh Thái Nguyên xanh', '', 'hộp', 0, 18000, '', ''),
(988, 1, 'Trà xanh Thái Nguyên (dạng hủ) Trà Phúc Vân Tiên(200g)', '', 'hộp', 0, 32000, '', ''),
(989, 1, 'Trà xanh Thái Nguyên (dạng hủ) Trà móc câu', '', 'hộp', 0, 30000, '', ''),
(990, 1, 'Trà xanh hòa tan Hams(10 gói x 17g/gói)', '', 'hộp', 0, 18000, '', ''),
(991, 1, 'Trà xanh hòa tan Harris(17 gói x 15g/gói)', '', 'Hộp', 0, 32000, '', '8936052158098'),
(992, 1, 'Goodwrap (Starway)(12cm)', '', 'cây', 0, 10000, '', ''),
(993, 1, 'Bánh Goute (Orion)(45g)', '', 'Hộp', 0, 10000, '', '8936036021301'),
(994, 1, 'Marine Boy (Orion) vị rong biển(30g)', '', 'Hộp', 0, 10000, '', '8936036021172'),
(995, 1, 'Marine Boy (Orion) vị cà chua(30g)', '', 'Hộp', 0, 10000, '', '8936036021493'),
(996, 1, 'Marine Boy (Orion) vị tôm nướng(30g)', '', 'Hộp', 0, 10000, '', '8936036021165'),
(997, 1, 'Kẹo me Kim Phụng(250g)', '', 'bịch', 0, 12000, '', ''),
(998, 1, 'Kẹo dâu tây(450g)', '', 'bịch', 0, 20000, '', ''),
(999, 1, 'Tamarin (kẹo me)(150g)', '', 'Bịch', 0, 14000, '', '8996001338056'),
(1000, 1, 'Kopiko (kẹo café sữa)(150g)', '', 'Bịch', 0, 14000, '', '8996001320136'),
(1001, 1, 'FRES mint Barley(150g)', '', 'Bịch', 0, 14000, '', '8996001338063'),
(1002, 1, 'Oishi (kẹo vị ổi)(90g)', '', 'bịch', 0, 7000, '', ''),
(1003, 1, 'Oishi (kẹo vị dưa gang)(90g)', '', 'bịch', 0, 7000, '', ''),
(1004, 1, 'Oishi (kẹo vị sữa chua)(90g)', '', 'bịch', 0, 8000, '', ''),
(1005, 1, 'Kẹo mềm sữa (Sumika)(140g)', '', 'Bịch', 0, 12000, '', '8934609105175'),
(1006, 1, 'Rau câu thạch hương trái cây(1000g)', '', 'bịch', 0, 35000, '', ''),
(1007, 1, 'Kẹo dẻo trái cây (Floppy)(200g)', '', 'Bịch', 0, 30000, '', '8936023040209'),
(1008, 1, 'Chocolate(150g)', '', 'hộp', 0, 30000, '', ''),
(1009, 1, 'Bánh phồng tôm 10% (Sa Giang)(200g)', '', 'Hộp', 0, 13500, '', '8934746015320'),
(1010, 1, 'Bánh phồng cua đặc biệt (Sa Giang)(200g)', '', 'hộp', 0, 14000, '', ''),
(1011, 1, 'Bánh phồng tôm hạnh phúc (Sa Giang)(200g)', '', 'Hộp', 0, 15000, '', '8934746053919'),
(1012, 1, 'Bánh phồng mực (Sa Giang)(200g)', '', 'hộp', 0, 14000, '', ''),
(1013, 1, 'Bánh phồng chay (Sa Giang)(200g)', '', 'Hộp', 0, 15000, '', '8934746051069'),
(1014, 1, 'Bánh phồng tôm tứ quý (Sa Giang)(100g)', '', 'bịch', 0, 7000, '', ''),
(1015, 1, 'Bún gạo Sa Đéc (Sa Giang)(200g)', '', 'Bịch', 0, 8500, '', '8934746053728'),
(1016, 1, 'Bánh phở Sa Đéc (Sa Giang)(400g)', '', 'Bịch', 0, 16000, '', '8934746052189'),
(1017, 1, 'Miến Phú Hưng(210g)', '', 'Bịch', 0, 23000, '', '8934563321406'),
(1018, 1, 'Mì hột gà (Tấn Phát)(400g)', '', 'bịch', 0, 12000, '', ''),
(1019, 1, 'Mì rau củ (Safoco)(500g)', '', 'Bịch', 0, 22000, '', '8934678020102'),
(1020, 1, 'Nui nở rau củ (Safoco)(200g)', '', 'bịch', 0, 12000, '', ''),
(1021, 1, 'Nui bốn mùa (200g)', '', 'Bịch', 0, 10000, '', '8935106834889'),
(1022, 1, 'Nui đặc biệt (Safoco) loại N(200g)', '', 'bịch', 0, 10000, '', ''),
(1023, 1, 'Nui đặc biệt (Safoco) loại K(200g)', '', 'bịch', 0, 10000, '', ''),
(1024, 1, 'Nui (Mekong)(200g)', '', 'Bịch', 0, 8000, '', '8935019314294'),
(1025, 1, 'Bánh canh ăn liền (Sa Giang)(70g)', '', 'Bịch', 0, 4500, '', '8934746051007'),
(1026, 1, 'Mì ly Modern đỏ(65g)', '', 'Ly', 0, 5500, '', '8934563619138'),
(1027, 1, 'Mì Đệ Nhất (82g)', '', 'Bịch', 0, 5500, '', '8934563165161'),
(1028, 1, 'Mì Hảo 100(65g)', '', 'Bịch', 0, 3000, '', '8934563123130'),
(1029, 1, 'Mì Mikochi(84g)', '', 'Bịch', 0, 6000, '', '8934563169169'),
(1030, 1, 'Mì Bốn Phương(70g)', '', 'Bịch', 0, 3500, '', '8934563193140'),
(1031, 1, 'Mì Tiến Vua bắp cải thịt(71g)', '', 'Bịch', 0, 3500, '', '8936017361006'),
(1032, 1, 'Mì Tiến Vua tôm chua cay(71g)', '', 'Bịch', 0, 3500, '', '8936017363253'),
(1033, 1, 'Kẹo Sumika socola sữa(70g)', '', 'bịch', 0, 7000, '', ''),
(1034, 1, 'Kẹo Sumika sữa dâu(70g)', '', 'bịch', 0, 7000, '', ''),
(1035, 1, 'Kẹo Sumika sữa(70g)', '', 'Bịch', 0, 7000, '', '8934609101917'),
(1036, 1, 'Kẹo Volcano nhân socola(70g)', '', 'bịch', 0, 7000, '', ''),
(1037, 1, 'Kẹo sữa cà phê (Bibica)(70g)', '', 'Bịch', 0, 7000, '', '8934609102952'),
(1038, 1, 'Kẹo trái cây bốn mùa (Bibica)(70g)', '', 'bịch', 0, 7000, '', ''),
(1039, 1, 'Kẹo Migita bạc hà(70g)', '', 'Bịch', 0, 7000, '', '8934609413133'),
(1040, 1, 'Kẹo Migita hương me(70g)', '', 'Bịch', 0, 7000, '', '8934609412136'),
(1041, 1, 'Kẹo Sumika sữa(140g)', '', 'bịch', 0, 12000, '', ''),
(1042, 1, 'Kẹo Sumika sữa dâu(140g)', '', 'Bịch', 0, 12000, '', '8934609105151'),
(1043, 1, 'Kẹo Sumika socola sữa(140g)', '', 'bịch', 0, 12000, '', ''),
(1044, 1, 'Kẹo trái cây bốn mùa(70g)', '', 'Bịch', 0, 7000, '', '8934609411337'),
(1045, 1, 'Kẹo tứ quý nhân trái cây(140g)', '', 'Bịch', 0, 10000, '', '8934609102259'),
(1046, 1, 'Kẹo dẻo Thanh Châu(160g)', '', 'bịch', 0, 20000, '', ''),
(1047, 1, 'Kẹo dẻo Thanh Châu', '', 'bịch', 0, 14000, '', ''),
(1048, 1, 'Mít sấy Đại Gia Thành(100g)', '', 'Bịch', 0, 20000, '', '8936013840642'),
(1049, 1, 'Mít sấy Đại Gia Thành(20g)', '', 'Bịch', 0, 7000, '', '8936013840512'),
(1050, 1, 'Chuối sấy Đại Gia Thành(30g)', '', 'bịch', 0, 6000, '', ''),
(1051, 1, 'Mực Tân Tân', '', 'bịch', 0, 30000, '', ''),
(1052, 1, 'Đậu phộng rang muối Thanh Hòa', '', 'bịch', 0, 3000, '', ''),
(1053, 1, 'Kẹo Volcano(70g)', '', 'bịch', 0, 7000, '', ''),
(1054, 1, 'Kẹo Volcano(100g)', '', 'Bịch', 0, 9000, '', '8934609102785'),
(1055, 2, 'Stella hương hoa hồng(250ml)', '', 'chai', 0, 40000, '', ''),
(1056, 2, 'Stella Mùi Odour Neutralizer(250ml)', '', 'chai', 0, 40000, '', ''),
(1057, 2, 'Clear Men bạc hà(180g)', '', 'chai', 0, 46000, '', ''),
(1058, 2, 'Clear Men bạc hà(370g)', '', 'chai', 0, 81000, '', ''),
(1059, 2, 'Clear mát lạnh bạc hà(180g)', '', 'Chai', 0, 43000, '', '8934868046073'),
(1060, 2, 'Clear dưỡng mềm mượt 2 trong 1(180g)', '', 'chai', 0, 41000, '', ''),
(1061, 2, 'Ramus hot style(175g)', '', 'chai', 0, 43000, '', ''),
(1062, 2, 'Heade Shoulder bạc hà(180g)', '', 'Chai', 0, 41000, '', '4902430375825'),
(1063, 2, 'Heade Shoulder suôn mềm óng mượt(180g)', '', 'chai', 0, 41000, '', ''),
(1064, 2, 'Heade Shoulder cho da đầu ngứa(180g)', '', 'Chai', 0, 41000, '', '4902430375856'),
(1065, 2, 'Heade Shoulder dưỡng chất ngăn rụng tóc(650g)', '', 'chai', 0, 115000, '', ''),
(1066, 2, 'Clear bạc hà(650g)', '', 'Chai', 0, 120000, '', '8934868046097'),
(1067, 2, 'Pantene ngăn rụng tóc(670g)', '', 'chai', 0, 95000, '', ''),
(1068, 2, 'Pantene dưỡng tóc bóng mượt(335g)', '', 'chai', 0, 59000, '', ''),
(1069, 2, 'Pantene Nature care Shampoo(170g)', '', 'chai', 0, 29000, '', ''),
(1070, 2, 'Sữa tắm E100 hoa hồng(800ml)', '', 'chai', 0, 65000, '', ''),
(1071, 2, 'Sữa tắm E100 sữa dê(1.2 lít)', '', 'Chai', 0, 85000, '', '8935125816934'),
(1072, 2, 'Pantene dưỡng tóc bóng mượt(170g)', '', 'chai', 0, 34000, '', ''),
(1073, 2, 'Dove tinh dầu dưỡng(180g)', '', 'chai', 0, 34000, '', ''),
(1074, 2, 'Dove ngăn rụng tóc(180g)', '', 'chai', 0, 34000, '', ''),
(1075, 2, 'Dove thẳng mượt mà(180g)', '', 'chai', 0, 32000, '', ''),
(1076, 2, 'E 100 sữa tắm dê(520ml)', '', 'Chai', 0, 50000, '', '8935125816491'),
(1077, 2, 'Sunsilk óng mượt rạng ngời(180g)', '', 'Chai', 0, 29000, '', '8934868077732'),
(1078, 2, 'Sunsilk mềm mượt kỳ diệu(180g)', '', 'Chai', 0, 29000, '', '8934868077824'),
(1079, 2, 'Sunsilk mềm mượt kỳ diệu(380g)', '', 'chai', 0, 48000, '', ''),
(1080, 2, 'The bol dầu gội dưỡng tóc mượt(210g)', '', 'Chai', 0, 26000, '', '8936031264758'),
(1081, 2, 'The bol dầu gội 5 in 1 tinh chất olive(210g)', '', 'Chai', 0, 26000, '', '8936031264765'),
(1082, 2, 'The bol sữa tắm tinh chất hoa hồng(700g)', '', 'Chai', 0, 83000, '', '8936031261887'),
(1083, 2, 'Dầu gội Clony mượt tóc không cần dầu xả(680ml)', '', 'Chai', 0, 61000, '', '8935125815517'),
(1084, 2, 'Head Shoulder ngăn rụng tóc(364g)', '', 'chai', 0, 71000, '', ''),
(1085, 2, 'Head Shoulder hương táo(364g)', '', 'Chai', 0, 71000, '', '4902430427647'),
(1086, 2, 'Dầu gội X-Men Sport(380g)', '', 'Chai', 0, 83000, '', '8935136805156'),
(1087, 2, 'Dầu gội X-Men Active 1(380g)', '', 'Chai', 0, 83000, '', '8935136815179'),
(1088, 2, 'Dầu gội X-Men Active 2(380g)', '', 'chai', 0, 83000, '', ''),
(1089, 2, 'Dầu gội X-Men Active 2 in 1(650g)', '', 'chai', 0, 132000, '', ''),
(1090, 2, 'Dầu gội X-Men Active 1(650g)', '', 'chai', 0, 132000, '', ''),
(1091, 2, 'Dầu gội X-Men Active(380g)', '', 'chai', 0, 83000, '', ''),
(1092, 2, 'Romano classic shampoo(650g)', '', 'Chai', 0, 142000, '', '8935212810043'),
(1093, 2, 'Romano classic shower sữa tắm(650g)', '', 'Chai', 0, 129000, '', '8935212810074'),
(1094, 2, 'Romano classic shampoo men(150g)', '', 'Chai', 0, 49000, '', '8935212810029'),
(1095, 2, 'Romano classic Clue Cel(150g)', '', 'chai', 0, 41000, '', ''),
(1096, 2, 'Romano classic Body Spray nước hoa(100ml)', '', 'chai', 0, 68000, '', ''),
(1097, 2, 'Romano classic Shaving Foan bọt cạo râu(175ml)', '', 'chai', 0, 58000, '', ''),
(1098, 2, 'Romano classic Body Spray nước hoa(150ml)', '', 'chai', 0, 79500, '', ''),
(1099, 2, 'Gillette Menthol(175g)', '', 'Chai', 0, 59000, '', '047400247307'),
(1100, 2, 'Gillette Lemon lime(175g)', '', 'Chai', 0, 59000, '', '047400245105'),
(1101, 2, 'Double Rich Blooming love H.Anh Đào(550g)', '', 'Chai', 0, 82000, '', '8935030217833'),
(1102, 2, 'Double Rich  Dreamy Romance Hoa Iris(550g)', '', 'chai', 0, 82000, '', ''),
(1103, 2, 'Double Rich  Qhite Purity Hoa lily(550g)', '', 'Chai', 0, 82000, '', '8935030217826'),
(1104, 2, 'Double Rich Soft và Smooth dầu gội(350g)', '', 'Chai', 0, 54000, '', '8935030218465'),
(1105, 2, 'Double Rich Soft và Smooth dầu gội(180g)', '', 'Chai', 0, 34000, '', '8935030218458'),
(1106, 2, 'Double Rich  Revitalizing dầu gội(180g)', '', 'Chai', 0, 34000, '', '8935030218427'),
(1107, 2, 'Lifebouy chăm sóc da(270g)', '', 'Chai', 0, 37000, '', '8934868076544'),
(1108, 2, 'Lifebouy thiên nhiên(270g)', '', 'Chai', 0, 37000, '', '8934868076483'),
(1109, 2, 'Rejoice (Dầu gội đầu ngăn rụng tóc)(170g)', '', 'chai', 0, 27000, '', ''),
(1110, 2, 'Rejoice (Dầu gội siêu mượt tóc)(170g)', '', 'Chai', 0, 29000, '', '4902430451611'),
(1111, 2, 'Rejoice (Dầu gội 3 trong 1)(650g)', '', 'Chai', 0, 79000, '', '4902430451758'),
(1112, 2, 'Rejoice (Dầu gội giảm tóc xơ rối)(170g)', '', 'chai', 0, 27000, '', ''),
(1113, 2, 'Rejoice (Dầu gội đen mượt tóc)(170g)', '', 'chai', 0, 27000, '', ''),
(1114, 2, 'Rejoice (Dầu gội giảm tóc xơ rối)(650g)', '', 'chai', 0, 72000, '', ''),
(1115, 2, 'Rejoice (Dầu gội làm sạch gàu)(650g)', '', 'chai', 0, 72000, '', ''),
(1116, 2, 'Head và Shoulders(Dầu xả ngăn rụng tóc)(170g)', '', 'chai', 0, 35000, '', ''),
(1117, 2, 'Head và Shoulders(Dầu xả bạc hà mát rượi)(170g)', '', 'chai', 0, 35000, '', ''),
(1118, 2, 'Head và Shoulders(Dầu xả suôn mềm ,óng mượt)(170g)', '', 'chai', 0, 35000, '', ''),
(1119, 2, 'Head và Shoulders(Dầu xả suôn mềm ,óng mượt)(180g)', '', 'chai', 0, 41000, '', ''),
(1120, 2, 'Head và Shoulders(Cho da đầu ngứa)(180g)', '', 'Chai', 0, 41000, '', '4902430375856'),
(1121, 2, 'Head và Shoulders(Ngăn rụng tóc cho nam)(364g)', '', 'chai', 0, 69000, '', ''),
(1122, 2, 'LUX(Sữa tắm mềm mịn)(200g)', '', 'Chai', 0, 37000, '', '8934868092681'),
(1123, 2, 'LUX(Sữa tắm trắng mịn)(200g)', '', 'chai', 0, 37000, '', ''),
(1124, 2, 'Dove (Dầu gội thẳng mượt mà)(180g)', '', 'chai', 0, 32000, '', ''),
(1125, 2, 'Double rich(Sữa tắm từ hoa lris)(200g)', '', 'chai', 0, 37000, '', ''),
(1126, 2, 'Double rich(Sữa tắm từ hoa lris)(400g)', '', 'Chai', 0, 65000, '', '8935030218809'),
(1127, 2, 'Double rich(Sữa tắm từ hoa anh đào)(200g)', '', 'Chai', 0, 37000, '', '8935030217895'),
(1128, 2, 'Double rich(Sữa tắm từ hoa anh đào)(400g)', '', 'chai', 0, 65000, '', ''),
(1129, 2, 'Double rich(Sữa tắm từ hoa hồng)(200g)', '', 'Chai', 0, 37000, '', '8935030217871'),
(1130, 2, 'Double rich(Sữa tắm từ hoa hồng)(400g)', '', 'chai', 0, 65000, '', ''),
(1131, 2, 'Double rich(Sữa tắm từ hoa lily)(400g)', '', 'Chai', 0, 65000, '', '8935030217857'),
(1132, 2, 'E 100 (Sữa tắm ( tinh chất sữa dê))(800ml)', '', 'Chai', 0, 65000, '', '8935125816552'),
(1133, 2, 'Glade lilac Spring(280ml)', '', 'Chai', 0, 45000, '', '8934889500462'),
(1134, 2, 'Pamolive dưởng ẩm bổ sung', '', 'Chai', 0, 32000, '', '8935102130978'),
(1135, 2, 'Glade Classic rose(280ml)', '', 'Chai', 0, 45000, '', '8934889500424'),
(1136, 2, 'Ramus Creation(190g)', '', 'Chai', 0, 35000, '', '8935125815418'),
(1137, 2, 'Ramus Dynamism(190g)', '', 'Chai', 0, 30000, '', '8935125815425'),
(1138, 2, 'Dầu gội Pamolive suôn mượt óng ả(200ml)', '', 'Chai', 0, 32000, '', '8935102130985'),
(1139, 2, 'Thebol (Dung dịch vệ sinh phụ nữ)(250g)', '', 'chai', 0, 41000, '', ''),
(1140, 2, 'Thebol (Dung dịch vệ sinh phụ nữ)(100g)', '', 'chai', 0, 21000, '', ''),
(1141, 2, 'Thebol (Sữa tắm tinh chất sữa cừu và hoa hồng)(210g)', '', 'chai', 0, 28000, '', ''),
(1142, 2, 'Thebol (Sữa tắm tinh chất sữa dê ngọc trai)(200g)', '', 'chai', 0, 33000, '', ''),
(1143, 2, 'Thebol (Sữa tắm tinh chất hoa hồng)(200g)', '', 'chai', 0, 33000, '', ''),
(1144, 2, 'Thebol (Sữa tắm tinh chất hoa hồng, hạt massge)(600g)', '', 'chai', 0, 96000, '', ''),
(1145, 2, 'Thebol (Sữa tắm tinh chất sữa hoa hồng)(700g)', '', 'chai', 0, 83000, '', ''),
(1146, 2, 'Thebol (Sữa tắm tinh chất ngọc trai hạt massge)(600g)', '', 'chai', 0, 96000, '', ''),
(1147, 2, 'Thebol (Sữa tắm tinh chất sữa dê ngọc trai)(700g)', '', 'chai', 0, 83000, '', ''),
(1148, 2, 'DOVE (Sữa tắm dưỡng thể)(180g)', '', 'chai', 0, 42000, '', ''),
(1149, 2, 'DOVE (Sữa tắm dưỡng thể)(530g)', '', 'chai', 0, 104000, '', ''),
(1150, 2, 'Enchanteur (Sữa tắm trắng kem sữa tươi)(175g)', '', 'chai', 0, 53000, '', ''),
(1151, 2, 'Enchanteur (Sữa tắm trắng kem sữa tươi)(450g)', '', 'chai', 0, 109000, '', ''),
(1152, 2, 'Enchanteur (Sữa tắm Charming)(650g)', '', 'chai', 0, 106000, '', ''),
(1153, 2, 'Enchanteur (Dầu gội siêu mượt)(650g)', '', 'chai', 0, 129000, '', ''),
(1154, 2, 'Enchanteur (Dầu gội siêu mượt)(180g)', '', 'chai', 0, 43000, '', ''),
(1155, 2, 'Gervenne (Sữa tắm hương nước hoa)(900g)', '', 'chai', 0, 95000, '', ''),
(1156, 2, 'Ever Poit (Sữa tắm trắng da ngừa lão hóa)(175g)', '', 'chai', 0, 40000, '', ''),
(1157, 2, 'Enchanteur (Sữa tắm mềm min, giữ ẩm da)(180g)', '', 'chai', 0, 45000, '', ''),
(1158, 2, 'Enchanteur (Sữa tắm Charming)(180g)', '', 'chai', 0, 45000, '', ''),
(1159, 2, 'Downy (Passion) Đam mê(370ml)', '', 'chai', 0, 26000, '', ''),
(1160, 2, 'Downy (AntiBac)(370ml)', '', 'chai', 0, 26000, '', ''),
(1161, 2, 'Downy (Garden Bloom) Cánh đồng hoa(400ml)', '', 'chai', 0, 26000, '', ''),
(1162, 2, 'Downy (Một lần xã)(370ml)', '', 'chai', 0, 26000, '', ''),
(1163, 2, 'Downy (Sunrise Frech) Hương nắng mai(400ml)', '', 'chai', 0, 26000, '', ''),
(1164, 2, 'Downy (Innocance) Thơ ngây(370ml)', '', 'chai', 0, 26000, '', ''),
(1165, 2, 'Downy (AntiBac) Chống khuẩn(900ml)', '', 'chai', 0, 62000, '', ''),
(1166, 2, 'Downy (Một lần xã)(900 ml)', '', 'chai', 0, 62500, '', ''),
(1167, 2, 'Downy (Attraction) Sức hút(900 ml)', '', 'chai', 0, 62000, '', ''),
(1168, 2, 'Downy (Passion) Đam mê(900 ml)', '', 'chai', 0, 62000, '', ''),
(1169, 2, 'Downy (Garden Bloom) Cánh đồng hoa(1 lít)', '', 'chai', 0, 62000, '', ''),
(1170, 2, 'Comfort 1 lần xã(Hương ban mai)(800 ml)', '', 'chai', 0, 50000, '', ''),
(1171, 2, 'Comfort (Thư giãn)(800 ml)', '', 'chai', 0, 55000, '', ''),
(1172, 2, 'Comfort (Tinh tế)(800 ml)', '', 'chai', 0, 55000, '', ''),
(1173, 2, 'Siusop (Nước xã hương hoa hồng)(900 ml)', '', 'chai', 0, 30000, '', ''),
(1174, 2, 'Sunlight(chanh 100)(400 g)', '', 'chai', 0, 12500, '', ''),
(1175, 2, 'Sunlight(chanh 100)(800 g)', '', 'chai', 0, 23000, '', ''),
(1176, 2, 'Sunlight(khử mùi tanh)trà xanh và chanh(400 g)', '', 'chai', 0, 15000, '', ''),
(1177, 2, 'Sunlight(khử mùi tanh)trà xanh và chanh(800 g)', '', 'chai', 0, 28000, '', ''),
(1178, 2, 'Mỹ hảo (hương chanh)(450 ml)', '', 'chai', 0, 10000, '', ''),
(1179, 2, 'Mỹ hảo (hương chanh)(800 ml)', '', 'chai', 0, 17000, '', ''),
(1180, 2, 'Mỹ hảo (Trà chanh)(800 ml)', '', 'chai', 0, 20000, '', ''),
(1181, 2, 'Sunlight(chanh 100)(800 g)', '', 'chai', 0, 20000, '', ''),
(1182, 2, 'Sunlight (Khử mùi tanh) Trà xanh và chanh(800 g)', '', 'chai', 0, 24000, '', ''),
(1183, 2, 'Sunlight (chiết xuất chanh)(800 g)', '', 'chai', 0, 24000, '', ''),
(1184, 2, 'Comfort (Hương ban mai) 1 lần xã(400 ml)', '', 'chai', 0, 26000, '', ''),
(1185, 2, 'Comfort (Thư giãn)(370 ml)', '', 'chai', 0, 26000, '', ''),
(1186, 2, 'Comfort (Hương gió xuân)(400 ml)', '', 'chai', 0, 26000, '', ''),
(1187, 2, 'Comfort (Cho da nhạy cảm)(800 ml)', '', 'chai', 0, 50000, '', ''),
(1188, 2, 'Comfort (Say đắm)(370 ml)', '', 'chai', 0, 26000, '', ''),
(1189, 2, 'Comfort (Say đắm)(800 ml)', '', 'chai', 0, 55000, '', ''),
(1190, 2, 'Comfort ( Hương ban mai)(400 ml)', '', 'chai', 0, 24500, '', ''),
(1191, 2, 'Comfort ( Hương ban mai)(800 ml)', '', 'chai', 0, 48000, '', ''),
(1192, 2, 'Omo Comfort(400 g)', '', 'chai', 0, 13000, '', ''),
(1193, 2, 'Omo Comfort(800 g)', '', 'chai', 0, 33500, '', ''),
(1194, 2, 'Omo (Đánh bật vết bật trong 1 lần giặt(400 g)', '', 'chai', 0, 17000, '', ''),
(1195, 2, 'Omo (Đánh bật vết bật trong 1 lần giặt(800 g)', '', 'chai', 0, 33500, '', ''),
(1196, 2, 'Omo (Đánh bật vết bật trong 1 lần giặt(1,3 Kg)', '', 'chai', 0, 49000, '', ''),
(1197, 2, 'Omo (Công nghệ giặt sạch nhanh)(400 g)', '', 'chai', 0, 17500, '', ''),
(1198, 2, 'ABA (Bột giặt nhiệt)(400 g)', '', 'chai', 0, 15000, '', ''),
(1199, 2, 'Surf (Bột Oxy ngát hương chanh)(300 g)', '', 'chai', 0, 10000, '', ''),
(1200, 2, 'Surf (Bột Oxy ngát hương chanh)(550 g)', '', 'chai', 0, 17500, '', ''),
(1201, 2, 'Viso trắng sáng (hương chanh)(250 g)', '', 'chai', 0, 9500, '', '');
INSERT INTO `tbl_resource` (`id`, `idsupplier`, `name`, `name_short`, `unit`, `price_import`, `price_export`, `description`, `barcode`) VALUES
(1202, 2, 'Viso trắng sáng (hương chanh)(550 g)', '', 'chai', 0, 20000, '', ''),
(1203, 2, 'Downy ( Passion) Đam mê(900 ml)', '', 'chai', 0, 55000, '', ''),
(1204, 2, 'Downy (Antibac) Chống khuẩn(370 ml)', '', 'chai', 0, 50000, '', ''),
(1205, 2, 'Downy (innocence) Thơ ngây(370 ml)', '', 'chai', 0, 26000, '', ''),
(1206, 2, 'Downy (innocence) Thơ ngây(900 ml)', '', 'chai', 0, 55000, '', ''),
(1207, 2, 'Downy (Sunrise Fresh) Hương nắng mai(1 lít)', '', 'chai', 0, 50000, '', ''),
(1208, 2, 'Downy (Một lần xã)(900 ml)', '', 'chai', 0, 55000, '', ''),
(1209, 2, 'Downy( Attraction) Sức hút(900 ml)', '', 'chai', 0, 55000, '', ''),
(1210, 2, 'Downy (Garden Bloom) Cánh đồng hoa(1 lít)', '', 'chai', 0, 50000, '', ''),
(1211, 2, 'Downy (Garden Bloom) Cánh đồng hoa(400 ml)', '', 'chai', 0, 21000, '', ''),
(1212, 2, 'Downy ( Passion) Đam mê(370 ml)', '', 'chai', 0, 26000, '', ''),
(1213, 2, 'Comfort (Thư giản)(800 ml)', '', 'chai', 0, 49000, '', ''),
(1214, 2, 'Comfort (Một lần xã) Hương gió xuân(800 ml)', '', 'chai', 0, 45000, '', ''),
(1215, 2, 'Comfort (Một lần xã) Hương ban mai(800 ml)', '', 'chai', 0, 45000, '', ''),
(1216, 2, 'Sunlight lau sàn (Hương bạc hà và Thông)(1 Kg)', '', 'chai', 0, 23000, '', ''),
(1217, 2, 'Sunlight lau sàn (Hương hoa hạ)(1 Kg)', '', 'chai', 0, 23000, '', ''),
(1218, 2, 'Cước cọ rửa Inox Samran', '', 'miếng', 0, 3000, '', ''),
(1219, 2, 'Bàn chảy chà chân', '', 'cái', 0, 3000, '', ''),
(1220, 2, 'Cước Kim Tuyến He Sheng', '', 'miếng', 0, 2000, '', ''),
(1221, 2, 'Cước chùi nồi Hiệp Thành', '', 'miếng', 0, 3000, '', ''),
(1222, 2, 'Nhang trừ muỗi Jumbo(120g)', '', 'hộp', 0, 6500, '', ''),
(1223, 2, 'Nhang trừ muỗi Mosfly tăng 20%(120g)', '', 'hộp', 0, 7000, '', ''),
(1224, 2, 'Nhang trừ muỗi Mosfly hiệu quả cao(120g)', '', 'hộp', 0, 7000, '', ''),
(1225, 2, 'Cọ rửa chuyên dùng Samran', '', 'miếng', 0, 1500, '', ''),
(1226, 2, 'Cước Inox Tân Hiệp Thành', '', 'miếng', 0, 3000, '', ''),
(1227, 2, 'Viết Doremon', '', 'cây', 0, 5000, '', ''),
(1228, 2, 'Bún gạo 3 cây dừa(500g)', '', 'bịch', 0, 16000, '', ''),
(1229, 2, 'Băng keo lớn', '', 'cuộn', 0, 14000, '', ''),
(1230, 1, 'ICY chanh muối xám (360ml)', '', 'Chai', 0, 8000, '', '8934673810562');

-- --------------------------------------------------------

--
-- Structure de la table `tbl_supplier`
--

CREATE TABLE IF NOT EXISTS `tbl_supplier` (
  `id` int(9) NOT NULL AUTO_INCREMENT,
  `name` varchar(100) COLLATE utf8_unicode_ci NOT NULL,
  `phone` varchar(15) COLLATE utf8_unicode_ci NOT NULL,
  `address` varchar(200) COLLATE utf8_unicode_ci NOT NULL,
  `note` varchar(100) COLLATE utf8_unicode_ci NOT NULL,
  `debt` bigint(20) NOT NULL,
  PRIMARY KEY (`id`)
) ENGINE=InnoDB  DEFAULT CHARSET=utf8 COLLATE=utf8_unicode_ci AUTO_INCREMENT=7 ;

--
-- Contenu de la table `tbl_supplier`
--

INSERT INTO `tbl_supplier` (`id`, `name`, `phone`, `address`, `note`, `debt`) VALUES
(1, 'Nhà cung cấp A', '1231323', 'Phường 4', '', 0),
(2, 'Nhà cung cấp B', '', 'P 5 - Vĩnh Long', '', 0),
(3, 'Nhà cung cấp C', '0703 454 222', 'TP Vĩnh Long', '', 0),
(4, 'Nhà cung cấp D', '', '', '', 0),
(5, 'Nhà cung cấp E', '', '', 'Cung cấp thực phẩm', 0),
(6, 'Nhà cung cấp F', '', '', '', 0);

-- --------------------------------------------------------

--
-- Structure de la table `tbl_table`
--

CREATE TABLE IF NOT EXISTS `tbl_table` (
  `id` int(11) NOT NULL AUTO_INCREMENT,
  `iddomain` int(11) NOT NULL,
  `name` varchar(200) COLLATE utf8_unicode_ci NOT NULL,
  `iduser` int(11) DEFAULT NULL,
  `type` varchar(200) COLLATE utf8_unicode_ci DEFAULT NULL,
  PRIMARY KEY (`id`),
  KEY `iddomain` (`iddomain`)
) ENGINE=InnoDB  DEFAULT CHARSET=utf8 COLLATE=utf8_unicode_ci AUTO_INCREMENT=11 ;

--
-- Contenu de la table `tbl_table`
--

INSERT INTO `tbl_table` (`id`, `iddomain`, `name`, `iduser`, `type`) VALUES
(1, 1, 'Tầng 01', 0, '0'),
(2, 1, 'Tầng 02', 0, '0'),
(3, 1, 'Tầng 03', 0, '0'),
(4, 1, 'Tầng 04', 0, '0'),
(5, 2, 'Tầng 07', 0, '0'),
(6, 2, 'Tầng 08', 0, '0'),
(7, 2, 'Tầng 09', 0, '0'),
(8, 2, 'Tầng 10', 0, '0'),
(9, 3, 'Tầng 05', 0, '1'),
(10, 3, 'Tầng 06', 0, '1');

-- --------------------------------------------------------

--
-- Structure de la table `tbl_tag`
--

CREATE TABLE IF NOT EXISTS `tbl_tag` (
  `id` int(11) NOT NULL AUTO_INCREMENT,
  `name` varchar(200) COLLATE utf8_unicode_ci NOT NULL,
  PRIMARY KEY (`id`)
) ENGINE=InnoDB  DEFAULT CHARSET=utf8 COLLATE=utf8_unicode_ci AUTO_INCREMENT=47 ;

--
-- Contenu de la table `tbl_tag`
--

INSERT INTO `tbl_tag` (`id`, `name`) VALUES
(1, 'Cafe'),
(2, 'Sữa bột'),
(3, 'Gia vị'),
(5, 'Giải khát có gas'),
(6, 'Thịt cá '),
(7, 'Nước chấm'),
(8, 'Mì gói'),
(9, 'Trái cây'),
(10, 'Rau củ'),
(11, 'Sữa log'),
(12, 'Bột giặt'),
(13, 'Mỹ phẩm'),
(14, 'Sữa tắm'),
(15, 'Dãy 1 tầng 5 bên phải'),
(16, 'Dãy 1 tầng 4 bên phải'),
(17, 'Dãy 1 tầng 3 bên phải'),
(18, 'Dãy 1 tầng 2 bên phải'),
(19, 'Dãy 1 tầng 4 phía trước'),
(20, 'Dãy 1 tầng 3 phía trước'),
(21, 'Dãy 1 tầng 1 phía trước'),
(22, 'Dãy 1 tầng 5 phía sau'),
(23, 'Dãy 1 tầng 4 phía sau'),
(24, 'Dãy 1 tầng 3 phía sau'),
(25, 'Dãy 1 tầng 2 phía sau'),
(26, 'Dãy 2 tầng 5 bên phải'),
(27, 'Dãy 2 tầng 4 bên phải'),
(28, 'Dãy 2 tầng 3 bên phải'),
(29, 'Dãy 2 tầng 2 bên phải'),
(30, 'Dãy 2 tầng 1 bên phải'),
(31, 'Dãy 2 tầng 5 phía trước'),
(32, 'Dãy 2 tầng 4 phía trước'),
(33, 'Dãy 2 tầng 3 phía trước'),
(34, 'Dãy 2 tầng 2 phía trước'),
(35, 'Dãy 2 tầng 1-2-3-4-5 phía sau'),
(36, 'Dãy 2 tầng 4 bên trái'),
(37, 'Dãy 2 tầng 1 bên trái'),
(38, 'Tủ Đông'),
(39, 'Kệ Sữa bột'),
(40, 'Dãy 1 tầng 5 bên trái'),
(41, 'Dãy 1 tầng 4 bên trái'),
(42, 'Dãy 1 tầng 3 bên trái'),
(43, 'Dãy 1 tầng 2 bên trái'),
(44, 'Dãy 2 tầng 5 bên trái'),
(45, 'Dãy 2 tầng 3 bên trái'),
(46, 'Dãy 2 tầng 2 bên trái');

-- --------------------------------------------------------

--
-- Structure de la table `tbl_tag_selected`
--

CREATE TABLE IF NOT EXISTS `tbl_tag_selected` (
  `id` int(11) NOT NULL AUTO_INCREMENT,
  `idtag` int(11) NOT NULL,
  PRIMARY KEY (`id`)
) ENGINE=InnoDB  DEFAULT CHARSET=utf8 COLLATE=utf8_unicode_ci AUTO_INCREMENT=7 ;

--
-- Contenu de la table `tbl_tag_selected`
--

INSERT INTO `tbl_tag_selected` (`id`, `idtag`) VALUES
(1, 21),
(2, 18),
(3, 43),
(4, 25),
(5, 17),
(6, 42);

-- --------------------------------------------------------

--
-- Structure de la table `tbl_term_collect`
--

CREATE TABLE IF NOT EXISTS `tbl_term_collect` (
  `id` int(11) NOT NULL AUTO_INCREMENT,
  `name` varchar(200) COLLATE utf8_unicode_ci NOT NULL,
  PRIMARY KEY (`id`)
) ENGINE=InnoDB  DEFAULT CHARSET=utf8 COLLATE=utf8_unicode_ci AUTO_INCREMENT=3 ;

--
-- Contenu de la table `tbl_term_collect`
--

INSERT INTO `tbl_term_collect` (`id`, `name`) VALUES
(1, 'Phụ Phẩm'),
(2, 'Đặc Biệt');

-- --------------------------------------------------------

--
-- Structure de la table `tbl_term_paid`
--

CREATE TABLE IF NOT EXISTS `tbl_term_paid` (
  `id` int(11) NOT NULL AUTO_INCREMENT,
  `name` varchar(200) COLLATE utf8_unicode_ci NOT NULL,
  `type` int(11) NOT NULL,
  PRIMARY KEY (`id`)
) ENGINE=InnoDB  DEFAULT CHARSET=utf8 COLLATE=utf8_unicode_ci AUTO_INCREMENT=8 ;

--
-- Contenu de la table `tbl_term_paid`
--

INSERT INTO `tbl_term_paid` (`id`, `name`, `type`) VALUES
(1, 'Tiền Điện', 0),
(2, 'Tiền Nước', 0),
(3, 'Thuế', 0),
(4, 'Lương Nhân Viên', 0),
(5, 'Tiền Ăn Nhân Viên', 0),
(6, 'CP Khác1', 0),
(7, 'Tiền Phụ Cấp Nhân viên', 0);

-- --------------------------------------------------------

--
-- Structure de la table `tbl_tracking`
--

CREATE TABLE IF NOT EXISTS `tbl_tracking` (
  `id` int(11) NOT NULL AUTO_INCREMENT,
  `date_start` date NOT NULL,
  `date_end` date NOT NULL,
  `estate_rate` int(11) NOT NULL,
  PRIMARY KEY (`id`)
) ENGINE=InnoDB  DEFAULT CHARSET=utf8 COLLATE=utf8_unicode_ci AUTO_INCREMENT=7 ;

--
-- Contenu de la table `tbl_tracking`
--

INSERT INTO `tbl_tracking` (`id`, `date_start`, `date_end`, `estate_rate`) VALUES
(3, '2013-09-01', '2013-09-30', 0),
(5, '2013-08-08', '2013-08-31', 0),
(6, '2013-10-01', '2013-10-31', 0);

-- --------------------------------------------------------

--
-- Structure de la table `tbl_tracking_store`
--

CREATE TABLE IF NOT EXISTS `tbl_tracking_store` (
  `id` int(11) NOT NULL AUTO_INCREMENT,
  `id_tracking` int(11) NOT NULL,
  `id_resource` int(11) NOT NULL,
  `count_old` float NOT NULL,
  `count_import` float NOT NULL,
  `count_export` float NOT NULL,
  `price` int(11) NOT NULL,
  PRIMARY KEY (`id`)
) ENGINE=InnoDB DEFAULT CHARSET=utf8 COLLATE=utf8_unicode_ci AUTO_INCREMENT=1 ;

--
-- Contenu de la table `tbl_tracking_store`
--


-- --------------------------------------------------------

--
-- Structure de la table `tbl_unit`
--

CREATE TABLE IF NOT EXISTS `tbl_unit` (
  `id` int(25) NOT NULL AUTO_INCREMENT,
  `name` varchar(200) COLLATE utf8_unicode_ci DEFAULT NULL,
  PRIMARY KEY (`id`)
) ENGINE=InnoDB  DEFAULT CHARSET=utf8 COLLATE=utf8_unicode_ci AUTO_INCREMENT=26 ;

--
-- Contenu de la table `tbl_unit`
--

INSERT INTO `tbl_unit` (`id`, `name`) VALUES
(1, 'Ly'),
(2, 'Điếu'),
(3, 'Chai'),
(4, 'Lon'),
(5, 'Dĩa'),
(6, 'Thùng'),
(7, 'Két'),
(9, 'Bịch'),
(10, 'Gói'),
(11, 'Cái'),
(12, 'Cây'),
(13, 'Giờ'),
(14, 'Bao 20Kg'),
(15, 'Con'),
(16, 'Kg'),
(17, 'Hộp'),
(18, 'Bao 25Kg'),
(19, 'Lốc'),
(20, 'Tuýp'),
(21, 'Cuộn'),
(22, 'Túi'),
(23, 'Dây'),
(25, 'ABC');

-- --------------------------------------------------------

--
-- Structure de la table `tbl_user`
--

CREATE TABLE IF NOT EXISTS `tbl_user` (
  `id` int(11) NOT NULL AUTO_INCREMENT,
  `name` varchar(25) COLLATE utf8_unicode_ci NOT NULL,
  `email` varchar(200) COLLATE utf8_unicode_ci DEFAULT NULL,
  `pass` varchar(256) COLLATE utf8_unicode_ci DEFAULT NULL,
  `gender` int(11) NOT NULL,
  `note` varchar(200) COLLATE utf8_unicode_ci DEFAULT NULL,
  `datecreate` timestamp NOT NULL DEFAULT CURRENT_TIMESTAMP,
  `dateupdate` timestamp NOT NULL DEFAULT '0000-00-00 00:00:00',
  `dateactivity` timestamp NOT NULL DEFAULT '0000-00-00 00:00:00',
  `type` tinyint(4) NOT NULL,
  `code` varchar(13) COLLATE utf8_unicode_ci NOT NULL,
  PRIMARY KEY (`id`)
) ENGINE=InnoDB  DEFAULT CHARSET=utf8 COLLATE=utf8_unicode_ci AUTO_INCREMENT=3 ;

--
-- Contenu de la table `tbl_user`
--

INSERT INTO `tbl_user` (`id`, `name`, `email`, `pass`, `gender`, `note`, `datecreate`, `dateupdate`, `dateactivity`, `type`, `code`) VALUES
(1, 'Quản lý', 'quanly@gmail.com', '123456', 0, ' ', '0000-00-00 00:00:00', '0000-00-00 00:00:00', '0000-00-00 00:00:00', 4, ''),
(2, 'Bán hàng1', 'banhang1@gmail.com', '1234561', 0, '', '0000-00-00 00:00:00', '0000-00-00 00:00:00', '0000-00-00 00:00:00', 3, '1');

--
-- Contraintes pour les tables exportées
--

--
-- Contraintes pour la table `tbl_collect_customer`
--
ALTER TABLE `tbl_collect_customer`
  ADD CONSTRAINT `tbl_customer_collect_1` FOREIGN KEY (`idcustomer`) REFERENCES `tbl_customer` (`id`) ON DELETE CASCADE ON UPDATE CASCADE;

--
-- Contraintes pour la table `tbl_collect_general`
--
ALTER TABLE `tbl_collect_general`
  ADD CONSTRAINT `tbl_collect_general_1` FOREIGN KEY (`id_term`) REFERENCES `tbl_term_collect` (`id`) ON DELETE CASCADE ON UPDATE CASCADE;

--
-- Contraintes pour la table `tbl_course`
--
ALTER TABLE `tbl_course`
  ADD CONSTRAINT `tbl_course_1` FOREIGN KEY (`idcategory`) REFERENCES `tbl_category` (`id`) ON DELETE CASCADE ON UPDATE CASCADE;

--
-- Contraintes pour la table `tbl_order_import`
--
ALTER TABLE `tbl_order_import`
  ADD CONSTRAINT `tbl_order_import_1` FOREIGN KEY (`idsupplier`) REFERENCES `tbl_supplier` (`id`) ON DELETE CASCADE ON UPDATE CASCADE;

--
-- Contraintes pour la table `tbl_order_import_detail`
--
ALTER TABLE `tbl_order_import_detail`
  ADD CONSTRAINT `tbl_order_import_detail_1` FOREIGN KEY (`idorder`) REFERENCES `tbl_order_import` (`id`) ON DELETE CASCADE ON UPDATE CASCADE,
  ADD CONSTRAINT `tbl_order_import_detail_2` FOREIGN KEY (`idresource`) REFERENCES `tbl_resource` (`id`) ON DELETE CASCADE ON UPDATE CASCADE;

--
-- Contraintes pour la table `tbl_paid_customer`
--
ALTER TABLE `tbl_paid_customer`
  ADD CONSTRAINT `tbl_customer_paid_1` FOREIGN KEY (`idcustomer`) REFERENCES `tbl_customer` (`id`) ON DELETE CASCADE ON UPDATE CASCADE;

--
-- Contraintes pour la table `tbl_paid_general`
--
ALTER TABLE `tbl_paid_general`
  ADD CONSTRAINT `tbl_paid_general_1` FOREIGN KEY (`id_term`) REFERENCES `tbl_term_paid` (`id`) ON DELETE CASCADE ON UPDATE CASCADE;

--
-- Contraintes pour la table `tbl_paid_pay_roll`
--
ALTER TABLE `tbl_paid_pay_roll`
  ADD CONSTRAINT `tbl_paid_pay_roll_1` FOREIGN KEY (`idemployee`) REFERENCES `tbl_employee` (`id`) ON DELETE CASCADE ON UPDATE CASCADE;

--
-- Contraintes pour la table `tbl_paid_supplier`
--
ALTER TABLE `tbl_paid_supplier`
  ADD CONSTRAINT `tbl_supplier_paid_1` FOREIGN KEY (`idsupplier`) REFERENCES `tbl_supplier` (`id`) ON DELETE CASCADE ON UPDATE CASCADE;

--
-- Contraintes pour la table `tbl_resource`
--
ALTER TABLE `tbl_resource`
  ADD CONSTRAINT `tbl_resource_1` FOREIGN KEY (`idsupplier`) REFERENCES `tbl_supplier` (`id`) ON DELETE CASCADE ON UPDATE CASCADE;

--
-- Contraintes pour la table `tbl_table`
--
ALTER TABLE `tbl_table`
  ADD CONSTRAINT `tbl_table_1` FOREIGN KEY (`iddomain`) REFERENCES `tbl_domain` (`id`) ON DELETE CASCADE ON UPDATE CASCADE;
