-- phpMyAdmin SQL Dump
-- version 3.3.9
-- http://www.phpmyadmin.net
--
-- Host: localhost
-- Generation Time: Apr 26, 2014 at 11:56 AM
-- Server version: 5.5.8
-- PHP Version: 5.3.5

SET SQL_MODE="NO_AUTO_VALUE_ON_ZERO";


/*!40101 SET @OLD_CHARACTER_SET_CLIENT=@@CHARACTER_SET_CLIENT */;
/*!40101 SET @OLD_CHARACTER_SET_RESULTS=@@CHARACTER_SET_RESULTS */;
/*!40101 SET @OLD_COLLATION_CONNECTION=@@COLLATION_CONNECTION */;
/*!40101 SET NAMES utf8 */;

--
-- Database: `spncom_qlcuahang_minhhoang`
--

-- --------------------------------------------------------

--
-- Table structure for table `shopc_attribute`
--

CREATE TABLE IF NOT EXISTS `shopc_attribute` (
  `id` int(11) NOT NULL AUTO_INCREMENT,
  `id_gattribute` int(11) NOT NULL,
  `name` varchar(50) CHARACTER SET utf8 COLLATE utf8_unicode_ci NOT NULL,
  `order` int(11) NOT NULL,
  PRIMARY KEY (`id`),
  KEY `id_gattribute` (`id_gattribute`)
) ENGINE=InnoDB  DEFAULT CHARSET=latin1 AUTO_INCREMENT=9 ;

--
-- Dumping data for table `shopc_attribute`
--

INSERT INTO `shopc_attribute` (`id`, `id_gattribute`, `name`, `order`) VALUES
(1, 1, 'CPU', 1),
(2, 1, 'RAM', 2),
(3, 1, 'HDD', 3),
(4, 1, 'Màu sắc', 4),
(5, 2, 'CPU', 1),
(6, 2, 'RAM', 2),
(7, 2, 'HDD', 3),
(8, 2, 'VGA', 4);

-- --------------------------------------------------------

--
-- Table structure for table `shopc_branch`
--

CREATE TABLE IF NOT EXISTS `shopc_branch` (
  `id` int(11) NOT NULL AUTO_INCREMENT,
  `name` varchar(60) CHARACTER SET utf8 COLLATE utf8_unicode_ci NOT NULL,
  `address` varchar(160) CHARACTER SET utf8 COLLATE utf8_unicode_ci NOT NULL,
  `x` float NOT NULL,
  `y` float NOT NULL,
  `phone1` varchar(25) NOT NULL,
  `phone2` varchar(25) NOT NULL,
  `email1` varchar(50) NOT NULL,
  `email2` varchar(50) NOT NULL,
  `order` int(11) NOT NULL,
  PRIMARY KEY (`id`)
) ENGINE=InnoDB  DEFAULT CHARSET=latin1 AUTO_INCREMENT=3 ;

--
-- Dumping data for table `shopc_branch`
--

INSERT INTO `shopc_branch` (`id`, `name`, `address`, `x`, `y`, `phone1`, `phone2`, `email1`, `email2`, `order`) VALUES
(1, 'Chi nhánh Vĩnh Long', '33 Phạm Thái Bường, 4, Vĩnh Long Vinh Long', 10.2415, 105.98, '0919 123 456', '0909 123 456', 'vinhlong.minhhoang@gmail.com', 'vinhlong.minhhoang@gmail.com', 1),
(2, 'Chi nhánh Cai lậy', 'Cai Lậy Tiền Giang ', 10.4051, 106.118, '0913 123 123', '0913 123 124', 'cailay1@gmail.com', 'cailay2@gmail.com', 2);

-- --------------------------------------------------------

--
-- Table structure for table `shopc_category`
--

CREATE TABLE IF NOT EXISTS `shopc_category` (
  `id` int(11) NOT NULL AUTO_INCREMENT,
  `name` varchar(50) CHARACTER SET utf8 COLLATE utf8_unicode_ci NOT NULL,
  `key` varchar(250) NOT NULL,
  `order` int(11) NOT NULL,
  PRIMARY KEY (`id`)
) ENGINE=InnoDB  DEFAULT CHARSET=latin1 AUTO_INCREMENT=19 ;

--
-- Dumping data for table `shopc_category`
--

INSERT INTO `shopc_category` (`id`, `name`, `key`, `order`) VALUES
(1, 'Điện lạnh', 'dien-lanh', 1),
(14, 'Điện tử', 'dien-tu', 2),
(15, 'Gia dụng', 'gia-dung', 4),
(16, 'Di động', 'di-dong', 3),
(17, 'Vi tính', 'vi-tinh', 5),
(18, 'Viễn thông', 'vien-thong', 6);

-- --------------------------------------------------------

--
-- Table structure for table `shopc_category1`
--

CREATE TABLE IF NOT EXISTS `shopc_category1` (
  `id` int(11) NOT NULL AUTO_INCREMENT,
  `id_category` int(11) NOT NULL,
  `name` varchar(50) CHARACTER SET utf8 COLLATE utf8_unicode_ci NOT NULL,
  `key` varchar(250) NOT NULL,
  `order` int(11) NOT NULL,
  PRIMARY KEY (`id`),
  KEY `id_category` (`id_category`)
) ENGINE=InnoDB  DEFAULT CHARSET=latin1 AUTO_INCREMENT=63 ;

--
-- Dumping data for table `shopc_category1`
--

INSERT INTO `shopc_category1` (`id`, `id_category`, `name`, `key`, `order`) VALUES
(12, 1, 'Tủ lạnh', 'tu-lanh', 0),
(13, 1, 'Máy giặt', 'may-giat', 0),
(14, 14, 'Tivi LED', 'tivi-led', 0),
(15, 14, 'Tivi LCD', 'tivi-lcd', 0),
(18, 15, 'Lò vi sóng', 'lo-vi-song', 0),
(19, 16, 'Hàng siêu cấp', 'hang-sieu-cap', 0),
(20, 16, 'Hàng cao cấp', 'hang-cao-cap', 0),
(21, 1, 'Máy lạnh', 'may-lanh', 0),
(22, 1, 'Tủ đông', 'tu-dong', 0),
(23, 1, 'Tủ mát', 'tu-mat', 0),
(24, 1, 'Máy nước nóng', 'may-nuoc-nong', 0),
(25, 1, 'Máy sấy', 'may-say', 0),
(26, 1, 'Máy nóng lạnh', 'may-nong-lanh', 0),
(27, 1, 'Máy lọc không khí', 'may-loc-khong-khi', 0),
(28, 1, 'Máy rửa chén', 'may-rua-chen', 0),
(29, 14, 'Tivi Plasma', 'tivi-plasma', 0),
(30, 14, 'Tivi CRT', 'tivi-crt', 0),
(31, 14, 'Dàn máy', 'dan-may', 0),
(32, 14, 'Đầu DVD', 'dau-dvd', 0),
(33, 14, 'Đầu Karaoke', 'dau-karaoke', 0),
(34, 14, 'Loa', 'loa', 0),
(35, 14, 'Âm ly', 'am-ly', 0),
(36, 14, 'Micro', 'micro', 0),
(37, 16, 'Hàng trung cấp', 'hang-trung-cap', 0),
(38, 16, 'Hàng phổ thông', 'hang-pho-thong', 0),
(39, 16, 'Phụ kiện di động', 'phu-kien-di-dong', 0),
(40, 15, 'Bếp gas', 'bep-gas', 0),
(41, 15, 'Bếp từ', 'bep-tu', 0),
(42, 15, 'Máy hút khói', 'may-hut-khoi', 0),
(43, 15, 'Nồi cơm điện', 'noi-com-dien', 0),
(44, 15, 'Nồi áp suất', 'noi-ap-suat', 0),
(45, 15, 'Nồi lẩu điện', 'noi-lau-dien', 0),
(46, 15, 'Bình thủy điện', 'binh-thuy-dien', 0),
(47, 15, 'Máy xay sinh tố', 'may-xay-sinh-to', 0),
(48, 15, 'Máy ép trái cây', 'may-ep-trai-cay', 0),
(49, 15, 'Làm sữa đậu nành', 'lam-sua-dau-nanh', 0),
(50, 17, 'Laptop', 'laptop', 0),
(51, 17, 'Máy tính bảng', 'may-tinh-bang', 0),
(52, 17, 'Loa vi tính', 'loa-vi-tinh', 0),
(53, 17, 'Từ điển điện tử', 'tu-dien-dien-tu', 0),
(54, 17, 'Máy bộ', 'may-bo', 0),
(55, 17, 'Phụ kiện máy tính', 'phu-kien-may-tinh', 0),
(56, 17, 'Máy chiếu', 'may-chieu', 0),
(57, 18, 'Máy ảnh số', 'may-anh-so', 0),
(58, 18, 'Máy ảnh chuyên nghiệp', 'may-anh-chuyen-nghiep', 0),
(59, 18, 'Máy quay phim', 'may-quay-phim', 0),
(60, 18, 'Điện thoại bàn', 'dien-thoai-ban', 0),
(61, 18, 'Máy Fax', 'may-fax', 0),
(62, 18, 'Phụ kiện viễn thông', 'phu-kien-vien-thong', 0);

-- --------------------------------------------------------

--
-- Table structure for table `shopc_config`
--

CREATE TABLE IF NOT EXISTS `shopc_config` (
  `id` int(11) NOT NULL AUTO_INCREMENT,
  `param` varchar(125) COLLATE utf8_unicode_ci NOT NULL,
  `value` varchar(256) COLLATE utf8_unicode_ci NOT NULL,
  PRIMARY KEY (`id`)
) ENGINE=InnoDB  DEFAULT CHARSET=utf8 COLLATE=utf8_unicode_ci AUTO_INCREMENT=37 ;

--
-- Dumping data for table `shopc_config`
--

INSERT INTO `shopc_config` (`id`, `param`, `value`) VALUES
(5, 'DISCOUNT', '0'),
(6, 'ROW_PER_PAGE', '50'),
(7, 'GUEST_VISIT', '717'),
(9, 'THEME', 'light-blue'),
(10, 'NAME', 'ĐIỆN MÁY MINH HOÀNG'),
(11, 'ADDRESS', 'Phạm Thái Bường, TP Vĩnh Long,  Vĩnh Long'),
(13, 'CATEGORY_AUTO', '3'),
(14, 'SWITCH_BOARD_CALL', '1'),
(15, 'RECEIPT_VIRTUAL_DOUBLE', '0'),
(16, 'POST_POLICY', '5'),
(19, 'EVERY_5_MINUTES', '2000'),
(22, 'SLOGAN', 'Uy Tin - Chất Lượng - Nhiệt Tình'),
(23, 'POST_INTRODUCTION', '32'),
(24, 'POST_FAQ', '4'),
(28, 'POST_POLICY', '5'),
(29, 'N_MONTH_LOG', '1'),
(30, 'PRESENTATION_HOME', '2'),
(31, 'CONTACT_NAME', 'A.Tuấn'),
(32, 'CONTACT_YAHOOMESSENGER', 'sieuthidienmayminhhoang@yahoo.com'),
(33, 'CONTACT_SKYPE', 'sieuthidienmayminhhoang@skype.com'),
(34, 'CONTACT_GTALK', 'sieuthidienmayminhhoang@gmail.com'),
(35, 'PHONE1', '0919 153 189'),
(36, 'PHONE2', '0919 153 111');

-- --------------------------------------------------------

--
-- Table structure for table `shopc_customer`
--

CREATE TABLE IF NOT EXISTS `shopc_customer` (
  `id` int(9) NOT NULL AUTO_INCREMENT,
  `name` varchar(100) COLLATE utf8_unicode_ci NOT NULL,
  `type` int(11) NOT NULL,
  `card` varchar(15) COLLATE utf8_unicode_ci NOT NULL,
  `phone` varchar(15) COLLATE utf8_unicode_ci NOT NULL,
  `address` varchar(200) COLLATE utf8_unicode_ci NOT NULL,
  `note` varchar(100) COLLATE utf8_unicode_ci NOT NULL,
  `discount` int(11) NOT NULL,
  PRIMARY KEY (`id`)
) ENGINE=InnoDB  DEFAULT CHARSET=utf8 COLLATE=utf8_unicode_ci AUTO_INCREMENT=2 ;

--
-- Dumping data for table `shopc_customer`
--

INSERT INTO `shopc_customer` (`id`, `name`, `type`, `card`, `phone`, `address`, `note`, `discount`) VALUES
(1, 'Khách lẻ', 0, '', '', '', '', 0);

-- --------------------------------------------------------

--
-- Table structure for table `shopc_employee`
--

CREATE TABLE IF NOT EXISTS `shopc_employee` (
  `id` int(11) NOT NULL AUTO_INCREMENT,
  `name` varchar(25) COLLATE utf8_unicode_ci NOT NULL,
  `job` varchar(50) COLLATE utf8_unicode_ci NOT NULL,
  `gender` tinyint(2) NOT NULL,
  `phone` varchar(13) COLLATE utf8_unicode_ci NOT NULL,
  `yahoo` varchar(50) COLLATE utf8_unicode_ci NOT NULL,
  `skype` varchar(50) COLLATE utf8_unicode_ci NOT NULL,
  `gmail` varchar(50) COLLATE utf8_unicode_ci NOT NULL,
  `address` varchar(50) COLLATE utf8_unicode_ci NOT NULL,
  `salary_base` int(11) NOT NULL,
  `card` varchar(50) COLLATE utf8_unicode_ci NOT NULL,
  PRIMARY KEY (`id`)
) ENGINE=InnoDB  DEFAULT CHARSET=utf8 COLLATE=utf8_unicode_ci AUTO_INCREMENT=4 ;

--
-- Dumping data for table `shopc_employee`
--

INSERT INTO `shopc_employee` (`id`, `name`, `job`, `gender`, `phone`, `yahoo`, `skype`, `gmail`, `address`, `salary_base`, `card`) VALUES
(2, 'Bán hàng 1', 'Bán hàng1', 0, '0918153189', 'tuan_buithanh@gmail.com', 'tuanbuithanh', 'tuanbuithanh@gmail.com', 'Đồng Tháp', 5000000, '340995294'),
(3, 'Bán hàng 2', 'Bán hàng', 0, '0919111222', 'tuan_buithanh', 'tuanbuithanh', 'tuanbuithanh', 'Vỉnh Long', 4600000, '349996112');

-- --------------------------------------------------------

--
-- Table structure for table `shopc_gattribute`
--

CREATE TABLE IF NOT EXISTS `shopc_gattribute` (
  `id` int(11) NOT NULL AUTO_INCREMENT,
  `name` varchar(120) CHARACTER SET utf8 COLLATE utf8_unicode_ci NOT NULL,
  `order` int(11) NOT NULL,
  PRIMARY KEY (`id`)
) ENGINE=InnoDB  DEFAULT CHARSET=latin1 AUTO_INCREMENT=3 ;

--
-- Dumping data for table `shopc_gattribute`
--

INSERT INTO `shopc_gattribute` (`id`, `name`, `order`) VALUES
(1, 'Máy bộ', 1),
(2, 'Laptop', 2);

-- --------------------------------------------------------

--
-- Table structure for table `shopc_guest`
--

CREATE TABLE IF NOT EXISTS `shopc_guest` (
  `id` int(11) NOT NULL AUTO_INCREMENT,
  `ip` varchar(16) CHARACTER SET latin1 NOT NULL,
  `entry_time` varchar(32) CHARACTER SET latin1 NOT NULL,
  `exit_time` varchar(32) CHARACTER SET latin1 NOT NULL,
  `agent` varchar(16) CHARACTER SET latin1 NOT NULL,
  PRIMARY KEY (`id`)
) ENGINE=InnoDB  DEFAULT CHARSET=utf8 AUTO_INCREMENT=208 ;

--
-- Dumping data for table `shopc_guest`
--

INSERT INTO `shopc_guest` (`id`, `ip`, `entry_time`, `exit_time`, `agent`) VALUES
(207, '198.143.44.1', '1397843505', '1397847105', '198.143.44.1');

-- --------------------------------------------------------

--
-- Table structure for table `shopc_manufacturer`
--

CREATE TABLE IF NOT EXISTS `shopc_manufacturer` (
  `id` int(11) NOT NULL AUTO_INCREMENT,
  `name` varchar(100) CHARACTER SET utf8 COLLATE utf8_unicode_ci NOT NULL,
  `image` varchar(150) NOT NULL,
  `order` int(11) NOT NULL,
  PRIMARY KEY (`id`)
) ENGINE=InnoDB  DEFAULT CHARSET=latin1 AUTO_INCREMENT=21 ;

--
-- Dumping data for table `shopc_manufacturer`
--

INSERT INTO `shopc_manufacturer` (`id`, `name`, `image`, `order`) VALUES
(1, 'Samsung', 'https://lh5.googleusercontent.com/-9UjQR9Em5zU/U1fwhhXnCiI/AAAAAAAAAGw/aSoXB75t0Ow/s800/seriesthi-1386579093.png', 3),
(2, 'Viettronics', 'https://lh4.googleusercontent.com/-TAQDN0Z10PE/U1fwiMWEljI/AAAAAAAAAG4/RtRZTo7zZDw/s800/seriesthi-1389238343.jpg', 2),
(3, 'Novadi', 'https://lh4.googleusercontent.com/-Zsf9LcnebjE/U1fwjCrU_EI/AAAAAAAAAHA/cAnUyAUldCE/s800/seriesthi-1386900138.jpg', 1),
(4, 'Darling', 'https://lh4.googleusercontent.com/-cSEcV67Rq0k/U1fwj67R_dI/AAAAAAAAAHI/z7xP4_HOAcw/s800/seriesthi-1397467346.jpg', 4),
(5, 'Panasonic', 'https://lh3.googleusercontent.com/-TkLde0Aukis/U1fwhVAKGSI/AAAAAAAAAG0/8fPTCUCywWE/s800/seriesthi-1386578755.png', 0),
(6, 'Philips', 'https://lh4.googleusercontent.com/-Ugv2cfRl3Dc/U1fwhNGg4iI/AAAAAAAAAGc/fPJxrcnj7cI/s800/seriesthi-1386575850.png', 0),
(7, 'Sharp', 'https://lh6.googleusercontent.com/-LbLSIEv8h74/U1fwgy3j-BI/AAAAAAAAAGg/oJngSAaHZbo/s800/seriesthi-1386575360.png', 0),
(8, 'JBL', 'https://lh4.googleusercontent.com/-3qkJbqMS798/U1fwgWPrUlI/AAAAAAAAAGk/lXPYvUSd-WI/s800/seriesthi-1386232039.jpg', 0),
(9, 'Nanomax', 'https://lh3.googleusercontent.com/-OfmEvJCKmV0/U1fwgK0HkdI/AAAAAAAAAGQ/XElk5WmkQy8/s800/seriesthi-1384759426.jpg', 0),
(10, 'Zadex', 'https://lh4.googleusercontent.com/-IwM51SfFAbk/U1fwfgRe3YI/AAAAAAAAAF0/ub0m6gIQGYc/s800/seriesthi-1381116563.jpg', 0),
(11, 'Paramax', 'https://lh4.googleusercontent.com/-uqQCn0jw1OI/U1fwfVBfjeI/AAAAAAAAAF8/m1SN9FlfYys/s800/seriesthi-1380942075.jpg', 0),
(12, 'TCL', 'https://lh6.googleusercontent.com/-w8wdkmnpHUM/U1fwfDWi7JI/AAAAAAAAAGE/VsL-6XzuBKo/s800/seriesthi-1376896613.jpg', 0),
(13, 'Cảnh Phong', 'https://lh4.googleusercontent.com/-QraO8LhW6ik/U1fweEloaFI/AAAAAAAAAFo/KizXmGX2g9s/s800/seriesthi-1375502490.jpg', 0),
(14, 'marants', 'https://lh6.googleusercontent.com/-G6lfdwiKAmI/U1fwd1O_7wI/AAAAAAAAAFk/Fg8fhzTroBQ/s800/seriesthi-1375085153.jpg', 0),
(15, 'master audio', 'https://lh3.googleusercontent.com/-3YfJD4mOXrM/U1fwdt41FVI/AAAAAAAAAFg/Z2ftECwD5F4/s800/seriesthi-1375080942.jpg', 0),
(16, 'music core', 'https://lh4.googleusercontent.com/-H9QITMmqsUQ/U1fwdfbPsVI/AAAAAAAAAFM/W7URoxH_6kc/s800/seriesthi-1374916795.jpg', 0),
(17, 'nichiyama', 'https://lh5.googleusercontent.com/-OQ0ghzo32LY/U1fwdNIN4iI/AAAAAAAAAFQ/Elk54KwsGbg/s800/seriesthi-1374891362.jpg', 0),
(18, 'Vaudi', 'https://lh6.googleusercontent.com/-AE5YKzub_8k/U1fwcjwAbwI/AAAAAAAAAFI/q5wHzv0_gec/s800/seriesthi-1374827083.jpg', 0),
(19, 'Home easy', 'https://lh3.googleusercontent.com/-iKBrL-ADye8/U1fwcbXKFbI/AAAAAAAAAE0/WaVpfQ9sufI/s800/seriesthi-1373016244.jpg', 0),
(20, 'Sony', 'https://lh3.googleusercontent.com/-M7WU01ZBmgk/U1fwb_xww6I/AAAAAAAAAFE/V4hxok5Rse4/s800/seriesthi-1373010882.jpg', 0);

-- --------------------------------------------------------

--
-- Table structure for table `shopc_order_export`
--

CREATE TABLE IF NOT EXISTS `shopc_order_export` (
  `id` int(11) NOT NULL AUTO_INCREMENT,
  `idcustomer` int(11) NOT NULL,
  `date` datetime NOT NULL,
  `note` varchar(250) CHARACTER SET utf8 COLLATE utf8_unicode_ci NOT NULL,
  PRIMARY KEY (`id`)
) ENGINE=InnoDB  DEFAULT CHARSET=latin1 AUTO_INCREMENT=11 ;

--
-- Dumping data for table `shopc_order_export`
--

INSERT INTO `shopc_order_export` (`id`, `idcustomer`, `date`, `note`) VALUES
(5, 1, '2014-04-15 14:11:34', 'Thêm thử'),
(6, 1, '2014-04-15 11:04:00', 'hóa đon bán lẻ'),
(7, 1, '2014-04-16 04:04:00', 'hóa đon bán lẻ'),
(8, 1, '2014-04-16 04:04:00', 'hóa đon bán lẻ'),
(9, 1, '2014-04-16 04:04:00', 'hóa đon bán lẻ'),
(10, 1, '2014-04-20 12:04:00', 'hóa đon bán lẻ');

-- --------------------------------------------------------

--
-- Table structure for table `shopc_order_export_detail`
--

CREATE TABLE IF NOT EXISTS `shopc_order_export_detail` (
  `id` int(11) NOT NULL AUTO_INCREMENT,
  `idorder` int(11) NOT NULL,
  `idresource` int(11) NOT NULL,
  `count` int(11) NOT NULL,
  `price` int(11) NOT NULL,
  PRIMARY KEY (`id`),
  KEY `idorder` (`idorder`),
  KEY `idresource` (`idresource`)
) ENGINE=InnoDB  DEFAULT CHARSET=latin1 AUTO_INCREMENT=23 ;

--
-- Dumping data for table `shopc_order_export_detail`
--

INSERT INTO `shopc_order_export_detail` (`id`, `idorder`, `idresource`, `count`, `price`) VALUES
(14, 5, 37, 5, 7000),
(15, 5, 40, 1, 60000),
(16, 5, 49, 1, 390000),
(17, 5, 33, 6, 50000),
(18, 5, 35, 1, 15000),
(19, 5, 34, 3, 45000),
(20, 7, 32, 1, 15000),
(21, 7, 34, 1, 45000),
(22, 7, 49, 1, 390000);

-- --------------------------------------------------------

--
-- Table structure for table `shopc_order_import`
--

CREATE TABLE IF NOT EXISTS `shopc_order_import` (
  `id` int(11) NOT NULL AUTO_INCREMENT,
  `idsupplier` int(11) NOT NULL,
  `date` date NOT NULL,
  `description` varchar(50) CHARACTER SET utf8 NOT NULL,
  PRIMARY KEY (`id`),
  KEY `shopc_order_import_1` (`idsupplier`)
) ENGINE=InnoDB  DEFAULT CHARSET=utf8 COLLATE=utf8_unicode_ci AUTO_INCREMENT=364 ;

--
-- Dumping data for table `shopc_order_import`
--

INSERT INTO `shopc_order_import` (`id`, `idsupplier`, `date`, `description`) VALUES
(363, 9, '2014-04-08', '');

-- --------------------------------------------------------

--
-- Table structure for table `shopc_order_import_detail`
--

CREATE TABLE IF NOT EXISTS `shopc_order_import_detail` (
  `id` int(11) NOT NULL AUTO_INCREMENT,
  `idorder` int(11) NOT NULL,
  `idresource` int(11) NOT NULL,
  `count` float NOT NULL,
  `price` int(11) NOT NULL,
  PRIMARY KEY (`id`),
  KEY `shopc_order_import_detail_1` (`idorder`),
  KEY `shopc_order_import_detail_2` (`idresource`)
) ENGINE=InnoDB DEFAULT CHARSET=utf8 COLLATE=utf8_unicode_ci AUTO_INCREMENT=1 ;

--
-- Dumping data for table `shopc_order_import_detail`
--


-- --------------------------------------------------------

--
-- Table structure for table `shopc_post`
--

CREATE TABLE IF NOT EXISTS `shopc_post` (
  `id` int(11) NOT NULL AUTO_INCREMENT,
  `title` varchar(200) CHARACTER SET utf8 COLLATE utf8_unicode_ci NOT NULL,
  `content` longtext CHARACTER SET utf8 COLLATE utf8_unicode_ci NOT NULL,
  `author` varchar(50) CHARACTER SET utf8 COLLATE utf8_unicode_ci NOT NULL,
  `time` datetime NOT NULL,
  `count` int(11) NOT NULL,
  `key` varchar(200) NOT NULL,
  PRIMARY KEY (`id`)
) ENGINE=InnoDB  DEFAULT CHARSET=latin1 AUTO_INCREMENT=33 ;

--
-- Dumping data for table `shopc_post`
--

INSERT INTO `shopc_post` (`id`, `title`, `content`, `author`, `time`, `count`, `key`) VALUES
(4, 'FAQ', '<p>\r\n	Bạn cảm thấy sản phẩm của<span style="color:#ff0000;">&nbsp;<span style="font-size:16px;"><em><strong>HDN Computer</strong></em></span></span><span style="color:#ff0000;"> </span>như thế n&agrave;o? ( Chất lượng,mẫu m&atilde;,ch&iacute;nh s&aacute;ch,...)</p>\r\n', '1', '0000-00-00 00:00:00', 1, 'faq-1397967132'),
(5, 'Chính sách', '<h3 style="text-align: justify;">\r\n	<span style="margin: 0px 0px 0px 10px; padding: 0px; border: 0px; outline: 0px; vertical-align: baseline; float: left; line-height: 30px; color: rgb(9, 55, 140); text-transform: uppercase; font-family: Tahoma, Arial;">QUY ĐỊNH BẢO H&Agrave;NH</span></h3>\r\n<hr style="font-family: Tahoma, Arial; clear: both; color: rgb(51, 102, 255);" />\r\n<div class="details" style="margin: 0px; padding: 0px; border: 0px; outline: 0px; vertical-align: baseline; font-family: Tahoma, Arial; color: rgb(0, 0, 0);">\r\n	<p class="box-hilite" style="margin: 0px; padding: 0px; border: 0px rgb(210, 210, 182); outline: 0px; vertical-align: baseline; background-image: none; background-attachment: scroll; background-color: rgb(255, 255, 221); background-position: 0px 0px; background-repeat: repeat repeat;">\r\n		<span style="margin: 0px; padding: 0px; border: 0px; outline: 0px; vertical-align: baseline; font-size: 10pt;"><strong style="margin: 0px; padding: 0px; border: 0px; outline: 0px; vertical-align: baseline; background-color: transparent; font-size: 12px;">Xin qu&yacute; kh&aacute;ch kiểm tra h&agrave;ng kỹ khi nhận h&agrave;ng. H&agrave;ng được giao ho&agrave;n to&agrave;n mới 100% v&agrave; c&oacute; d&aacute;n tem bảo h&agrave;nh của HDN Computer. Tr&ecirc;n tem c&oacute; ghi r&otilde; ng&agrave;y th&aacute;ng năm v&agrave; thời hạn bảo h&agrave;nh theo đ&uacute;ng quy định bảo h&agrave;nh của nh&agrave; sản xuất.</strong></span></p>\r\n	<p style="margin: 0px; padding: 0px; border: 0px; outline: 0px; vertical-align: baseline; background-color: transparent;">\r\n		&nbsp;</p>\r\n</div>\r\n<h3 style="margin: 0px; padding: 0px; border: 0px; outline: 0px; vertical-align: baseline; background-color: transparent; font-size: 12px; color: rgb(51, 51, 51);">\r\n	<span style="margin: 0px; padding: 0px; border: 0px; outline: 0px; vertical-align: baseline; font-size: 10pt;">ĐIỀU KIỆN BẢO H&Agrave;NH:</span></h3>\r\n<h3 style="text-align: justify;">\r\n	&nbsp;</h3>\r\n<div class="details" style="margin: 0px; padding: 0px; border: 0px; outline: 0px; vertical-align: baseline; font-family: Tahoma, Arial; color: rgb(0, 0, 0);">\r\n	<p style="margin: 0px; padding: 0px; border: 0px; outline: 0px; vertical-align: baseline; background-color: transparent;">\r\n		&nbsp;</p>\r\n	<ul class="arrow" style="margin: 0px; padding-right: 0px; padding-left: 50px; border: 0px; outline: 0px; vertical-align: baseline; background-color: transparent;">\r\n		<li style="margin: 0px; padding: 0px 0px 0px 30px; border: 0px; outline: 0px; vertical-align: baseline; background-image: url(http://vitinhphongvu.com.vn/templates/ja_zeolite_ii/images/bullet.gif); background-color: transparent; background-position: 20px 8px; background-repeat: no-repeat no-repeat;">\r\n			<span style="margin: 0px; padding: 0px; border: 0px; outline: 0px; vertical-align: baseline; font-size: 10pt;"><span class="icon" style="margin: 0px; padding: 0px; border: 0px; outline: 0px; vertical-align: baseline;">&nbsp;</span>Tất cả c&aacute;c linh kiện, thiết bị phải c&oacute; tem bảo h&agrave;nh của HDN Computer v&agrave; tem phải c&ograve;n trong thời hạn bảo h&agrave;nh.</span></li>\r\n		<li style="margin: 0px; padding: 0px 0px 0px 30px; border: 0px; outline: 0px; vertical-align: baseline; background-image: url(http://vitinhphongvu.com.vn/templates/ja_zeolite_ii/images/bullet.gif); background-color: transparent; background-position: 20px 8px; background-repeat: no-repeat no-repeat;">\r\n			<span style="margin: 0px; padding: 0px; border: 0px; outline: 0px; vertical-align: baseline; font-size: 10pt;"><span class="icon" style="margin: 0px; padding: 0px; border: 0px; outline: 0px; vertical-align: baseline;">&nbsp;</span>Tem bảo h&agrave;nh, m&atilde; vạch seri number phải c&ograve;n nguy&ecirc;n vẹn, kh&ocirc;ng c&oacute; dấu hiệu cạo sửa, tẩy x&oacute;a hay bị r&aacute;ch mờ.</span></li>\r\n		<li style="margin: 0px; padding: 0px 0px 0px 30px; border: 0px; outline: 0px; vertical-align: baseline; background-image: url(http://vitinhphongvu.com.vn/templates/ja_zeolite_ii/images/bullet.gif); background-color: transparent; background-position: 20px 8px; background-repeat: no-repeat no-repeat;">\r\n			<span style="margin: 0px; padding: 0px; border: 0px; outline: 0px; vertical-align: baseline; font-size: 10pt;"><span class="icon" style="margin: 0px; padding: 0px; border: 0px; outline: 0px; vertical-align: baseline;">&nbsp;</span>Những hư hỏng của thiết bị được x&aacute;c định do lỗi kỹ thuật hoặc lỗi của nh&agrave; sản xuất.</span></li>\r\n		<li style="margin: 0px; padding: 0px 0px 0px 30px; border: 0px; outline: 0px; vertical-align: baseline; background-image: url(http://vitinhphongvu.com.vn/templates/ja_zeolite_ii/images/bullet.gif); background-color: transparent; background-position: 20px 8px; background-repeat: no-repeat no-repeat;">\r\n			<span style="margin: 0px; padding: 0px; border: 0px; outline: 0px; vertical-align: baseline; font-size: 10pt;"><span class="icon" style="margin: 0px; padding: 0px; border: 0px; outline: 0px; vertical-align: baseline;">&nbsp;</span>C&aacute;c sản phẩm mainboard hoặc CPU khi bảo h&agrave;nh cần phải c&oacute; nắp đậy của CPU, hoặc socket.</span></li>\r\n		<li style="margin: 0px; padding: 0px 0px 0px 30px; border: 0px; outline: 0px; vertical-align: baseline; background-image: url(http://vitinhphongvu.com.vn/templates/ja_zeolite_ii/images/bullet.gif); background-color: transparent; background-position: 20px 8px; background-repeat: no-repeat no-repeat;">\r\n			<span style="margin: 0px; padding: 0px; border: 0px; outline: 0px; vertical-align: baseline; font-size: 10pt;">Đối với c&aacute;c linh kiện, thiết bị được cấp phiếu bảo h&agrave;nh ch&iacute;nh h&atilde;ng như : m&aacute;y bộ, Laptop, m&aacute;y in, m&aacute;y scanner, sản phẩm của intel .v.v.v :Khi mua c&aacute;c thiết bị, linh kiện n&agrave;y qu&yacute; kh&aacute;ch sẽ nhận được phiếu bảo h&agrave;nh, tr&ecirc;n phiếu c&oacute; ghi r&otilde; c&aacute;c điều kiện bảo h&agrave;nh, địa chỉ bảo h&agrave;nh, quyền lợi của kh&aacute;ch h&agrave;ng&hellip;. Kh&aacute;ch h&agrave;ng phải xuất tr&igrave;nh phiếu bảo h&agrave;nh khi bảo h&agrave;nh sản phẩm trực tiếp tại trung t&acirc;m bảo h&agrave;nh ghi tr&ecirc;n phiếu hoặc tại cửa h&agrave;ng Phong Vũ.</span></li>\r\n		<li style="margin: 0px; padding: 0px 0px 0px 30px; border: 0px; outline: 0px; vertical-align: baseline; background-image: url(http://vitinhphongvu.com.vn/templates/ja_zeolite_ii/images/bullet.gif); background-color: transparent; background-position: 20px 8px; background-repeat: no-repeat no-repeat;">\r\n			<span style="margin: 0px; padding: 0px; border: 0px; outline: 0px; vertical-align: baseline; font-size: 10pt;">M&agrave;n h&igrave;nh LCD của m&aacute;y bị điểm chấm, c&oacute; số điểm chấm từ 05 điểm trở l&ecirc;n.</span></li>\r\n	</ul>\r\n	<p style="margin: 0px; padding: 0px; border: 0px; outline: 0px; vertical-align: baseline; background-color: transparent;">\r\n		&nbsp;</p>\r\n</div>\r\n<h3 style="margin: 0px; padding: 0px; border: 0px; outline: 0px; vertical-align: baseline; background-color: transparent; font-size: 12px; color: rgb(51, 51, 51);">\r\n	<span style="margin: 0px; padding: 0px; border: 0px; outline: 0px; vertical-align: baseline; font-size: 10pt;">ĐIỀU KIỆN KH&Ocirc;NG BẢO H&Agrave;NH:</span></h3>\r\n<h3 style="text-align: justify;">\r\n	&nbsp;</h3>\r\n<div class="details" style="margin: 0px; padding: 0px; border: 0px; outline: 0px; vertical-align: baseline; font-family: Tahoma, Arial; color: rgb(0, 0, 0);">\r\n	<p style="margin: 0px; padding: 0px; border: 0px; outline: 0px; vertical-align: baseline; background-color: transparent;">\r\n		&nbsp;</p>\r\n	<ul class="arrow" style="margin: 0px; padding-right: 0px; padding-left: 50px; border: 0px; outline: 0px; vertical-align: baseline; background-color: transparent;">\r\n		<li style="margin: 0px; padding: 0px 0px 0px 30px; border: 0px; outline: 0px; vertical-align: baseline; background-image: url(http://vitinhphongvu.com.vn/templates/ja_zeolite_ii/images/bullet.gif); background-color: transparent; background-position: 20px 8px; background-repeat: no-repeat no-repeat;">\r\n			<span style="margin: 0px; padding: 0px; border: 0px; outline: 0px; vertical-align: baseline; font-size: 10pt;">M&aacute;y hoặc thiết bị c&oacute; dấu hiệu dung dịch lạ hoặc c&oacute; nước v&agrave;o.</span></li>\r\n		<li style="margin: 0px; padding: 0px 0px 0px 30px; border: 0px; outline: 0px; vertical-align: baseline; background-image: url(http://vitinhphongvu.com.vn/templates/ja_zeolite_ii/images/bullet.gif); background-color: transparent; background-position: 20px 8px; background-repeat: no-repeat no-repeat;">\r\n			<span style="margin: 0px; padding: 0px; border: 0px; outline: 0px; vertical-align: baseline; font-size: 10pt;">M&aacute;y hoặc thiết bị do va chạm hoặc đ&atilde; bị rơi rớt, bể mẻ, m&oacute;p m&eacute;o, biến dạng, trầy xước, vết ẩm ướt, gỉ s&eacute;t, ph&ugrave; tụ.</span></li>\r\n		<li style="margin: 0px; padding: 0px 0px 0px 30px; border: 0px; outline: 0px; vertical-align: baseline; background-image: url(http://vitinhphongvu.com.vn/templates/ja_zeolite_ii/images/bullet.gif); background-color: transparent; background-position: 20px 8px; background-repeat: no-repeat no-repeat;">\r\n			<span style="margin: 0px; padding: 0px; border: 0px; outline: 0px; vertical-align: baseline; font-size: 10pt;">Thiết bị c&oacute; dấu hiệu ch&aacute;y nổ, chuột bọ, c&ocirc;n tr&ugrave;ng x&acirc;m nhập hoặc được sử dụng trong m&ocirc;i trường ẩm ướt.</span></li>\r\n		<li style="margin: 0px; padding: 0px 0px 0px 30px; border: 0px; outline: 0px; vertical-align: baseline; background-image: url(http://vitinhphongvu.com.vn/templates/ja_zeolite_ii/images/bullet.gif); background-color: transparent; background-position: 20px 8px; background-repeat: no-repeat no-repeat;">\r\n			<span style="margin: 0px; padding: 0px; border: 0px; outline: 0px; vertical-align: baseline; font-size: 10pt;">Thiết bị hư hỏng do thi&ecirc;n tai hỏa hoạn, sử dụng nguồn điện kh&ocirc;ng ổn định hoặc do lắp đặt, vận chuyển kh&ocirc;ng đ&uacute;ng quy c&aacute;ch, thiết bị bị đứt mạch, ch&aacute;y ph&ugrave;, n&aacute;m .v.v.</span></li>\r\n		<li style="margin: 0px; padding: 0px 0px 0px 30px; border: 0px; outline: 0px; vertical-align: baseline; background-image: url(http://vitinhphongvu.com.vn/templates/ja_zeolite_ii/images/bullet.gif); background-color: transparent; background-position: 20px 8px; background-repeat: no-repeat no-repeat;">\r\n			<span style="margin: 0px; padding: 0px; border: 0px; outline: 0px; vertical-align: baseline; font-size: 10pt;">C&aacute;c trường hợp b&agrave;n ph&iacute;m của m&aacute;y bị bong ph&iacute;m, g&atilde;y chấu, bể, vỡ .v.v.</span></li>\r\n		<li style="margin: 0px; padding: 0px 0px 0px 30px; border: 0px; outline: 0px; vertical-align: baseline; background-image: url(http://vitinhphongvu.com.vn/templates/ja_zeolite_ii/images/bullet.gif); background-color: transparent; background-position: 20px 8px; background-repeat: no-repeat no-repeat;">\r\n			<span style="margin: 0px; padding: 0px; border: 0px; outline: 0px; vertical-align: baseline; font-size: 10pt;">C&aacute;c thiết bị mainboard bị cong ch&acirc;n socket, CPU bị cong hoặc g&atilde;y ch&acirc;n.</span></li>\r\n		<li style="margin: 0px; padding: 0px 0px 0px 30px; border: 0px; outline: 0px; vertical-align: baseline; background-image: url(http://vitinhphongvu.com.vn/templates/ja_zeolite_ii/images/bullet.gif); background-color: transparent; background-position: 20px 8px; background-repeat: no-repeat no-repeat;">\r\n			<span style="margin: 0px; padding: 0px; border: 0px; outline: 0px; vertical-align: baseline; font-size: 10pt;">Kh&ocirc;ng bảo h&agrave;nh c&aacute;c thiết bị phụ kiện như: bộ sạc, tai nghe, cable nối, vỏ m&aacute;y, n&uacute;t c&ocirc;ng tắc, d&acirc;y điện, remote điều khiển, quạt giải nhiệt, sản phẩm tặng k&egrave;m theo chương tr&igrave;nh khuyến m&atilde;i.</span></li>\r\n		<li style="margin: 0px; padding: 0px 0px 0px 30px; border: 0px; outline: 0px; vertical-align: baseline; background-image: url(http://vitinhphongvu.com.vn/templates/ja_zeolite_ii/images/bullet.gif); background-color: transparent; background-position: 20px 8px; background-repeat: no-repeat no-repeat;">\r\n			<span style="margin: 0px; padding: 0px; border: 0px; outline: 0px; vertical-align: baseline; font-size: 10pt;">Đối với m&aacute;y in, ch&uacute;ng t&ocirc;i kh&ocirc;ng bảo h&agrave;nh bao lụa, đầu phun mực.</span></li>\r\n		<li style="margin: 0px; padding: 0px 0px 0px 30px; border: 0px; outline: 0px; vertical-align: baseline; background-image: url(http://vitinhphongvu.com.vn/templates/ja_zeolite_ii/images/bullet.gif); background-color: transparent; background-position: 20px 8px; background-repeat: no-repeat no-repeat;">\r\n			<span style="margin: 0px; padding: 0px; border: 0px; outline: 0px; vertical-align: baseline; font-size: 10pt;">Kh&ocirc;ng chịu tr&aacute;ch nhiệm bảo h&agrave;nh dữ liệu c&oacute; chứa trong thiết bị lưu trữ của kh&aacute;ch h&agrave;ng khi bảo h&agrave;nh thiết bị.</span></li>\r\n		<li style="margin: 0px; padding: 0px 0px 0px 30px; border: 0px; outline: 0px; vertical-align: baseline; background-image: url(http://vitinhphongvu.com.vn/templates/ja_zeolite_ii/images/bullet.gif); background-color: transparent; background-position: 20px 8px; background-repeat: no-repeat no-repeat;">\r\n			<span style="margin: 0px; padding: 0px; border: 0px; outline: 0px; vertical-align: baseline; font-size: 10pt;">Kh&ocirc;ng chịu tr&aacute;ch nhiệm bảo h&agrave;nh Bản quyền cho c&aacute;c bản quyền MS WINDOWS, MS OFFICE, phần mềm, đĩa Driver .v.v.</span></li>\r\n	</ul>\r\n	<p style="margin: 0px; padding: 0px; border: 0px; outline: 0px; vertical-align: baseline; background-color: transparent;">\r\n		&nbsp;</p>\r\n</div>\r\n<h3 style="margin: 0px; padding: 0px; border: 0px; outline: 0px; vertical-align: baseline; background-color: transparent; font-size: 12px; color: rgb(51, 51, 51);">\r\n	<span style="margin: 0px; padding: 0px; border: 0px; outline: 0px; vertical-align: baseline; font-size: 10pt;">PHƯƠNG THỨC BẢO H&Agrave;NH:</span></h3>\r\n<h3 style="text-align: justify;">\r\n	&nbsp;</h3>\r\n<div class="details" style="margin: 0px; padding: 0px; border: 0px; outline: 0px; vertical-align: baseline; font-family: Tahoma, Arial; color: rgb(0, 0, 0);">\r\n	<p style="margin: 0px; padding: 0px; border: 0px; outline: 0px; vertical-align: baseline; background-color: transparent;">\r\n		&nbsp;</p>\r\n	<ul class="arrow" style="margin: 0px; padding-right: 0px; padding-left: 50px; border: 0px; outline: 0px; vertical-align: baseline; background-color: transparent;">\r\n		<li style="margin: 0px; padding: 0px 0px 0px 30px; border: 0px; outline: 0px; vertical-align: baseline; background-image: url(http://vitinhphongvu.com.vn/templates/ja_zeolite_ii/images/bullet.gif); background-color: transparent; background-position: 20px 8px; background-repeat: no-repeat no-repeat;">\r\n			<span style="margin: 0px; padding: 0px; border: 0px; outline: 0px; vertical-align: baseline; font-size: 10pt;">Tất cả c&aacute;c thiết bị được bảo h&agrave;nh miễn ph&iacute; trong suốt thời hạn bảo h&agrave;nh.</span></li>\r\n		<li style="margin: 0px; padding: 0px 0px 0px 30px; border: 0px; outline: 0px; vertical-align: baseline; background-image: url(http://vitinhphongvu.com.vn/templates/ja_zeolite_ii/images/bullet.gif); background-color: transparent; background-position: 20px 8px; background-repeat: no-repeat no-repeat;">\r\n			<span style="margin: 0px; padding: 0px; border: 0px; outline: 0px; vertical-align: baseline; font-size: 10pt;">H&agrave;ng mới mua trong v&ograve;ng 05 ng&agrave;y sẽ được đổi ngay h&agrave;ng mới nếu việc kiểm tra h&agrave;ng đ&oacute; hư hỏng do lỗi của nh&agrave; sản xuất.</span></li>\r\n		<li style="margin: 0px; padding: 0px 0px 0px 30px; border: 0px; outline: 0px; vertical-align: baseline; background-image: url(http://vitinhphongvu.com.vn/templates/ja_zeolite_ii/images/bullet.gif); background-color: transparent; background-position: 20px 8px; background-repeat: no-repeat no-repeat;">\r\n			<span style="margin: 0px; padding: 0px; border: 0px; outline: 0px; vertical-align: baseline; font-size: 10pt;">Trong trường hợp kh&ocirc;ng c&oacute; h&agrave;ng mới để đổi th&igrave; sẽ thỏa thuận đổi sang h&agrave;ng mới kh&aacute;c c&oacute; gi&aacute; trị tương đương hoặc sẽ ho&agrave;n trả lại đ&uacute;ng số tiền m&agrave; qu&yacute; kh&aacute;ch đ&atilde; mua. Ch&uacute; &yacute; : kh&ocirc;ng &aacute;p dụng đối với c&aacute;c thiết bị như : m&aacute;y in, mực in, c&aacute;c thiết bị c&oacute; t&iacute;nh chất hao m&ograve;n, c&aacute;c thiết bị bị cắt rời, bẻ g&atilde;y, l&agrave;m mất bao b&igrave; hoặc bị trầy xước, do bẩn.</span></li>\r\n		<li style="margin: 0px; padding: 0px 0px 0px 30px; border: 0px; outline: 0px; vertical-align: baseline; background-image: url(http://vitinhphongvu.com.vn/templates/ja_zeolite_ii/images/bullet.gif); background-color: transparent; background-position: 20px 8px; background-repeat: no-repeat no-repeat;">\r\n			<span style="margin: 0px; padding: 0px; border: 0px; outline: 0px; vertical-align: baseline; font-size: 10pt;">Trường hợp h&agrave;ng đ&atilde; mua qu&aacute; thời hạn 05 ng&agrave;y th&igrave; sẽ được nhận lại để bảo h&agrave;nh (sửa chữa). Nếu kh&ocirc;ng thể sửa chữa được th&igrave; cửa h&agrave;ng sẽ thay thế một sản phẩm kh&aacute;c tương đương v&agrave; sản phẩm n&agrave;y kh&ocirc;ng nhất thiết mới 100%.</span></li>\r\n		<li style="margin: 0px; padding: 0px 0px 0px 30px; border: 0px; outline: 0px; vertical-align: baseline; background-image: url(http://vitinhphongvu.com.vn/templates/ja_zeolite_ii/images/bullet.gif); background-color: transparent; background-position: 20px 8px; background-repeat: no-repeat no-repeat;">\r\n			<span style="margin: 0px; padding: 0px; border: 0px; outline: 0px; vertical-align: baseline; font-size: 10pt;">Thời gian giải quyết bảo h&agrave;nh từ 3 --&gt; 7 ng&agrave;y kể từ ng&agrave;y nhận (trừ ng&agrave;y Chủ Nhật v&agrave; c&aacute;c ng&agrave;y lễ) v&agrave; t&ugrave;y từng trường hợp c&oacute; thể giải quyết sớm hơn hoặc chậm hơn.</span></li>\r\n		<li style="margin: 0px; padding: 0px 0px 0px 30px; border: 0px; outline: 0px; vertical-align: baseline; background-image: url(http://vitinhphongvu.com.vn/templates/ja_zeolite_ii/images/bullet.gif); background-color: transparent; background-position: 20px 8px; background-repeat: no-repeat no-repeat;">\r\n			<span style="margin: 0px; padding: 0px; border: 0px; outline: 0px; vertical-align: baseline; font-size: 10pt;">Đối với c&aacute;c sản phẩm của Apple, v&igrave; thiết bị phải gởi ra nước ngo&agrave;i&nbsp;để bảo h&agrave;nh n&ecirc;n thời gian giải quyết bảo h&agrave;nh từ 02 đến 04 tuần&nbsp;&nbsp;</span></li>\r\n	</ul>\r\n	<ul class="arrow" style="margin: 0px; padding-right: 0px; padding-left: 50px; border: 0px; outline: 0px; vertical-align: baseline; background-color: transparent;">\r\n		<li style="margin: 0px; padding: 0px 0px 0px 30px; border: 0px; outline: 0px; vertical-align: baseline; background-image: url(http://vitinhphongvu.com.vn/templates/ja_zeolite_ii/images/bullet.gif); background-color: transparent; background-position: 20px 8px; background-repeat: no-repeat no-repeat;">\r\n			<span style="margin: 0px; padding: 0px; border: 0px; outline: 0px; vertical-align: baseline; font-size: 10pt;">Đối với c&aacute;c thiết bị kh&ocirc;ng thể sửa chữa được m&agrave; thiết bị n&agrave;y hết h&agrave;ng do kh&ocirc;ng c&ograve;n sản xuất nữa hoặc kh&ocirc;ng c&ograve;n lưu h&agrave;nh tr&ecirc;n thị trường, qu&yacute; kh&aacute;ch phải đợi nh&agrave; ph&acirc;n phối đổi h&agrave;ng kh&aacute;c c&oacute; gi&aacute; trị tương đương hoặc cao hơn v&agrave; b&ugrave; tiền theo thỏa thuận của gi&aacute; cả hiện h&agrave;nh tr&ecirc;n thị trường. Thời hạn bảo h&agrave;nh đối với sản phẩm được thay thế sẽ được t&iacute;nh tiếp tục m&agrave; kh&ocirc;ng bảo h&agrave;nh lại từ đầu.</span></li>\r\n		<li style="margin: 0px; padding: 0px 0px 0px 30px; border: 0px; outline: 0px; vertical-align: baseline; background-image: url(http://vitinhphongvu.com.vn/templates/ja_zeolite_ii/images/bullet.gif); background-color: transparent; background-position: 20px 8px; background-repeat: no-repeat no-repeat;">\r\n			<span style="margin: 0px; padding: 0px; border: 0px; outline: 0px; vertical-align: baseline; font-size: 10pt;">Đối với c&aacute;c thiết bị kh&ocirc;ng sửa chữa được trong nước phải gởi sang nh&agrave; sản xuất ở nước ngo&agrave;i th&igrave; thời hạn c&oacute; thể k&eacute;o d&agrave;i từ 4 đến 6 tuần. Trong trường hợp n&agrave;y cửa h&agrave;ng sẽ thay thế một sản phẩm c&oacute; t&iacute;nh năng tương đương để qu&yacute; kh&aacute;ch tạm sử dụng.</span></li>\r\n	</ul>\r\n	<p style="margin: 0px; padding: 0px; border: 0px; outline: 0px; vertical-align: baseline; background-color: transparent;">\r\n		&nbsp;</p>\r\n	<p class="box-grey" style="margin: 0px; padding: 0px; border: 0px; outline: 0px; vertical-align: baseline; background-color: transparent;">\r\n		<span style="margin: 0px; padding: 0px; border: 0px; outline: 0px; vertical-align: baseline; font-size: 10pt;"><strong style="margin: 0px; padding: 0px; border: 0px; outline: 0px; vertical-align: baseline; background-color: transparent; font-size: 12px;">RẤT H&Acirc;N HẠNH ĐƯỢC PHỤC VỤ QU&Yacute; KH&Aacute;CH!</strong></span></p>\r\n</div>\r\n<p>\r\n	&nbsp;</p>\r\n', '', '0000-00-00 00:00:00', 0, 'chinh-sach-1397966894'),
(6, 'Tăng bảo mật cho giao dịch online tại Việt Nam', '<p style="margin: 10px 0px; padding: 0px; color: rgb(0, 0, 0); font-family: Arial; font-size: 13px; line-height: 20px; text-align: justify;">\r\n	<strong><span style="color: rgb(51, 51, 51);">Bitdefender vừa giới thiệu tại Việt Nam giải ph&aacute;p bảo mật Gravity Zone 2014, cho ph&eacute;p chủ động bảo vệ giao dịch trực tuyến, ph&ograve;ng chống thất tho&aacute;t dữ liệu, bảo vệ hệ thống m&aacute;y chủ, m&aacute;y trạm, m&ocirc;i trường ảo h&oacute;a, thiết bị di động&hellip;</span></strong></p>\r\n<p style="margin: 10px 0px; padding: 0px; color: rgb(0, 0, 0); font-family: Arial; font-size: 13px; line-height: 20px; text-align: center;">\r\n	<span style="color: rgb(51, 102, 255);"><strong><img alt="Thêm giải pháp bảo mật cho giao dịch online ra mắt tại Việt Nam" height="415" src="http://media.meta.com.vn/photos/image/032014/28/Bao-mat-1.jpg" style="max-width: 640px; margin: 5px;" title="Giao dịch online luôn tiềm ẩn nguy cơ mất an toàn cao." width="550" /></strong><br />\r\n	Giao dịch online lu&ocirc;n tiềm ẩn nguy cơ mất an to&agrave;n cao.</span></p>\r\n<p style="margin: 10px 0px; padding: 0px; color: rgb(0, 0, 0); font-family: Arial; font-size: 13px; line-height: 20px; text-align: justify;">\r\n	Ng&agrave;y 27/3,&nbsp;<em>Amphonet Erm</em>&nbsp;(<em>c&ocirc;ng ty ph&acirc;n phối sản phẩm Bitdefender v&agrave; Safetica tại Việt Nam</em>) đ&atilde; giới thiệu tại thị trường H&agrave; Nội giải ph&aacute;p&nbsp;<strong>Gravity Zone 2014</strong>&nbsp;của<em>&nbsp;Bitdefender</em>&nbsp;v&agrave; giải ph&aacute;p ph&ograve;ng chống thất tho&aacute;t dữ liệu chủ động của&nbsp;<em>Safetica,</em>&nbsp;cho ph&eacute;p bảo vệ to&agrave;n diện cho hệ thống m&aacute;y chủ, m&aacute;y trạm, m&ocirc;i trường ảo h&oacute;a v&agrave; thiết bị di động.</p>\r\n<p style="margin: 10px 0px; padding: 0px; color: rgb(0, 0, 0); font-family: Arial; font-size: 13px; line-height: 20px; text-align: justify;">\r\n	C&aacute;c giải ph&aacute;p c&oacute; khả năng gi&uacute;p doanh nghiệp theo d&otilde;i luồng di chuyển của dữ liệu, t&igrave;m ra nguy&ecirc;n nh&acirc;n mất dữ liệu, gi&uacute;p cho c&aacute;c doanh nghiệp c&oacute; phương &aacute;n ph&ograve;ng chống rủi ro hiệu quả hơn.</p>\r\n<p style="margin: 10px 0px; padding: 0px; color: rgb(0, 0, 0); font-family: Arial; font-size: 13px; line-height: 20px; text-align: justify;">\r\n	Giải ph&aacute;p của&nbsp;<em>Bitdefender</em>&nbsp;v&agrave;&nbsp;<em>Safepay</em>&nbsp;(<em>hiện đang được sử dụng rộng r&atilde;i tại thị trường Ch&acirc;u &Acirc;u</em>) c&ograve;n mang lại phương thức bảo mật hiệu quả cho kh&aacute;ch h&agrave;ng của doanh nghiệp khi thực hiện giao dịch trực tuyến như mua v&eacute; điện tử, mua h&agrave;ng online, giao dịch tiền tệ với ng&acirc;n h&agrave;ng.</p>\r\n<p style="margin: 10px 0px; padding: 0px; color: rgb(0, 0, 0); font-family: Arial; font-size: 13px; line-height: 20px; text-align: justify;">\r\n	Cũng theo th&ocirc;ng tin được c&aacute;c chuy&ecirc;n gia bảo mật chia sẻ tại hội thảo, nghi&ecirc;n cứu gần đ&acirc;y của h&atilde;ng bảo mật Safetica cho thấy, c&oacute; đến 78% doanh nghiệp bị thất tho&aacute;t dữ liệu do nguy&ecirc;n nh&acirc;n nội bộ, 6/10 trường hợp thất tho&aacute;t dữ liệu chỉ được ph&aacute;t hiện do t&igrave;nh cờ.</p>\r\n<p style="margin: 10px 0px; padding: 0px; color: rgb(0, 0, 0); font-family: Arial; font-size: 13px; line-height: 20px; text-align: justify;">\r\n	C&ograve;n&nbsp;<em>Bitdefender</em>&nbsp;chỉ ra rằng, hiện nay tại Việt Nam, d&ugrave; hệ thống bảo mật th&ocirc;ng tin trong khối doanh nghiệp t&agrave;i ch&iacute;nh tốt hơn khối doanh nghiệp phi t&agrave;i ch&iacute;nh, tuy nhi&ecirc;n khả năng ứng ph&oacute; với c&aacute;c mối đe dọa mất an to&agrave;n th&ocirc;ng tin của hầu hết doanh nghiệp vẫn c&ograve;n rất hạn chế, nhiều trường hợp bị hacker đ&aacute;nh cắp dữ liệu nhưng kh&ocirc;ng truy ra được đầu mối.</p>\r\n', '', '2014-04-19 03:20:00', 0, 'tang-bao-mat-cho-giao-dich-online-tai-viet-nam-1397852420'),
(10, 'So sánh Samsung Galaxy S5 với HTC One M8', '<p style="font-family: Arial, Helvetica, sans-serif; color: rgb(0, 0, 0); text-align: justify;">\r\n	Từ đầu 2014 đến thời điểm hiện tại c&oacute; kh&aacute; nhiều mẫu smartphone cao cấp được c&aacute;c h&atilde;ng c&ocirc;ng bố, trong đ&oacute; hai model&nbsp;<strong>Samsung&nbsp;<a href="http://www.24h.com.vn/samsung-galaxy-s5-c407e2870.html" style="text-decoration: none; color: rgb(0, 0, 255);">Galaxy S5</a>&nbsp;v&agrave; HTC One M8</strong>&nbsp;được đ&aacute;nh gi&aacute; kh&aacute; cao v&agrave; đang c&oacute; sẵn cho thị trường Việt Nam. Điều đ&aacute;ng n&oacute;i l&agrave; cả hai smartphone n&agrave;y đều dựa tr&ecirc;n c&aacute;ch tiếp cận thị trường ho&agrave;n to&agrave;n kh&aacute;c nhau.</p>\r\n<p align="center" style="font-family: Arial, Helvetica, sans-serif; color: rgb(0, 0, 0);">\r\n	<img alt="So sánh Samsung Galaxy S5 với HTC One M8 - 1" class="news-image" src="http://img-hcm.24hstatic.com:8008/upload/2-2014/images/2014-04-14/1397452740-samsung-galaxy-s5-vs-htc-one-m8-01.jpg" style="border: 0px; max-width: 400px;" /></p>\r\n<p align="center" style="font-family: Arial, Helvetica, sans-serif; color: rgb(0, 0, 255); font-style: italic; text-align: center;">\r\n	Samsung Galaxy S5 (tr&aacute;i) v&agrave; HTC One M8 (phải)</p>\r\n<p style="font-family: Arial, Helvetica, sans-serif; color: rgb(0, 0, 0); text-align: justify;">\r\n	Ngoại trừ việc phải cạnh tranh với đối thủ lớn nhất hiện nay l&agrave; Apple, th&igrave; dường như Samsung kh&ocirc;ng gặp nhiều kh&oacute; khăn khi sản phẩm của họ phải đem ra so s&aacute;nh với những đối thủ kh&aacute;c. Tuy nhi&ecirc;n, trong v&agrave;i năm trở lại đ&acirc;y một số nh&agrave; sản xuất Android đ&atilde; nổi l&ecirc;n với những sản phẩm đ&aacute;ng ch&uacute; &yacute; như HTC.</p>\r\n<p style="font-family: Arial, Helvetica, sans-serif; color: rgb(0, 0, 0); text-align: justify;">\r\n	Cả Samsung v&agrave; HTC đều c&oacute; lập luận ri&ecirc;ng của họ trong cuộc cạnh tranh n&agrave;y. V&iacute; dụ, Samsung cho rằng m&aacute;y ảnh Ultrapixel của HTC c&oacute; qu&aacute; nhiều nhược điểm, trong khi HTC tiếp tục chọc ngo&aacute;y v&agrave;o chất liệu thiết kế của Samsung.</p>\r\n<p style="font-family: Arial, Helvetica, sans-serif; color: rgb(0, 0, 0); text-align: justify;">\r\n	<strong>Thiết kế</strong></p>\r\n<p style="font-family: Arial, Helvetica, sans-serif; color: rgb(0, 0, 0); text-align: justify;">\r\n	HTC One M8 được ca ngợi kh&aacute; nhiều về thiết kế khi sở hữu chất liệu nh&ocirc;m cao cấp v&agrave; chiếm đến 90% m&aacute;y được l&agrave;m bằng kim loại. Tuy nhi&ecirc;n, nếu đem so s&aacute;nh One M8 với HTC One 2013 th&igrave; thiết kế n&agrave;y c&oacute; phần k&eacute;m sang trọng v&agrave; g&oacute;c cạnh so với &ldquo;tiền bối&rdquo;.</p>\r\n<p align="center" style="font-family: Arial, Helvetica, sans-serif; color: rgb(0, 0, 0);">\r\n	<img alt="So sánh Samsung Galaxy S5 với HTC One M8 - 2" class="news-image" src="http://img-hcm.24hstatic.com:8008/upload/2-2014/images/2014-04-14/1397452740-samsung-galaxy-s5-vs-htc-one-m8-02.jpg" style="border: 0px; max-width: 400px;" /></p>\r\n<p align="center" style="font-family: Arial, Helvetica, sans-serif; color: rgb(0, 0, 255); font-style: italic; text-align: center;">\r\n	Hai phi&ecirc;n bản c&oacute; triết l&yacute; ho&agrave;n to&agrave;n kh&aacute;c nhau</p>\r\n<p style="font-family: Arial, Helvetica, sans-serif; color: rgb(0, 0, 0); text-align: justify;">\r\n	Trong khi đ&oacute;,&nbsp;<em>Galaxy S5</em>&nbsp;vẫn mang đ&uacute;ng nghĩa một mẫu điện thoại th&ocirc;ng minh Android của Samsung - với c&aacute;i nh&igrave;n quen thuộc, nhưng phi&ecirc;n bản mới đ&atilde; c&oacute; ch&uacute;t thay đổi đ&aacute;ng kể về kiểu d&aacute;ng. Cụ thể lớp vỏ nhựa b&oacute;ng lo&aacute;ng ở mặt lưng m&agrave; Galaxy S4 từng sở hữu đ&atilde; được thay thế bằng lớp vỏ giả da, mang đến một c&aacute;i nh&igrave;n ho&agrave;n to&agrave;n mới, đồng thời bảo vệ m&aacute;y tốt hơn.</p>\r\n<p style="font-family: Arial, Helvetica, sans-serif; color: rgb(0, 0, 0); text-align: justify;">\r\n	Về tổng thể, cả hai thiết bị đều c&oacute; diện mạo kh&aacute; tốt, HTC One M8 xuất hiện đầy ấn tượng với chất liệu kim loại cao cấp. Trong khi, Galaxy S5 lại mang đến sự thoải m&aacute;i, v&agrave; chứng minh được m&igrave;nh mới l&agrave; chiếc điện thoại tốt hơn như; tấm lưng giả da mang lại cảm gi&aacute;c thoải m&aacute;i khi cầm tr&ecirc;n tay, trong khi vỏ kim loại của HTC One M8 vẫn kh&aacute; chắc chắn khi cầm nắm, nhưng lại dễ trượt rơi v&agrave; kh&ocirc;ng mấy thoải m&aacute;i.</p>\r\n<p style="font-family: Arial, Helvetica, sans-serif; color: rgb(0, 0, 0); text-align: justify;">\r\n	<em><strong>Về k&iacute;ch thước</strong></em></p>\r\n<p style="font-family: Arial, Helvetica, sans-serif; color: rgb(0, 0, 0); text-align: justify;">\r\n	&nbsp;</p>\r\n<p align="center" style="font-family: Arial, Helvetica, sans-serif; color: rgb(0, 0, 0);">\r\n	<img alt="So sánh Samsung Galaxy S5 với HTC One M8 - 3" class="news-image" src="http://img-hcm.24hstatic.com:8008/upload/2-2014/images/2014-04-14/1397452740-samsung-galaxy-s5-vs-htc-one-m8-03.jpg" style="border: 0px; max-width: 400px;" /></p>\r\n<p align="center" style="font-family: Arial, Helvetica, sans-serif; color: rgb(0, 0, 255); font-style: italic; text-align: center;">\r\n	Camera 16MP của Galaxy S5 v&agrave; camera 4 Ultrapixel của One M8 c&oacute; khả năng chụp ảnh thiếu s&aacute;ng cực tốt</p>\r\n<p style="font-family: Arial, Helvetica, sans-serif; color: rgb(0, 0, 0); text-align: justify;">\r\n	Cả hai chiếc smartphone n&agrave;y đều l&agrave; thiết bị cầm tay kh&aacute; lớn. HTC One M8 sở hữu k&iacute;ch thước 146,36 x 70,6 x 9,35 mm l&agrave;m cho n&oacute; cao hơn, nhưng hẹp hơn so với Galaxy S5 142 x 72,5 x 8,1 mm. Ngo&agrave;i ra, chiếc smartphone Galaxy S5 c&ograve;n tỏ ra c&oacute; lợi thế về ngoại h&igrave;nh khi m&aacute;y mỏng hơn so với đối thủ. Trong khi trọng lượng cũng c&oacute; một ch&uacute;t ch&ecirc;nh lệch 145 g d&agrave;nh cho Galaxy S5 v&agrave; 160 g của&nbsp;<u>HTC One M8</u>&nbsp;(do chất liệu m&aacute;y được l&agrave;m chủ yếu bằng kim loại).</p>\r\n<p style="font-family: Arial, Helvetica, sans-serif; color: rgb(0, 0, 0); text-align: justify;">\r\n	Một trong những lợi thế dễ d&agrave;ng nhận thấy nhất tr&ecirc;n&nbsp;<a href="http://www.24h.com.vn/samsung-galaxy-s5-c407e2870.html" style="text-decoration: none; color: rgb(0, 0, 255);">Samsung Galaxy S5</a>&nbsp;đ&oacute; ch&iacute;nh l&agrave; ti&ecirc;u chuẩn IP67. Đ&acirc;y l&agrave; ti&ecirc;u chuẩn chống bụi ho&agrave;n to&agrave;n, chống nước ở độ s&acirc;u 1m v&agrave; trong khoảng thời gian 30 ph&uacute;t. Trong khi One M8 chỉ hỗ trợ ti&ecirc;u chuẩn IP x3, kh&ocirc;ng c&oacute; khả năng chống bụi, v&agrave; chỉ c&oacute; thể chịu nước dưới điều kiện mưa nhỏ.</p>\r\n<p style="font-family: Arial, Helvetica, sans-serif; color: rgb(0, 0, 0); text-align: justify;">\r\n	<em><strong>Mức gi&aacute;</strong></em></p>\r\n<p style="font-family: Arial, Helvetica, sans-serif; color: rgb(0, 0, 0); text-align: justify;">\r\n	Một trong những t&iacute;nh năng được người d&ugrave;ng đặc biệt quan t&acirc;m ch&iacute;nh l&agrave; mức gi&aacute; của cả hai sản phẩm. HTC One M8 b&aacute;n tại thị trường Việt Nam c&oacute; gi&aacute; b&aacute;n 16,790.000 VND triệu đồng v&agrave; bắt đầu nhận đặt h&agrave;ng trước từ 21/4 đến 4/5/2014. Mức gi&aacute; của Samsung Galaxy S5 l&agrave; 15,990,000 VND.</p>\r\n<p align="center" style="font-family: Arial, Helvetica, sans-serif; color: rgb(0, 0, 0);">\r\n	<img alt="So sánh Samsung Galaxy S5 với HTC One M8 - 4" class="news-image" src="http://img-hcm.24hstatic.com:8008/upload/2-2014/images/2014-04-14/1397452740-samsung-galaxy-s5-vs-htc-one-m8-04.jpg" style="border: 0px; max-width: 400px;" /></p>\r\n<p align="center" style="font-family: Arial, Helvetica, sans-serif; color: rgb(0, 0, 255); font-style: italic; text-align: center;">\r\n	Mặt trước của cả hai phi&ecirc;n bản đều rất sang trọng</p>\r\n<p align="center" style="font-family: Arial, Helvetica, sans-serif; color: rgb(0, 0, 0);">\r\n	<img alt="So sánh Samsung Galaxy S5 với HTC One M8 - 5" class="news-image" src="http://img-hcm.24hstatic.com:8008/upload/2-2014/images/2014-04-14/1397452740-samsung-galaxy-s5-vs-htc-one-m8-05.jpg" style="border: 0px; max-width: 400px;" /></p>\r\n<p align="center" style="font-family: Arial, Helvetica, sans-serif; color: rgb(0, 0, 255); font-style: italic; text-align: center;">\r\n	Galaxy S5 sử dụng ph&iacute;m Home vật l&yacute;, c&ograve;n HTC One M8 d&ugrave;ng ph&iacute;m cảm ứng</p>\r\n<p align="center" style="font-family: Arial, Helvetica, sans-serif; color: rgb(0, 0, 0);">\r\n	<img alt="So sánh Samsung Galaxy S5 với HTC One M8 - 6" class="news-image" src="http://img-hcm.24hstatic.com:8008/upload/2-2014/images/2014-04-14/1397452740-samsung-galaxy-s5-vs-htc-one-m8-06.jpg" style="border: 0px; max-width: 400px;" /></p>\r\n<p align="center" style="font-family: Arial, Helvetica, sans-serif; color: rgb(0, 0, 255); font-style: italic; text-align: center;">\r\n	Chất liệu kim loại được thể hiện tr&ecirc;n cạnh m&aacute;y v&agrave; c&aacute;c phim bấm</p>\r\n<p align="center" style="font-family: Arial, Helvetica, sans-serif; color: rgb(0, 0, 0);">\r\n	<img alt="So sánh Samsung Galaxy S5 với HTC One M8 - 7" class="news-image" src="http://img-hcm.24hstatic.com:8008/upload/2-2014/images/2014-04-14/1397452740-samsung-galaxy-s5-vs-htc-one-m8-07.jpg" style="border: 0px; max-width: 400px;" /></p>\r\n', '', '2014-04-19 03:20:00', 0, 'so-sanh-samsung-galaxy-s5-voi-htc-one-m8-1397852434');
INSERT INTO `shopc_post` (`id`, `title`, `content`, `author`, `time`, `count`, `key`) VALUES
(14, 'Đấu loại vòng 2: Thêm nhiều ngân hàng biến mất', '<div style="padding: 0px; margin: 0px; line-height: 18px; font-size: 8pt; font-family: Verdana; color: rgb(0, 0, 128); text-align: center;">\r\n	<strong style="padding: 0px; margin: 0px;">Sau giai đoạn một với 9 ng&acirc;n h&agrave;ng yếu k&eacute;m đ&atilde; cơ bản ho&agrave;n tất, việc t&aacute;i cơ cấu ng&acirc;n h&agrave;ng tiếp tục được đẩy mạnh. Th&ocirc;ng tin từ NHNN cho biết sẽ c&oacute; 6 -7 NH nữa s&aacute;p nhập, hợp nhất.</strong></div>\r\n<p>\r\n	<strong style="padding: 0px; margin: 0px; color: rgb(0, 0, 0); font-family: Arial; font-size: 13px; line-height: 18px; text-align: justify;">Qua hai đợt t&aacute;i cơ cấu sẽ c&oacute; khoảng 15 ng&acirc;n h&agrave;ng bị loại khỏi hệ thống. K&eacute;o theo đ&oacute;, chắc chắn sẽ c&oacute; những thay đổi lớn về vị thế của c&aacute;c đại gia NH.</strong></p>\r\n<p style="padding: 0px; margin: 10px 0px; color: rgb(0, 0, 0); font-family: Arial; font-size: 13px; line-height: 18px; text-align: justify;">\r\n	&nbsp;</p>\r\n<div style="padding: 0px; margin: 0px; color: rgb(0, 0, 0); font-family: Arial; font-size: 13px; line-height: 18px; text-align: justify;">\r\n	&nbsp;</div>\r\n<p>\r\n	<strong style="padding: 0px; margin: 0px; color: rgb(0, 0, 0); font-family: Arial; font-size: 13px; line-height: 18px; text-align: justify;">C&aacute;c &acirc;m mưu mới</strong></p>\r\n<p style="padding: 0px; margin: 10px 0px; color: rgb(0, 0, 0); font-family: Arial; font-size: 13px; line-height: 18px; text-align: justify;">\r\n	Thị trường t&agrave;i ch&iacute;nh Việt Nam một th&aacute;ng gần đ&acirc;y lại nổi s&oacute;ng với h&agrave;ng loạt c&aacute;c th&ocirc;ng tin li&ecirc;n quan tới việc mua b&aacute;n s&aacute;p nhập NH được giữ k&iacute;n đồng loạt c&ocirc;ng bố.</p>\r\n<p style="padding: 0px; margin: 10px 0px; color: rgb(0, 0, 0); font-family: Arial; font-size: 13px; line-height: 18px; text-align: justify;">\r\n	Th&ocirc;ng tin&nbsp;<span class="xte5mrk0f8" id="xte5mrk0f8_1" style="padding: 0px; margin: 0px;">Southern Bank</span>&nbsp;bất ngờ c&oacute; kế hoạch s&aacute;p nhập v&agrave;o Sacombank thay v&igrave; Eximbank s&aacute;p nhập với Sacombank như đ&atilde; từng xới l&ecirc;n trước đ&oacute;, chưa kịp lắng xuống th&igrave; giới đầu tư đ&oacute;n nhận th&ecirc;m th&ocirc;ng tin 3 thương vụ nữa c&oacute; thể diễn ra.</p>\r\n<p style="padding: 0px; margin: 10px 0px; color: rgb(0, 0, 0); font-family: Arial; font-size: 13px; line-height: 18px; text-align: justify;">\r\n	Đầu tuần trước, th&ocirc;ng tin&nbsp;<span class="xte5mrk0f8" id="xte5mrk0f8_3" style="padding: 0px; margin: 0px;">Maritime</span>&nbsp;<span class="xte5mrk0f8" id="xte5mrk0f8_2" style="padding: 0px; margin: 0px;">Bank</span>&nbsp;sẽ tr&igrave;nh cổ đ&ocirc;ng th&ocirc;ng qua s&aacute;p nhập một tổ chức t&iacute;n dụng. Th&ocirc;ng tin chưa c&ocirc;ng bố ch&iacute;nh thức nhưng h&eacute; lộ ban đầu cho biết đ&oacute; l&agrave; Ng&acirc;n h&agrave;ng Ph&aacute;t triển M&ecirc; K&ocirc;ng (MDBbank). Hiện Maritime Bank đang l&agrave; cổ đ&ocirc;ng lớn nhất tại MBBank với hơn 10%.</p>\r\n<p style="padding: 0px; margin: 10px 0px; color: rgb(0, 0, 0); font-family: Arial; font-size: 13px; line-height: 18px; text-align: justify;">\r\n	Sau đ&oacute;, th&ocirc;ng tin Vietcombank (VCB) c&oacute; thể sẽ đ&oacute;n nhận một NH kh&aacute;c về với m&igrave;nh cũng đ&atilde; lan tỏa v&agrave; g&oacute;p phần v&agrave;o l&agrave;n s&oacute;ng mới trong lĩnh vực n&agrave;y. Vietcombank sẽ xin &yacute; kiến cổ đ&ocirc;ng về vấn đề n&agrave;y trong đại hội v&agrave;o ng&agrave;y 23/4 tới. Danh t&iacute;nh của &ldquo;đối t&aacute;c&rdquo; cũng chưa được tiết lộ.</p>\r\n<p style="padding: 0px; margin: 10px 0px; color: rgb(0, 0, 0); font-family: Arial; font-size: 13px; line-height: 18px; text-align: justify;">\r\n	Ng&acirc;n h&agrave;ng Xăng dầu Petrolimex (PGBank) nhiều khả năng sẽ &ldquo;về với&rdquo; VietinBank với khoảng 99% cổ phiếu PGBank sẽ được ho&aacute;n đổi sang VietinBank.</p>\r\n<table align="center" cellpadding="0" cellspacing="0" class="image center" style="padding: 0px; margin: 0px; text-align: center; color: rgb(0, 0, 0); font-family: Arial; font-size: 13px; line-height: 18px;" width="400">\r\n	<tbody style="padding: 0px; margin: 0px;">\r\n		<tr style="padding: 0px; margin: 0px;">\r\n			<td style="padding: 0px; margin: 0px;">\r\n				<img alt="M&amp;A, Eximbank, Sacombank, Southern-Bank, Habubank, SHB, Vietcombank, VietinBank, DaiABank, HBBank, ngân-hàng, yếu-kém, sáp-nhập, thâu-tóm, mua-bán, nợ-xấu, nhà-đầu-tư, chiến-lược" src="http://ttol.vietnamnetjsc.vn//2014/04/15/07/56/dau-loai-vong-2-them-nhieu-ngan-hang-bien-mat_1.jpg" style="padding: 0px; margin: 0px auto; max-width: 450px;" title="M&amp;A, Eximbank, Sacombank, Southern-Bank, Habubank, SHB, Vietcombank, VietinBank, DaiABank, HBBank, ngân-hàng, yếu-kém, sáp-nhập, thâu-tóm, mua-bán, nợ-xấu, nhà-đầu-tư, chiến-lược" /></td>\r\n		</tr>\r\n		<tr style="padding: 0px; margin: 0px;">\r\n			<td align="center" class="image_desc" style="padding: 0px; margin: 0px;">\r\n				<div style="padding: 0px; margin: 0px; font-size: 8pt; font-family: Verdana; color: rgb(0, 0, 128);">\r\n					C&oacute; nhiều ng&acirc;n h&agrave;ng sẽ s&aacute;p nhập với nhau</div>\r\n			</td>\r\n		</tr>\r\n	</tbody>\r\n</table>\r\n<p style="padding: 0px; margin: 10px 0px; color: rgb(0, 0, 0); font-family: Arial; font-size: 13px; line-height: 18px; text-align: justify;">\r\n	Ng&acirc;n h&agrave;ng Qu&acirc;n đội (MBB) mới đ&acirc;y cũng cho biết sẽ tr&igrave;nh cổ đ&ocirc;ng kế hoạch tận dụng c&aacute;c cơ hội để th&acirc;u t&oacute;m, s&aacute;p nhập một NH.</p>\r\n<p style="padding: 0px; margin: 10px 0px; color: rgb(0, 0, 0); font-family: Arial; font-size: 13px; line-height: 18px; text-align: justify;">\r\n	Th&ocirc;ng tin về c&aacute;c vụ s&aacute;p nhập được đồng loạt tung ra trong bối cảnh c&aacute;c NH bước v&agrave;o kỳ đại hội năm 2014. Đ&acirc;y l&agrave; thời điểm để c&aacute;c đơn vị xin &yacute; kiến cổ đ&ocirc;ng cho c&aacute;c vấn đề lớn, trong đ&oacute; c&oacute; t&aacute;i cấu tr&uacute;c vốn.</p>\r\n<p style="padding: 0px; margin: 10px 0px; color: rgb(0, 0, 0); font-family: Arial; font-size: 13px; line-height: 18px; text-align: justify;">\r\n	L&agrave;n s&oacute;ng s&aacute;p nhập mới đang nổi l&ecirc;n ch&iacute;nh v&ograve;ng 2 của cơn b&atilde;o mua b&aacute;n s&aacute;p nhập trong lĩnh vực NH sau một số thương vụ trong c&aacute;c năm trước v&agrave; được coi như v&ograve;ng 1 của qu&aacute; tr&igrave;nh t&aacute;i cấu tr&uacute;c như: SHB-Habubank; 3 ng&acirc;n h&agrave;ng SCB - Đệ Nhất - Việt Nam T&iacute;n Nghĩa hợp th&agrave;nh SCB; Western Bank với PVFC th&agrave;nh PVcombank (2013).</p>\r\n<p style="padding: 0px; margin: 10px 0px; color: rgb(0, 0, 0); font-family: Arial; font-size: 13px; line-height: 18px; text-align: justify;">\r\n	Cho đến thời điểm n&agrave;y, th&ocirc;ng qua hoạt động của c&aacute;c HN đ&atilde; hợp nhất, s&aacute;p nhập trong đợt đầu c&oacute; thể thấy nhiều đơn vị thay đổi theo hướng ng&agrave;y c&agrave;ng t&iacute;ch cực. Những c&aacute;i t&ecirc;n SHB hay Pvcombank&hellip; l&agrave; những kết quả tốt đẹp.</p>\r\n<p style="padding: 0px; margin: 10px 0px; color: rgb(0, 0, 0); font-family: Arial; font-size: 13px; line-height: 18px; text-align: justify;">\r\n	Trong những ng&agrave;y cuối c&ugrave;ng năm 2013, Ng&acirc;n h&agrave;ng Đại &Aacute; (DaiA Bank) đ&atilde; chốt danh s&aacute;ch cổ đ&ocirc;ng để ho&aacute;n đổi cổ phiếu DaiABank th&agrave;nh cổ phiếu Hdbank ho&agrave;n tất thut tục của việc s&aacute;p nhập.</p>\r\n<p style="padding: 0px; margin: 10px 0px; color: rgb(0, 0, 0); font-family: Arial; font-size: 13px; line-height: 18px; text-align: justify;">\r\n	<strong style="padding: 0px; margin: 0px;">Điểm mới của v&ograve;ng 2</strong></p>\r\n<p style="padding: 0px; margin: 10px 0px; color: rgb(0, 0, 0); font-family: Arial; font-size: 13px; line-height: 18px; text-align: justify;">\r\n	C&oacute; thể thấy, trong &ldquo;v&ograve;ng 2&rdquo; lần n&agrave;y, c&aacute;c th&ocirc;ng tin ph&aacute;t ra cho thấy, đ&atilde; bắt đầu xuất hiện những c&aacute;i t&ecirc;n lớn tham gia v&agrave;o qu&aacute; tr&igrave;nh M&amp;A như Vietcombank, VietinBank v&agrave; Sacombank. Đ&acirc;y c&oacute; lẽ l&agrave; đặc điểm kh&aacute;c với v&ograve;ng trước đ&oacute; v&agrave; n&oacute; hứa hẹn gi&uacute;p thị trường c&oacute; được c&aacute;c NHTM c&oacute; quy m&ocirc; v&agrave; tr&igrave;nh độ tương đương với c&aacute;c NH trong khu vực, chứ kh&ocirc;ng chỉ c&ograve;n nhăm nhăm tới mục ti&ecirc;u giảm nợ xấu, cải thiện thanh khoản, tr&aacute;nh đổ vỡ như trước đ&oacute;.</p>\r\n<p style="padding: 0px; margin: 10px 0px; color: rgb(0, 0, 0); font-family: Arial; font-size: 13px; line-height: 18px; text-align: justify;">\r\n	Tr&ecirc;n thực tế, s&aacute;p nhập c&aacute;c NH lại với nhau nằm trong Đề &aacute;n &quot;Cơ cấu lại hệ thống c&aacute;c TCTD giai đoạn 2011 - 2015 đ&atilde; được Thủ tướng Ch&iacute;nh phủ ph&ecirc; duyệt đầu th&aacute;ng 3/2012. Theo đ&oacute;, mục ti&ecirc;u l&agrave; nhằm cơ cấu lại căn bản, triệt để v&agrave; to&agrave;n diện hệ thống c&aacute;c TCTD theo hướng hiện đại, hoạt động an to&agrave;n, hiệu quả vững chắc với cấu tr&uacute;c đa dạng về sở hữu, quy m&ocirc;, loại h&igrave;nh c&oacute; khả năng trạnh canh lớn hơn v&agrave; dựa tr&ecirc;n nền tảng c&ocirc;ng nghệ, quản trị NH ti&ecirc;n tiến ph&ugrave; hợp với th&ocirc;ng lệ, chuẩn mực quốc tế.</p>\r\n<p style="padding: 0px; margin: 10px 0px; color: rgb(0, 0, 0); font-family: Arial; font-size: 13px; line-height: 18px; text-align: justify;">\r\n	Nhiều NĐT kỳ vọng l&agrave;n s&oacute;ng M&amp;A trong lĩnh vực NH lần n&agrave;y sẽ c&oacute; nhiều biến đổi về chất. Tuy nhi&ecirc;n, kh&ocirc;ng &iacute;t người cho rằng nhiều NH vẫn đang phải đối mặt với nhiều vấn đề yếu k&eacute;m n&ecirc;n gộp lại với nhau chưa hẳn đ&atilde; mạnh l&ecirc;n m&agrave; c&oacute; khi c&ograve;n phải dắt d&iacute;u nhau vượt kh&oacute; trong một thời gian d&agrave;i.&nbsp;</p>\r\n<table align="center" cellpadding="0" cellspacing="0" class="image center" style="padding: 0px; margin: 0px; text-align: center; color: rgb(0, 0, 0); font-family: Arial; font-size: 13px; line-height: 18px;" width="400">\r\n	<tbody style="padding: 0px; margin: 0px;">\r\n		<tr style="padding: 0px; margin: 0px;">\r\n			<td style="padding: 0px; margin: 0px;">\r\n				<img alt="M&amp;A, Eximbank, Sacombank, Southern-Bank, Habubank, SHB, Vietcombank, VietinBank, DaiABank, HBBank, ngân-hàng, yếu-kém, sáp-nhập, thâu-tóm, mua-bán, nợ-xấu, nhà-đầu-tư, chiến-lược" src="http://ttol.vietnamnetjsc.vn//2014/04/15/07/56/dau-loai-vong-2-them-nhieu-ngan-hang-bien-mat_2.jpg" style="padding: 0px; margin: 0px auto; max-width: 450px;" title="M&amp;A, Eximbank, Sacombank, Southern-Bank, Habubank, SHB, Vietcombank, VietinBank, DaiABank, HBBank, ngân-hàng, yếu-kém, sáp-nhập, thâu-tóm, mua-bán, nợ-xấu, nhà-đầu-tư, chiến-lược" /></td>\r\n		</tr>\r\n		<tr style="padding: 0px; margin: 0px;">\r\n			<td class="image_desc" style="padding: 0px; margin: 0px;">\r\n				<p style="padding: 0px; margin: 10px 0px;">\r\n					&nbsp;</p>\r\n				<div style="padding: 0px; margin: 0px; font-size: 8pt; font-family: Verdana; color: rgb(0, 0, 128);">\r\n					Nhiều NĐT kỳ vọng l&agrave;n s&oacute;ng M&amp;A trong lĩnh vực NH lần n&agrave;y sẽ c&oacute; nhiều biến đổi về chất</div>\r\n				<p style="padding: 0px; margin: 10px 0px;">\r\n					&nbsp;</p>\r\n			</td>\r\n		</tr>\r\n	</tbody>\r\n</table>\r\n<p style="padding: 0px; margin: 10px 0px; color: rgb(0, 0, 0); font-family: Arial; font-size: 13px; line-height: 18px; text-align: justify;">\r\n	Hồi đầu th&aacute;ng 4/2014, Ng&acirc;n h&agrave;ng Nh&agrave; nước (NHNN), cho biết, hệ thống NH vẫn đang đối mặt với tỷ lệ nợ xấu cao, vẫn ở mức khoảng 7% v&agrave; sẽ &ldquo;xử l&yacute;&rdquo; từ 6-7 NH th&ocirc;ng qua s&aacute;p nhập. Trong những c&aacute;i t&ecirc;n bị s&aacute;p nhập vừa được c&ocirc;ng bố, vẫn c&ograve;n c&oacute; NH được đ&aacute;nh gi&aacute; yếu k&eacute;m.</p>\r\n<p style="padding: 0px; margin: 10px 0px; color: rgb(0, 0, 0); font-family: Arial; font-size: 13px; line-height: 18px; text-align: justify;">\r\n	C&oacute; một điểm c&oacute; lẽ l&agrave; chung ở 2 đợt t&aacute;i cấu tr&uacute;c lần n&agrave;y l&agrave; khi một vụ s&aacute;p nhập được c&ocirc;ng bố ra b&ecirc;n ngo&agrave;i th&igrave; c&aacute;c c&ocirc;ng việc ch&iacute;nh đều đ&atilde; được chuẩn bị trước. V&agrave; sau khi được c&ocirc;ng bố, việc s&aacute;p nhập sẽ được thực hiện rất nhanh sau đ&oacute;.</p>\r\n<p style="padding: 0px; margin: 10px 0px; color: rgb(0, 0, 0); font-family: Arial; font-size: 13px; line-height: 18px; text-align: justify;">\r\n	Một số chuy&ecirc;n gia NH gần đ&acirc;y cho rằng, việc s&aacute;p nhập c&aacute;c NH c&agrave;ng nhanh c&agrave;ng tốt bởi hệ thống NH Việt Nam hiện qu&aacute; đ&ocirc;ng v&agrave; việc xử l&yacute; nợ xấu cũng cần phải l&agrave;m dứt điểm, kh&ocirc;ng k&eacute;o d&agrave;i. Số lượng NH c&oacute; thể giảm hơn một nửa xuống c&ograve;n khoảng 15 đơn vị v&agrave;o cuối 2017.</p>\r\n<p style="padding: 0px; margin: 10px 0px; color: rgb(0, 0, 0); font-family: Arial; font-size: 13px; line-height: 18px; text-align: justify;">\r\n	Kế hoạch l&agrave; vậy nhưng nhiều người lo ngại liệu c&aacute;c NH được coi l&agrave; l&agrave;nh mạnh c&oacute; g&aacute;nh được c&aacute;c NH yếu với khối nợ xấu đầy tr&ecirc;n m&igrave;nh hay kh&ocirc;ng? Vốn tập trung hơn th&igrave; khả năng cho vay DN lớn l&agrave; dễ d&agrave;ng v&agrave; nếu rủi ro th&igrave; m&oacute;n nợ đối với c&aacute;c DN đ&oacute; so với quy m&ocirc; vốn lớn sẽ kh&ocirc;ng nguy hiểm hay kh&ocirc;ng?</p>\r\n<p>\r\n	<span style="color: rgb(0, 0, 0); font-family: Arial; font-size: 13px; line-height: 18px; text-align: justify;">C&oacute; thể thấy, xử l&yacute; nợ xấu l&agrave; một việc cần l&agrave;m ngay, c&aacute;i ung nhọt cần được cắt bỏ. Tuy nhi&ecirc;n, việc cắt bỏ như thế n&agrave;o v&agrave; đ&aacute;nh gi&aacute; hiệu quả của việc l&agrave;m đ&oacute; cũng quan trọng. Sự gượng &eacute;p hoặc l&agrave;m theo chỉ đạo, theo chủ trương c&oacute; thể phản t&aacute;c dụng. Sự thay đổi về vị thế của c&aacute;c &ocirc;ng chủ trong c&aacute;c NH yếu k&eacute;m c&oacute; lẽ sẽ phải diễn ra mạnh mẽ hơn</span></p>\r\n', '', '0000-00-00 00:00:00', 0, 'dau-loai-vong-2-them-nhieu-ngan-hang-bien-mat-1397580500'),
(15, 'Cách quét và sửa lỗi cho Windows từ bên ngoài', '<p style="margin: 10px 0px; padding: 0px; color: rgb(0, 0, 0); font-family: Arial; font-size: 13px; line-height: 20px; text-align: justify;">\r\n	<strong><span style="color: rgb(51, 51, 51);">Nếu Windows bị lỗi do phần mềm độc hại hoặc bị virus l&agrave;m hư hại từ b&ecirc;n trong th&igrave; nếu bạn khởi chạy một tr&igrave;nh antivirus ngay trong đ&oacute; để qu&eacute;t v&agrave; kiểm tra th&igrave; sẽ rất kh&oacute; để ph&aacute;t hiện ra vấn đề v&igrave; c&aacute;c chương tr&igrave;nh độc hại sẽ khởi động v&agrave; ngăn chặn những việc m&agrave; chương tr&igrave;nh bảo vệ muốn l&agrave;m trước. V&agrave; c&aacute;ch cần thiết duy nhất v&agrave;o l&uacute;c n&agrave;y l&agrave; khởi chạy n&oacute; ở chế độ &ldquo;b&ecirc;n ngo&agrave;i&rdquo; Windows.</span></strong></p>\r\n<p style="margin: 10px 0px; padding: 0px; color: rgb(0, 0, 0); font-family: Arial; font-size: 13px; line-height: 20px; text-align: center;">\r\n	<img alt="Cách quét và sửa lỗi cho Windows từ bên ngoài" height="295" src="http://media.meta.com.vn/photos/image/042014/18/Windows-1.jpg" style="max-width: 640px; margin: 5px;" title="Quét và sửa lỗi cho Windows" width="640" /></p>\r\n<p style="margin: 10px 0px; padding: 0px; color: rgb(0, 0, 0); font-family: Arial; font-size: 13px; line-height: 20px; text-align: justify;">\r\n	Vậy l&agrave;m thế n&agrave;o để qu&eacute;t v&agrave; sửa chữa c&aacute;c vấn đề ph&aacute;t sinh tr&ecirc;n Windows c&oacute; nguy&ecirc;n nh&acirc;n từ virus hoặc phần mềm độc hại bằng c&aacute;ch cứu hộ từ m&ocirc;i trường b&ecirc;n ngo&agrave;i?</p>\r\n<h2 style="font-size: 13px; margin-top: 15px; line-height: 19px; color: rgb(0, 0, 255); font-family: Arial; text-align: justify;">\r\n	Khởi động v&agrave;o chế độ Safe Mode</h2>\r\n<p style="margin: 10px 0px; padding: 0px; color: rgb(0, 0, 0); font-family: Arial; font-size: 13px; line-height: 20px; text-align: justify;">\r\n	Với chế độ n&agrave;y, Windows chỉ đơn thuần hoạt động với những th&agrave;nh phần ch&iacute;nh từ n&oacute; v&agrave; kh&ocirc;ng c&oacute; bất kỳ sự can thiệp n&agrave;o của phần mềm &ldquo;<em>ngoại lai</em>&rdquo;. Do đ&oacute;, bạn c&oacute; thể c&agrave;i đặt một tr&igrave;nh antivirus mạnh mẽ v&agrave; chuy&ecirc;n nghiệp để tiến h&agrave;nh qu&eacute;t v&agrave; loại bỏ virus hoặc c&aacute;c phần mềm độc hại cho Windows.</p>\r\n<p style="margin: 10px 0px; padding: 0px; color: rgb(0, 0, 0); font-family: Arial; font-size: 13px; line-height: 20px; text-align: center;">\r\n	<img alt="Cách quét và sửa lỗi cho Windows từ bên ngoài" height="480" src="http://media.meta.com.vn/photos/image/042014/18/Windows-2.jpg" style="max-width: 640px; margin: 5px;" title="Khởi động chế độ Safe Mode" width="640" /></p>\r\n<p style="margin: 10px 0px; padding: 0px; color: rgb(0, 0, 0); font-family: Arial; font-size: 13px; line-height: 20px; text-align: justify;">\r\n	Với&nbsp;<em>Windows XP, Vista v&agrave; Windows 7</em>, việc khởi chạy v&agrave;o chế độ Safe Mode kh&aacute; đơn giản. Nhưng với&nbsp;<em>Windows 8,</em>&nbsp;bạn phải thiết lập đ&ocirc;i ch&uacute;t.</p>\r\n<p style="margin: 10px 0px; padding: 0px; color: rgb(0, 0, 0); font-family: Arial; font-size: 13px; line-height: 20px; text-align: justify;">\r\n	Bằng c&aacute;ch truy cập v&agrave;o th&agrave;nh&nbsp;<strong>Windows Charm</strong>, nhấn v&agrave; giữ ph&iacute;m&nbsp;<strong>Shift</strong>&nbsp;c&ugrave;ng l&uacute;c nhấn v&agrave;o<strong>&nbsp;Restart</strong>. Windows sẽ khởi động lại v&agrave; truy cập thẳng v&agrave;o menu Boot của n&oacute;, tại đ&acirc;y bạn h&atilde;y nhấn&nbsp;<strong>Troubleshoot</strong>&nbsp;&gt;&nbsp;<strong>Advanced Options</strong>&nbsp;&gt;&nbsp;<strong>Startup Settings</strong>&nbsp;&gt;&nbsp;<strong>Restart</strong>. Trong giao diện&nbsp;<strong>Startup Settings</strong>, bạn h&atilde;y nhấn&nbsp;<strong>F4</strong>&nbsp;hoặc<strong>&nbsp;4</strong>&nbsp;để truy cập v&agrave;o chế độ&nbsp;<em>Safe Mode</em>, hoặc<strong>&nbsp;F5</strong>&nbsp;hoặc&nbsp;<strong>5</strong>&nbsp;để truy cập v&agrave;o chế độ&nbsp;<em>Safe Mode with Networking.</em></p>\r\n<p style="margin: 10px 0px; padding: 0px; color: rgb(0, 0, 0); font-family: Arial; font-size: 13px; line-height: 20px; text-align: center;">\r\n	<img alt="Cách quét và sửa lỗi cho Windows từ bên ngoài" height="349" src="http://media.meta.com.vn/photos/image/042014/18/Windows-3.jpg" style="max-width: 640px; margin: 5px;" title="Truy cập chế độ Safe Mode" width="640" /></p>\r\n<p style="margin: 10px 0px; padding: 0px; color: rgb(0, 0, 0); font-family: Arial; font-size: 13px; line-height: 20px; text-align: justify;">\r\n	M&aacute;y t&iacute;nh sẽ khởi động lại v&agrave; truy cập v&agrave;o chế độ Safe Mode theo lựa chọn của bạn.</p>\r\n<h2 style="font-size: 13px; margin-top: 15px; line-height: 19px; color: rgb(0, 0, 255); font-family: Arial; text-align: justify;">\r\n	Sử dụng đĩa cứu hộ Antivirus Boot Disc</h2>\r\n<p style="margin: 10px 0px; padding: 0px; color: rgb(0, 0, 0); font-family: Arial; font-size: 13px; line-height: 20px; text-align: justify;">\r\n	C&aacute;c nh&agrave; ph&aacute;t h&agrave;nh c&oacute; uy t&iacute;n của c&aacute;c thương hiệu antivirus nổi tiếng thường cung cấp cho người d&ugrave;ng t&iacute;nh năng tạo đĩa cứu hộ c&oacute; chứa bộ sản phẩm Antivirus do h&atilde;ng ph&aacute;t triển. Người d&ugrave;ng c&oacute; thể tự tạo cho m&igrave;nh 1 chiếc CD hoặc DVD cứu hộ d&ugrave;ng để qu&eacute;t v&agrave; loại bỏ c&aacute;c mối nguy hiểm tr&ecirc;n Windows ngay tr&ecirc;n m&ocirc;i trường m&agrave; Antivirus Boot Disc tạo ra.</p>\r\n<p style="margin: 10px 0px; padding: 0px; color: rgb(0, 0, 0); font-family: Arial; font-size: 13px; line-height: 20px; text-align: center;">\r\n	<img alt="Cách quét và sửa lỗi cho Windows từ bên ngoài" height="480" src="http://media.meta.com.vn/photos/image/042014/18/Windows-4.jpg" style="max-width: 640px; margin: 5px;" title="Sử dụng đĩa cứu hộ Antivirus Boot Disc" width="640" /></p>\r\n<p style="margin: 10px 0px; padding: 0px; color: rgb(0, 0, 0); font-family: Arial; font-size: 13px; line-height: 20px; text-align: justify;">\r\n	Phần lớn c&aacute;c m&ocirc;i trường n&agrave;y được tạo ra từ nh&acirc;n Linux v&agrave; được t&ugrave;y biến lại để ph&aacute;t huy khả năng t&igrave;m diệt m&atilde; độc v&agrave; cứu hộ cho Windows.</p>\r\n<h2 style="font-size: 13px; margin-top: 15px; line-height: 19px; color: rgb(0, 0, 255); font-family: Arial; text-align: justify;">\r\n	Qu&eacute;t Window trong m&ocirc;i trường Linux Live CD</h2>\r\n<p style="margin: 10px 0px; padding: 0px; color: rgb(0, 0, 0); font-family: Arial; font-size: 13px; line-height: 20px; text-align: justify;">\r\n	Nghe c&oacute; vẻ hơi..ảo nhưng bạn c&oacute; thể qu&eacute;t v&agrave; ti&ecirc;u diệt virus hoặc phần mềm độc hại từ hệ điều h&agrave;nh Linux, m&agrave; cụ thể l&agrave; m&ocirc;i trường Linux Live CD.</p>\r\n<p style="margin: 10px 0px; padding: 0px; color: rgb(0, 0, 0); font-family: Arial; font-size: 13px; line-height: 20px; text-align: center;">\r\n	<img alt="Cách quét và sửa lỗi cho Windows từ bên ngoài" height="316" src="http://media.meta.com.vn/photos/image/042014/18/Windows-5.jpg" style="max-width: 640px; margin: 5px;" title="Quét Window trong môi trường Linux Live CD" width="640" /></p>\r\n<p style="margin: 10px 0px; padding: 0px; color: rgb(0, 0, 0); font-family: Arial; font-size: 13px; line-height: 20px; text-align: justify;">\r\n	<em>Linux Live CD</em>&nbsp;l&agrave; t&iacute;nh năng d&ugrave;ng thử hệ điều h&agrave;nh Linux trước khi quyết định c&agrave;i đặt v&agrave;o m&aacute;y t&iacute;nh. Do đ&oacute;, bạn c&oacute; thể lợi dụng t&iacute;nh năng n&agrave;y để khởi động v&agrave;o m&ocirc;i trường Linux, sau đ&oacute; t&igrave;m v&agrave; c&agrave;i đặt một tr&igrave;nh antivirus mạnh mẽ n&agrave;o đ&oacute; như&nbsp;<a href="http://www.download.com.vn/linux/avg-linux-server-edition/download" style="color: rgb(51, 102, 255); text-decoration: none;" target="_blank"><strong>AVG for Linux</strong></a>&nbsp;hoặc<a href="http://www.download.com.vn/virus+spyware+malware+trojan/anti+virus/8803_bitdefender-antivirus-plus.aspx" style="color: rgb(51, 102, 255); text-decoration: none;" target="_blank"><strong>&nbsp;BitDefender for Unices</strong></a>&nbsp;v&agrave; sử dụng n&oacute; để qu&eacute;t v&agrave; loại trừ virus hoặc phần mềm độc tr&ecirc;n Windows.</p>\r\n<h2 style="font-size: 13px; margin-top: 15px; line-height: 19px; color: rgb(0, 0, 255); font-family: Arial; text-align: justify;">\r\n	Th&aacute;o ổ cứng tr&ecirc;n m&aacute;y t&iacute;nh đ&atilde; bị nhiễm v&agrave; kết nối n&oacute; v&agrave;o một m&aacute;y t&iacute;nh để b&agrave;n kh&aacute;c</h2>\r\n<p style="margin: 10px 0px; padding: 0px; color: rgb(0, 0, 0); font-family: Arial; font-size: 13px; line-height: 20px; text-align: justify;">\r\n	C&aacute;ch l&agrave;m n&agrave;y kh&aacute; hữu dụng nếu như bạn đang l&agrave;m việc với 2 hoặc nhiều m&aacute;y t&iacute;nh kh&aacute;c. Bạn c&oacute; thể th&aacute;o ổ cứng ở m&aacute;y t&iacute;nh đang bị virus hoặc phần mềm độc hại l&agrave;m ảnh hưởng v&agrave; gắn n&oacute; v&agrave;o một m&aacute;y t&iacute;nh đang ở trạng th&aacute;i an to&agrave;n cao nhất, sau đ&oacute; d&ugrave;ng tr&igrave;nh diệt virus của m&aacute;y t&iacute;nh n&agrave;y để qu&eacute;t v&agrave; loại trừ c&aacute;c phần mềm độc hại v&agrave; virus tr&ecirc;n ổ cứng bị nhiễm.</p>\r\n<p style="margin: 10px 0px; padding: 0px; color: rgb(0, 0, 0); font-family: Arial; font-size: 13px; line-height: 20px; text-align: center;">\r\n	<img alt="Cách quét và sửa lỗi cho Windows từ bên ngoài" height="538" src="http://media.meta.com.vn/photos/image/042014/18/Windows-6.jpg" style="max-width: 640px; margin: 5px;" title="Tháo ổ cứng trên máy tính đã bị nhiễm" width="640" /></p>\r\n<p style="margin: 10px 0px; padding: 0px; color: rgb(0, 0, 0); font-family: Arial; font-size: 13px; line-height: 20px; text-align: justify;">\r\n	Nh&igrave;n chung th&igrave; ngo&agrave;i c&aacute;c c&aacute;ch l&agrave;m tr&ecirc;n, người d&ugrave;ng cũng n&ecirc;n thường xuy&ecirc;n tiến h&agrave;nh sao lưu dữ liệu để đề ph&ograve;ng c&aacute;c vấn đề ph&aacute;t sinh bạn nh&eacute;.</p>\r\n', 'Theo Genk', '0000-00-00 00:00:00', 0, 'cach-quet-va-sua-loi-cho-windows-tu-ben-ngoai-1397846157'),
(16, 'Acronis khuyến mại giảm giá đặc biệt quý 2 - 2014', '<p style="margin: 10px 0px; padding: 0px; color: rgb(0, 0, 0); font-family: Arial; font-size: 13px; line-height: 20px; text-align: justify;">\r\n	<em>QuanTriMang -</em>&nbsp;<strong>Acronis International GmbH l&agrave; h&atilde;ng phần mềm lớn, sở hữu những phần mềm li&ecirc;n quan tới lĩnh vực sao lưu m&aacute;y t&iacute;nh, kh&ocirc;i phục dữ liệu, triển khai hệ thống v&agrave; quản l&yacute; dung lượng lưu trữ d&agrave;nh cho hệ điều h&agrave;nh Windows v&agrave; Linux.</strong>&nbsp;Bước sang qu&yacute; 2 năm 2014, Acronis đưa ra chương tr&igrave;nh khuyến m&atilde;i đặc biệt hấp dẫn với giảm gi&aacute; cho một loạt c&aacute;c sản phẩm của h&atilde;ng.</p>\r\n<p style="margin: 10px 0px; padding: 0px; color: rgb(0, 0, 0); font-family: Arial; font-size: 13px; line-height: 20px; text-align: justify;">\r\n	<strong>Ch&uacute; &yacute;:</strong>&nbsp;Chương tr&igrave;nh khuyến m&atilde;i n&agrave;y sẽ kết th&uacute;c v&agrave;o ng&agrave;y<strong>&nbsp;30/06/2014</strong></p>\r\n<p style="margin: 10px 0px; padding: 0px; color: rgb(0, 0, 0); font-family: Arial; font-size: 13px; line-height: 20px; text-align: center;">\r\n	<img alt="Acronis khuyến mại giảm giá đặc biệt" height="225" src="http://media.meta.com.vn/photos/image/042014/11/Acronis.jpg" style="max-width: 640px; margin: 5px;" title="Khuyến mãi phần mềm" width="580" /></p>\r\n<h2 style="font-size: 13px; margin-top: 15px; line-height: 19px; color: rgb(0, 0, 255); font-family: Arial; text-align: justify;">\r\n	Th&ocirc;ng tin khuyến m&atilde;i:</h2>\r\n<table align="center" border="1" cellpadding="5" cellspacing="0" style="border-collapse: collapse; border-spacing: 0px; color: rgb(0, 0, 0); font-family: Arial; font-size: 13px; line-height: 20px; text-align: justify; width: 668px; height: 854px; border: 1px solid rgb(28, 19, 235);">\r\n	<tbody>\r\n		<tr>\r\n			<td style="margin: 0px; padding: 3px; width: 110px;">\r\n				<p style="margin: 10px 0px; padding: 0px; text-align: center;">\r\n					<strong>T&ecirc;n phần mềm</strong></p>\r\n			</td>\r\n			<td style="margin: 0px; padding: 3px;">\r\n				<p style="margin: 10px 0px; padding: 0px; text-align: center;">\r\n					<strong>Th&ocirc;ng tin</strong></p>\r\n			</td>\r\n			<td style="margin: 0px; padding: 3px; width: 173px;">\r\n				<p style="margin: 10px 0px; padding: 0px; text-align: center;">\r\n					<strong>Gi&aacute;</strong></p>\r\n			</td>\r\n		</tr>\r\n		<tr>\r\n			<td style="margin: 0px; padding: 3px;">\r\n				&nbsp;<img alt="Acronis True Image 2014" height="162" src="http://media.meta.com.vn/photos/image/042014/11/Acronis-True-Image-2014.jpg" style="max-width: 640px; margin: 5px;" title="Khuyến mãi phần mềm" width="100" /></td>\r\n			<td style="margin: 0px; padding: 3px;" valign="top">\r\n				<h3 style="font-size: 13px; margin-top: 15px; line-height: 19px;">\r\n					Acronis True Image 2014</h3>\r\n				<p style="margin: 10px 0px; padding: 0px;">\r\n					Acronis True Image 2014 l&agrave; phần mềm sao lưu v&agrave; kh&ocirc;i phục hệ thống đ&aacute;ng tin cậy - email, nhạc, h&igrave;nh ảnh, video, dữ liệu, c&agrave;i đặt ri&ecirc;ng tư, bookmark v&agrave; tất cả c&aacute;c ứng dụng kh&aacute;c.</p>\r\n				<p style="margin: 10px 0px; padding: 0px;">\r\n					Người d&ugrave;ng c&oacute; thể chọn nơi v&agrave; c&aacute;ch sao lưu - cục bộ hoặc online. Bao gồm to&agrave;n bộ hệ thống hoặc chỉ những file thực sự quan trọng. B&ecirc;n cạnh đ&oacute;, bạn c&ograve;n c&oacute; thể kh&ocirc;i phục to&agrave;n bộ hệ thống hoặc chỉ những file v&agrave; folder m&igrave;nh cần thật nhanh ch&oacute;ng, đơn giản. File sao lưu đầy đủ của m&aacute;y t&iacute;nh l&agrave; c&aacute;ch duy nhất để bảo vệ to&agrave;n bộ hệ thống v&agrave; c&oacute; thể sử dụng ngay lập tức sau khi kh&ocirc;i phục hệ thống.&nbsp;<a href="http://download.com.vn/acronis-true-image-home/download" style="color: rgb(51, 102, 255); text-decoration: none;" target="_blank">Xem th&ecirc;m...</a></p>\r\n			</td>\r\n			<td style="margin: 0px; padding: 3px;">\r\n				<p style="margin: 10px 0px; padding: 0px; text-align: center;">\r\n					M&atilde; giảm:&nbsp;<strong>ATI10OFFQ2</strong></p>\r\n				<p style="margin: 10px 0px; padding: 0px; text-align: center;">\r\n					&nbsp;</p>\r\n				<p style="margin: 10px 0px; padding: 0px; text-align: center;">\r\n					<a href="https://store.acronis.com/325/cookie?affiliate=24990&amp;redirectto=http%3A%2F%2Fwww.acronis.com%2Fhomecomputing%2Fproducts%2Ftrueimage%2F" style="color: rgb(51, 102, 255); text-decoration: none;" target="_blank"><strong>Mua phần mềm</strong></a></p>\r\n			</td>\r\n		</tr>\r\n		<tr>\r\n			<td style="margin: 0px; padding: 3px;">\r\n				<img alt="Acronis True Image 2014 Premium" height="148" src="http://media.meta.com.vn/photos/image/042014/11/Acronis-True-Image-premium-.jpg" style="max-width: 640px; margin: 5px;" title="Sao lưu ổ cứng" width="100" /></td>\r\n			<td style="margin: 0px; padding: 3px;" valign="top">\r\n				<h2 style="font-size: 13px; margin-top: 15px; line-height: 19px; color: rgb(0, 0, 255);">\r\n					Acronis True Image 2014 Premium</h2>\r\n				<p style="margin: 10px 0px; padding: 0px;">\r\n					Acronis True Image 2014 Premium cung cấp bảo vệ dữ liệu tối ưu. N&oacute; c&oacute; thể t&iacute;ch hợp hệ thống hiện tại với m&aacute;y t&iacute;nh mới, giữ nguy&ecirc;n tất cả c&aacute;c file v&agrave; c&agrave;i đặt, cung cấp hỗ trợ đầy đủ cho ổ dynamic. Th&ecirc;m v&agrave;o đ&oacute;, n&oacute; c&ograve;n c&oacute; thể nhanh ch&oacute;ng kh&ocirc;i phục lại hệ thống sang bất kỳ m&aacute;y t&iacute;nh n&agrave;o, d&ugrave; l&agrave; cục bộ hoặc từ dịch vụ đ&aacute;m m&acirc;y của Acronis.</p>\r\n				<p style="margin: 10px 0px; padding: 0px;">\r\n					Kh&ocirc;ng chỉ vậy, True Image 2014 Premium c&ograve;n bao gồm những t&iacute;nh năng tốt nhất của True Image 2014. N&oacute; cung cấp h&igrave;nh ảnh sao lưu to&agrave;n diện v&agrave; đầy đủ, kh&ocirc;i phục lại to&agrave;n bộ hệ thống với những dữ liệu quan trọng b&ecirc;n trong. Chọn những g&igrave; cần sao lưu, nơi muốn sao lưu v&agrave; những g&igrave; cần để sao lưu. Sao lưu v&agrave; phục hồi to&agrave;n bộ m&aacute;y t&iacute;nh thật nhanh ch&oacute;ng v&agrave; đơn giản.&nbsp;<a href="http://download.com.vn/acronis-true-image-home-2011/download" style="color: rgb(51, 102, 255); text-decoration: none;" target="_blank">Xem th&ecirc;m...</a></p>\r\n			</td>\r\n			<td style="margin: 0px; padding: 3px;">\r\n				<p style="margin: 10px 0px; padding: 0px; text-align: center;">\r\n					M&atilde; giảm:&nbsp;<strong>ATIPR10OFFQ2</strong></p>\r\n				<p style="margin: 10px 0px; padding: 0px; text-align: center;">\r\n					<a href="https://store.acronis.com/325/cookie?affiliate=24990&amp;redirectto=http%3A%2F%2Fwww.acronis.com%2Fhomecomputing%2Fproducts%2Ftrueimage%2F" style="color: rgb(51, 102, 255); text-decoration: none;" target="_blank"><strong>Mua phần mềm</strong></a></p>\r\n			</td>\r\n		</tr>\r\n		<tr>\r\n			<td style="margin: 0px; padding: 3px;">\r\n				<h3 style="font-size: 13px; margin-top: 15px; line-height: 19px;">\r\n					<img alt="Acronis Backup &amp; Recovery 11.5 Workstation " height="138" src="http://media.meta.com.vn/photos/image/092013/12/Acronis-Disk-Director-11-Home.jpg" style="max-width: 640px; margin: 5px;" title="Quản lý dữ liệu ổ cứng" width="100" /></h3>\r\n			</td>\r\n			<td style="margin: 0px; padding: 3px;" valign="top">\r\n				<h3 style="font-size: 13px; margin-top: 15px; line-height: 19px;">\r\n					Acronis Disk Director 11 Home</h3>\r\n				<p style="margin: 10px 0px; padding: 0px;">\r\n					Acronis Disk Director 11 Home l&agrave; phi&ecirc;n bản ho&agrave;n to&agrave;n mới của phần mềm quản l&yacute; ổ cứng to&agrave;n diện nhất hiện nay. Nếu bạn quan t&acirc;m về việc sử dụng tối đa ổ cứng v&agrave; an to&agrave;n dữ liệu, tạo ph&acirc;n v&ugrave;ng ổ cứng hoặc thay đổi k&iacute;ch thước, di chuyển hoặc kết hợp c&aacute;c ph&acirc;n v&ugrave;ng m&agrave; kh&ocirc;ng bị mất dữ liệu chưa bao giờ dễ d&agrave;ng hơn b&acirc;y giờ. Acronis Disk Director 11 Home bao gồm những t&iacute;nh năng mới mạnh mẽ như hỗ trợ Windows 7, Dynamic Disk v&agrave; GPT disk, mở rộng dung lượng qua nhiều ph&acirc;n v&ugrave;ng v&agrave; rất nhiều t&aacute;c vụ kh&aacute;c.&nbsp;<a href="http://www.download.com.vn/acronis-disk-director-11-0-build-216-home/download" style="color: rgb(51, 102, 255); text-decoration: none;" target="_blank">Xem th&ecirc;m...</a></p>\r\n			</td>\r\n			<td style="margin: 0px; padding: 3px;">\r\n				<p style="margin: 10px 0px; padding: 0px; text-align: center;">\r\n					M&atilde; giảm:&nbsp;<strong>ADD15OFFQ2<strong>&nbsp;</strong></strong></p>\r\n				<p style="margin: 10px 0px; padding: 0px; text-align: center;">\r\n					<a href="https://store.acronis.com/325/cookie?affiliate=24990&amp;redirectto=http%3A%2F%2Fwww.acronis.com%2Fhomecomputing%2Fproducts%2Ftrueimage%2F" style="color: rgb(51, 102, 255); text-decoration: none;" target="_blank"><strong>Mua phần mềm</strong></a></p>\r\n			</td>\r\n		</tr>\r\n		<tr>\r\n			<td style="margin: 0px; padding: 3px;">\r\n				<h3 style="font-size: 13px; margin-top: 15px; line-height: 19px;">\r\n					<img alt="Acronis Backup &amp; Recovery 11.5 Workstation " height="153" src="http://media.meta.com.vn/photos/image/092013/12/Acronis-Migrate-Easy.jpg" style="max-width: 640px; margin: 5px;" title="Chuyển dữ liệu giữa 2 ổ cứng" width="100" /></h3>\r\n			</td>\r\n			<td style="margin: 0px; padding: 3px;" valign="top">\r\n				<h3 style="font-size: 13px; margin-top: 15px; line-height: 19px;">\r\n					Acronis Migrate Easy</h3>\r\n				<p style="margin: 10px 0px; padding: 0px;">\r\n					Acronis Migrate Easy l&agrave; phần mềm di chuyển dữ liệu. Giờ đ&acirc;y, bạn đ&atilde; c&oacute; thể di chuyển an to&agrave;n, nhanh ch&oacute;ng v&agrave; rất đơn giản. Điều cuối c&ugrave;ng bạn nhận được l&agrave; ổ cứng hoạt động theo c&aacute;ch m&igrave;nh muốn. Tuy nhi&ecirc;n, giờ đ&acirc;y n&oacute; đ&atilde; đầy v&agrave; bạn cần phải n&acirc;ng cấp sang ổ cứng mới. Chắc hẳn người sẽ lo ngại về việc phải c&agrave;i đặt lại một lượng dữ liệu lớn, một việc sẽ phải mất v&agrave;i ng&agrave;y mới ho&agrave;n th&agrave;nh xong. Tuy nhi&ecirc;n, Acronis Migrate Easy c&oacute; thể gi&uacute;p bạn thực hiện c&ocirc;ng việc n&agrave;y nhanh ch&oacute;ng hơn.&nbsp;<a href="http://www.download.com.vn/acronis-migrate-easy-7-0/download" style="color: rgb(51, 102, 255); text-decoration: none;" target="_blank">Xem th&ecirc;m...</a></p>\r\n			</td>\r\n			<td style="margin: 0px; padding: 3px;">\r\n				<p style="margin: 10px 0px; padding: 0px; text-align: center;">\r\n					M&atilde; giảm:&nbsp;<strong>AME15OFFQ2&nbsp;</strong></p>\r\n				<p style="margin: 10px 0px; padding: 0px; text-align: center;">\r\n					<a href="https://store.acronis.com/325/cookie?affiliate=24990&amp;redirectto=http%3A%2F%2Fwww.acronis.com%2Fhomecomputing%2Fproducts%2Fmigrateeasy%2F" style="color: rgb(51, 102, 255); text-decoration: none;" target="_blank"><strong>Mua phần mềm</strong></a></p>\r\n			</td>\r\n		</tr>\r\n		<tr>\r\n			<td style="margin: 0px; padding: 3px;">\r\n				<h3 style="font-size: 13px; margin-top: 15px; line-height: 19px; text-align: center;">\r\n					<img alt="Acronis Backup &amp; Recovery 11.5 Workstation " height="146" src="http://media.meta.com.vn/photos/image/092013/12/Acronis-Backup.jpg" style="max-width: 640px; margin: 5px;" title="Sao lưu dữ liệu máy tính" width="100" /></h3>\r\n			</td>\r\n			<td style="margin: 0px; padding: 3px;" valign="top">\r\n				<h3 style="font-size: 13px; margin-top: 15px; line-height: 19px;">\r\n					Acronis Backup Advanced for PC</h3>\r\n				<p style="margin: 10px 0px; padding: 0px;">\r\n					Giữ cho to&agrave;n bộ trạm l&agrave;m việc được an to&agrave;n với sao lưu dựa tr&ecirc;n h&igrave;nh ảnh, lưu trữ linh hoạt v&agrave; kh&ocirc;i phục dữ liệu si&ecirc;u nhanh - tất cả đều được quản l&yacute; ở một bảng điều khiển duy nhất.</p>\r\n				<p style="margin: 10px 0px; padding: 0px;">\r\n					Laptop v&agrave; m&aacute;y t&iacute;nh PC l&agrave; những thiết bị quan trọng nhất của nh&acirc;n vi&ecirc;n c&aacute;c doanh nghiệp trong m&ocirc;i trường l&agrave;m việc. Bảo vệ to&agrave;n bộ trạm l&agrave;m việc với Acronis Backup Advanced, giải ph&aacute;p một cửa duy nhất để bảo vệ m&aacute;y t&iacute;nh to&agrave;n diện v&agrave; kh&ocirc;i phục lại sau khi gặp lỗi.&nbsp;<a href="http://www.download.com.vn/acronis-backup-recovery-11-5-advanced-workstation/download" style="color: rgb(51, 102, 255); text-decoration: none;" target="_blank">Xem th&ecirc;m...</a></p>\r\n			</td>\r\n			<td style="margin: 0px; padding: 3px;">\r\n				<p style="margin: 10px 0px; padding: 0px; text-align: center;">\r\n					M&atilde; giảm:&nbsp;<strong>ABRW5OFFQ2</strong></p>\r\n				<p style="margin: 10px 0px; padding: 0px; text-align: center;">\r\n					<a href="https://store.acronis.com/325/?affiliate=24990&amp;scope=checkout&amp;cart=107888" style="color: rgb(51, 102, 255); text-decoration: none;" target="_blank"><strong>Mua phần mềm</strong></a></p>\r\n			</td>\r\n		</tr>\r\n		<tr>\r\n			<td style="margin: 0px; padding: 3px;">\r\n				&nbsp;<img alt="Acronis Backup &amp; Recovery 11.5 Workstation " height="151" src="http://media.meta.com.vn/photos/image/092013/12/Acronis-Backup-&amp;-Recovery-11_5-Workstation.jpg" style="max-width: 640px; margin: 5px;" title="Bảo vệ dữ liệu máy tính" width="100" /></td>\r\n			<td style="margin: 0px; padding: 3px;" valign="top">\r\n				<h3 style="font-size: 13px; margin-top: 15px; line-height: 19px;">\r\n					Acronis Backup for PC</h3>\r\n				<p style="margin: 10px 0px; padding: 0px;">\r\n					Khi m&aacute;y t&iacute;nh gặp lỗi, người d&ugrave;ng sẽ đối mặt với khoảng thời gian chờ tốn tiền cũng như nguy cơ mất dữ liệu m&atilde;i m&atilde;i. Giờ đ&acirc;y, người d&ugrave;ng c&oacute; thể kh&ocirc;i phục lại ho&agrave;n to&agrave;n hệ thống của m&igrave;nh chỉ với một v&agrave;i ph&uacute;t v&agrave; tiếp tục c&ocirc;ng việc của m&igrave;nh. Acronis Backup for PC l&agrave; giải ph&aacute;p hiệu quả nhất để bảo vệ m&aacute;y t&iacute;nh to&agrave;n diện. Phần mềm n&agrave;y kết hợp c&aacute;c c&ocirc;ng cụ dễ sử dụng với c&ocirc;ng nghệ sao lưu độc đ&aacute;o nhằm mang lại c&aacute;ch kh&ocirc;i phục đơn giản v&agrave; nhanh nhất c&oacute; thể.&nbsp;<a href="http://www.download.com.vn/acronis-backup-recovery-workstation/download" style="color: rgb(51, 102, 255); text-decoration: none;" target="_blank">Xem th&ecirc;m...</a></p>\r\n			</td>\r\n			<td style="margin: 0px; padding: 3px;">\r\n				<p style="margin: 10px 0px; padding: 0px; text-align: center;">\r\n					M&atilde; giảm:<strong>&nbsp;ABRAW5OFFQ2</strong></p>\r\n				<p style="margin: 10px 0px; padding: 0px; text-align: center;">\r\n					<a href="https://store.acronis.com/325/?affiliate=24990&amp;scope=checkout&amp;cart=107895" style="color: rgb(51, 102, 255); text-decoration: none;" target="_blank"><strong>Mua phần mềm</strong></a></p>\r\n			</td>\r\n		</tr>\r\n		<tr>\r\n			<td style="margin: 0px; padding: 3px;">\r\n				&nbsp;<img alt="Acronis Backup for VMware" height="156" src="http://media.meta.com.vn/photos/image/042014/11/Acronis-vmProtect.jpg" style="max-width: 640px; margin: 5px;" title="Bảo vệ máy ảo" width="100" /></td>\r\n			<td style="margin: 0px; padding: 3px;" valign="top">\r\n				<h3 style="font-size: 13px; margin-top: 15px; line-height: 19px;">\r\n					Acronis Backup for VMware</h3>\r\n				<p style="margin: 10px 0px; padding: 0px;">\r\n					Được thiết kế để sử dụng đơn giản hơn, Acronis Backup for VMware (trước đ&acirc;y c&oacute; t&ecirc;n gọi vmProtect) l&agrave; giải ph&aacute;p to&agrave;n diện, dễ sử dụng để bảo vệ m&ocirc;i trường m&aacute;y ảo VMware vSphere.</p>\r\n				<p style="margin: 10px 0px; padding: 0px;">\r\n					Bạn kh&ocirc;ng chắc chắn những g&igrave; muốn sao lưu? H&atilde;y để phần mềm n&agrave;y theo d&otilde;i c&ocirc;ng việc đ&oacute;. Phần mềm n&agrave;y t&iacute;ch hợp c&ocirc;ng nghệ sao ch&eacute;p ổ cứng độc quyền của Acronis với giao diện VADP của VMware để chụp lại to&agrave;n bộ c&agrave;i đặt chỉ với một bước đơn giản.&nbsp;<a href="http://download.com.vn/acronis-vmprotect/download" style="color: rgb(51, 102, 255); text-decoration: none;" target="_blank">Xem th&ecirc;m...</a></p>\r\n			</td>\r\n			<td style="margin: 0px; padding: 3px;">\r\n				<p style="margin: 10px 0px; padding: 0px; text-align: center;">\r\n					M&atilde; giảm:<strong>&nbsp;AVMP5OFFQ2</strong></p>\r\n				<p style="margin: 10px 0px; padding: 0px; text-align: center;">\r\n					<a href="https://store.acronis.com/325/?affiliate=24990&amp;scope=checkout&amp;cart=107895" style="color: rgb(51, 102, 255); text-decoration: none;" target="_blank"><strong>Mua phần mềm</strong></a></p>\r\n			</td>\r\n		</tr>\r\n	</tbody>\r\n</table>\r\n<h2 style="font-size: 13px; margin-top: 15px; line-height: 19px; color: rgb(0, 0, 255); font-family: Arial; text-align: justify;">\r\n	Ngo&agrave;i những phần mềm tr&ecirc;n ra, người d&ugrave;ng c&ograve;n được hưởng lợi từ chương tr&igrave;nh giảm gi&aacute;:</h2>\r\n<ul style="margin: 5px 0px 0px 20px; padding-right: 0px; padding-left: 0px; list-style: none outside none; color: rgb(0, 0, 0); font-family: Arial; font-size: 13px; line-height: 20px; text-align: justify;">\r\n	<li style="margin: 0px; padding: 5px 0px 0px; list-style: disc outside none;">\r\n		Acronis True Image 2014 v&agrave; Acronis Disk Director 11 Home chỉ với&nbsp;<strong>$59.99.</strong></li>\r\n	<li style="margin: 0px; padding: 5px 0px 0px; list-style: disc outside none;">\r\n		Acronis True Image 2014 với 250GB dung lượng lưu trữ đ&aacute;m m&acirc;y chỉ với&nbsp;<strong>$74.99.</strong></li>\r\n	<li style="margin: 0px; padding: 5px 0px 0px; list-style: disc outside none;">\r\n		Acronis True Image 2014 Premium 250GB dung lượng lưu trữ đ&aacute;m m&acirc;y chỉ với<strong>&nbsp;$89.99.</strong></li>\r\n	<li>\r\n		&nbsp;</li>\r\n</ul>\r\n<div style="margin: 1em auto; padding: 0px; color: rgb(0, 0, 0); font-family: Arial; font-size: 13px; line-height: 20px; text-align: justify; width: 336px;">\r\n	&nbsp;</div>\r\n', 'Lam Le', '0000-00-00 00:00:00', 0, 'acronis-khuyen-mai-giam-gia-dac-biet-quy-2-2014-1397846237');
INSERT INTO `shopc_post` (`id`, `title`, `content`, `author`, `time`, `count`, `key`) VALUES
(17, 'Ask.fm: Trào lưu cần tránh xa', '<p style="margin: 10px 0px; padding: 0px; color: rgb(0, 0, 0); font-family: Arial; font-size: 13px; line-height: 20px; text-align: justify;">\r\n	<strong><span style="color: rgb(51, 51, 51);">Hiện tại ask.fm đ&atilde; c&oacute; khoảng 100 triệu t&agrave;i khoản đăng k&iacute; sử dụng, tuy nhi&ecirc;n lượng người d&ugrave;ng thật sự truy cập v&agrave;o địa chỉ n&agrave;y lớn hơn rất nhiều.</span></strong></p>\r\n<p style="margin: 10px 0px; padding: 0px; color: rgb(0, 0, 0); font-family: Arial; font-size: 13px; line-height: 20px; text-align: center;">\r\n	<img alt="Ask.fm: Trào lưu cần tránh xa" height="135" src="http://media.meta.com.vn/photos/image/042014/17/Ask-1.jpg" style="max-width: 640px; margin: 5px;" title="Trào lưu Ask" width="374" /></p>\r\n<p style="margin: 10px 0px; padding: 0px; color: rgb(0, 0, 0); font-family: Arial; font-size: 13px; line-height: 20px; text-align: justify;">\r\n	Sự ra đời của&nbsp;<strong>ask.fm</strong>&nbsp;dựa tr&ecirc;n tr&agrave;o lưu &quot;<em>Confession</em>&quot; từng xuất hiện tr&ecirc;n mạng x&atilde; hội Facebook. L&uacute;c đ&oacute; người d&ugrave;ng phải sử dụng<em>&nbsp;Google Form</em>&nbsp;hay một dịch vụ tương tự để tạo bảng nhập liệu, rồi k&ecirc;u gọi mọi người v&agrave;o đặt c&acirc;u hỏi. Giờ đ&acirc;y, với ask.fm, người d&ugrave;ng chỉ việc đăng k&iacute; một t&agrave;i khoản v&agrave; c&oacute; thể li&ecirc;n kết<em>&nbsp;ask.fm</em>&nbsp;với Facebook l&agrave; đ&atilde; c&oacute; thể nhận c&aacute;c c&acirc;u hỏi của bạn b&egrave; nhanh ch&oacute;ng.</p>\r\n<p style="margin: 10px 0px; padding: 0px; color: rgb(0, 0, 0); font-family: Arial; font-size: 13px; line-height: 20px; text-align: justify;">\r\n	<em>Ask.fm</em>&nbsp;c&ograve;n tỏ ra hiệu quả hơn v&igrave; mỗi c&acirc;u trả lời sẽ được tự động đăng tải l&ecirc;n Facebook nếu người d&ugrave;ng cho ph&eacute;p. Từ đ&oacute; sẽ c&agrave;ng thu h&uacute;t bạn b&egrave; quan t&acirc;m tới trang ask.fm của người d&ugrave;ng.</p>\r\n<p style="margin: 10px 0px; padding: 0px; color: rgb(0, 0, 0); font-family: Arial; font-size: 13px; line-height: 20px; text-align: justify;">\r\n	Để đặt một c&acirc;u hỏi d&agrave;nh cho một ai đ&oacute;, người d&ugrave;ng kh&ocirc;ng nhất thiết phải c&oacute; t&agrave;i khoản&nbsp;<em>ask.fm</em>, m&agrave; chỉ việc đặt c&acirc;u hỏi kh&ocirc;ng qua chế độ ẩn danh. Tất nhi&ecirc;n, chủ t&agrave;i khoản cần thiết lập chế độ n&agrave;y th&igrave; mọi người mới c&oacute; quyền sử dụng được.</p>\r\n<p style="margin: 10px 0px; padding: 0px; color: rgb(0, 0, 0); font-family: Arial; font-size: 13px; line-height: 20px; text-align: center;">\r\n	<img alt="Ask.fm: Trào lưu cần tránh xa" height="219" src="http://media.meta.com.vn/photos/image/042014/17/Ask-2.jpg" style="max-width: 640px; margin: 5px;" title="Trào lưu ask.fm &quot;ăn theo&quot; trào lưu Confession trên Facebook" width="500" /><br />\r\n	<span style="color: rgb(51, 102, 255);">Tr&agrave;o lưu ask.fm &quot;ăn theo&quot; tr&agrave;o lưu Confession tr&ecirc;n Facebook.</span></p>\r\n<p style="margin: 10px 0px; padding: 0px; color: rgb(0, 0, 0); font-family: Arial; font-size: 13px; line-height: 20px; text-align: justify;">\r\n	Ngo&agrave;i mặt t&iacute;ch cực l&agrave; gi&uacute;p người d&ugrave;ng c&oacute; cơ hội chia sẻ th&ecirc;m về bản th&acirc;n trước những thắc mắc của người kh&aacute;c. Từ đ&oacute; gi&uacute;p mọi người hiểu nhau hơn, sống h&ograve;a đồng hơn th&igrave; tr&agrave;o lưu n&agrave;y đang bị người d&ugrave;ng lạm dụng theo hướng ti&ecirc;u cực với những c&acirc;u hỏi bậy bạ, th&ocirc; tục, thậm ch&iacute; l&agrave; lăng mạ người kh&aacute;c.</p>\r\n<p style="margin: 10px 0px; padding: 0px; color: rgb(0, 0, 0); font-family: Arial; font-size: 13px; line-height: 20px; text-align: justify;">\r\n	Hiện tại nhiều trang tin uy t&iacute;n của nước ngo&agrave;i đ&atilde; l&ecirc;n &aacute;n ask.fm, như&nbsp;<em>Daily Mail</em>&nbsp;cho hay,&nbsp;<em>ask.fm</em>&nbsp;l&agrave; một loại h&igrave;nh đe dọa tr&ecirc;n mạng v&agrave; l&agrave; nguy&ecirc;n nh&acirc;n của một số vụ tử tự tr&ecirc;n thế giới. Thật vậy, hồi th&aacute;ng 8 năm ngo&aacute;i, một c&ocirc; b&eacute; 14 tuổi người Anh được cho l&agrave; đ&atilde; tử tự v&igrave; kh&ocirc;ng chịu nỗi những lời lăng mạ của bạn b&egrave; tr&ecirc;n ask.fm. Ngay sau đ&oacute;, thủ tướng nước Anh với tư c&aacute;ch một bậc phụ huynh đ&atilde; k&ecirc;u gọi mọi người tẩy chay&nbsp;<em>ask.fm</em>&nbsp;để bảo vệ con c&aacute;i của m&igrave;nh.</p>\r\n<p style="margin: 10px 0px; padding: 0px; color: rgb(0, 0, 0); font-family: Arial; font-size: 13px; line-height: 20px; text-align: justify;">\r\n	Trong khi đ&oacute;, tr&agrave;o lưu n&agrave;y đang vẫn ng&agrave;y c&agrave;ng ph&aacute;t triển mạnh tại Việt Nam. Cho đến l&uacute;c n&agrave;y, đ&atilde; xuất hiện nhiều c&acirc;u hỏi ti&ecirc;u cực, nhưng vẫn ở mức tr&ecirc;u đ&ugrave;a giữa những người bạn. Tuy nhi&ecirc;n, việc một ng&agrave;y n&agrave;o đ&oacute; ask.fm bị lạm dụng qu&aacute; mức cho những tr&ograve; đ&ugrave;a v&ocirc; t&igrave;nh hay &aacute;c &yacute; khiến người kh&aacute;c bị tổn thương l&agrave; ho&agrave;n to&agrave;n c&oacute; thể xảy ra.</p>\r\n<p style="margin: 10px 0px; padding: 0px; color: rgb(0, 0, 0); font-family: Arial; font-size: 13px; line-height: 20px; text-align: center;">\r\n	<img alt="Ask.fm: Trào lưu cần tránh xa" height="330" src="http://media.meta.com.vn/photos/image/042014/17/Ask-3.jpg" style="max-width: 640px; margin: 5px;" title="Ask.fm rất tạp nham và chứa nhiều thông tin thô tục." width="500" /><br />\r\n	<span style="color: rgb(51, 102, 255);">Ask.fm rất tạp nham v&agrave; chứa nhiều th&ocirc;ng tin th&ocirc; tục.</span></p>\r\n<p style="margin: 10px 0px; padding: 0px; color: rgb(0, 0, 0); font-family: Arial; font-size: 13px; line-height: 20px; text-align: justify;">\r\n	Những điều tr&ecirc;n xảy ra một phần l&agrave; v&igrave; điều khoản sử dụng của<em>&nbsp;ask.fm</em>. Theo đ&oacute;, ban quan trị ask.fm đ&atilde; từ chối chịu tr&aacute;ch nhiệm trước mọi c&acirc;u hỏi v&agrave; c&acirc;u trả lời của người d&ugrave;ng. Ngo&agrave;i ra, chế độ ẩn danh c&ograve;n th&uacute;c đẩy người d&ugrave;ng v&ocirc; tư đưa ra những c&acirc;u hỏi m&agrave; kh&ocirc;ng phải lo lắng bị người kh&aacute;c ph&aacute;t hiện m&igrave;nh l&agrave; ai. Trong khi đ&oacute;, những c&acirc;u trả lời của một người ho&agrave;n to&agrave;n c&oacute; thể bị đọc được bởi bất k&igrave; ai chỉ cần họ c&oacute; t&agrave;i khoản ask.fm, mặc cho chủ nh&acirc;n đ&atilde; kh&oacute;a t&agrave;i khoản của vị kh&aacute;ch kia.</p>\r\n<p style="margin: 10px 0px; padding: 0px; color: rgb(0, 0, 0); font-family: Arial; font-size: 13px; line-height: 20px; text-align: justify;">\r\n	Theo lời khuy&ecirc;n của c&aacute;c nh&agrave; t&acirc;m l&iacute; nước Anh, ngay l&uacute;c n&agrave;y, những ai đ&atilde; v&agrave; đang sử dụng ask.fm n&ecirc;n gỡ bỏ ngay li&ecirc;n kết giữa ask.fm với Facebook, chấm dứt đăng tải mọi th&ocirc;ng tin li&ecirc;n quan ask.fm l&ecirc;n trang c&aacute; nh&acirc;n. C&ograve;n với người chưa sử dụng ask.fm th&igrave; n&ecirc;n kh&ocirc;ng bao giờ sử dụng n&oacute;.</p>\r\n<div>\r\n	&nbsp;</div>\r\n<div style="margin: 1em auto; padding: 0px; color: rgb(0, 0, 0); font-family: Arial; font-size: 13px; line-height: 20px; text-align: justify; width: 336px;">\r\n	&nbsp;</div>\r\n', 'Theo TTCN', '0000-00-00 00:00:00', 0, 'askfm-trao-luu-can-tranh-xa-1397846335'),
(18, 'Microsoft giảm 100 USD khi nâng cấp từ XP lên Windows 8', '<p style="margin: 10px 0px; padding: 0px; color: rgb(0, 0, 0); font-family: Arial; font-size: 13px; line-height: 20px; text-align: justify;">\r\n	<strong><span style="color: rgb(51, 51, 51);">Nhằm thuyết phục người sử dụng nhanh ch&oacute;ng n&acirc;ng cấp hệ điều h&agrave;nh trước khi Microsoft kết th&uacute;c hỗ trợ XP v&agrave;o ng&agrave;y 8/4, &ldquo;g&atilde; khổng lồ phần mềm&rdquo; đ&atilde; quyết định giảm gi&aacute; 100 USD cho những người d&ugrave;ng n&acirc;ng cấp từ XP l&ecirc;n Windows 8.</span></strong></p>\r\n<p style="margin: 10px 0px; padding: 0px; color: rgb(0, 0, 0); font-family: Arial; font-size: 13px; line-height: 20px; text-align: justify;">\r\n	Số tiền khuyến m&atilde;i n&agrave;y được &aacute;p dụng cho những ai mua m&aacute;y t&iacute;nh&nbsp;<a href="http://www.download.com.vn/windows-8-enterprise/download" style="color: rgb(51, 102, 255); text-decoration: none;" target="_blank"><strong>Windows 8</strong></a>&nbsp;c&oacute; gi&aacute; hơn 599 USD.</p>\r\n<p style="margin: 10px 0px; padding: 0px; color: rgb(0, 0, 0); font-family: Arial; font-size: 13px; line-height: 20px; text-align: center;">\r\n	<img alt="Microsoft giảm 100 USD khi nâng cấp từ XP lên Windows 8" height="292" src="http://media.meta.com.vn/photos/image/032014/26/Nang-cap-1.jpg" style="max-width: 640px; margin: 5px;" title="Người dùng sẽ được Microsoft hỗ trợ 100USD khi nâng cấp XP lên Windows 8" width="500" /><br />\r\n	<span style="color: rgb(51, 102, 255);">Người d&ugrave;ng sẽ được Microsoft hỗ trợ 100USD khi n&acirc;ng cấp XP l&ecirc;n Windows 8</span></p>\r\n<p style="margin: 10px 0px; padding: 0px; color: rgb(0, 0, 0); font-family: Arial; font-size: 13px; line-height: 20px; text-align: justify;">\r\n	Như vậy, những ai đang d&ugrave;ng netbook gi&aacute; rẻ hoặc m&aacute;y desktop b&igrave;nh d&acirc;n sẽ kh&ocirc;ng nằm trong diện được khuyến m&atilde;i n&agrave;y.</p>\r\n<p style="margin: 10px 0px; padding: 0px; color: rgb(0, 0, 0); font-family: Arial; font-size: 13px; line-height: 20px; text-align: justify;">\r\n	Trong chương tr&igrave;nh của m&igrave;nh, Microsoft đ&atilde; nhấn mạnh những sản phẩm sẽ được giảm gi&aacute; 100 USD gồm c&oacute;&nbsp;<em>HP ENVY TouchSmart</em>&nbsp;v&agrave;&nbsp;<em>Lenovo ThinkPad S1 Yoga</em>.</p>\r\n<p style="margin: 10px 0px; padding: 0px; color: rgb(0, 0, 0); font-family: Arial; font-size: 13px; line-height: 20px; text-align: justify;">\r\n	Danh s&aacute;ch sản phẩm chi tiết trong diện khuyến m&atilde;i được cung cấp tr&ecirc;n website của Microsoft.</p>\r\n<p style="margin: 10px 0px; padding: 0px; color: rgb(0, 0, 0); font-family: Arial; font-size: 13px; line-height: 20px; text-align: justify;">\r\n	Một điểm đ&aacute;ng ch&uacute; &yacute; l&agrave; mặc d&ugrave; m&aacute;y t&iacute;nh bảng Surface nằm trong chương tr&igrave;nh, ri&ecirc;ng thế hệ&nbsp;<a href="http://www.quantrimang.com.vn/surface-2-da-co-ban-ho-tro-lte-4g-108224" style="color: rgb(51, 102, 255); text-decoration: none;" title="Surface 2 đã có bản hỗ trợ LTE 4G"><strong>Surface 2</strong></a>&nbsp;lại kh&ocirc;ng được &aacute;p dụng mức khuyến m&atilde;i tr&ecirc;n.</p>\r\n<p style="margin: 10px 0px; padding: 0px; color: rgb(0, 0, 0); font-family: Arial; font-size: 13px; line-height: 20px; text-align: justify;">\r\n	Chương tr&igrave;nh khuyến mại tr&ecirc;n của Microsoft sẽ k&eacute;o d&agrave;i đến 15/6.</p>\r\n<div>\r\n	&nbsp;</div>\r\n<div style="margin: 1em auto; padding: 0px; color: rgb(0, 0, 0); font-family: Arial; font-size: 13px; line-height: 20px; text-align: justify; width: 336px;">\r\n	&nbsp;</div>\r\n', 'Theo Vietnamnet', '0000-00-00 00:00:00', 0, 'microsoft-giam-100-usd-khi-nang-cap-tu-xp-len-windows-8-1397846407'),
(19, 'Bạn có muốn gửi tiền vào ngân hàng... Facebook?', '<p style="margin: 10px 0px; padding: 0px; color: rgb(0, 0, 0); font-family: Arial; font-size: 13px; line-height: 20px; text-align: justify;">\r\n	<strong><span style="color: rgb(51, 51, 51);">Đ&atilde; từ l&acirc;u Facebook kh&ocirc;ng chỉ đơn thuần l&agrave; một mạng x&atilde; hội, giờ đ&acirc;y đế chế n&agrave;y c&ograve;n muốn lấn s&acirc;n sang lĩnh vực kh&aacute;c. Tờ Financial Times cho biết, chỉ một v&agrave;i tuần nữa&nbsp;<a href="http://www.quantrimang.com.vn/facebook-sap-gia-nhap-thi-truong-tien-dien-tu-108713" style="color: rgb(51, 102, 255); text-decoration: none;">Facebook sẽ trở th&agrave;nh tổ chức tiền điện tử tại ch&acirc;u &Acirc;u</a>.</span></strong></p>\r\n<p style="margin: 10px 0px; padding: 0px; color: rgb(0, 0, 0); font-family: Arial; font-size: 13px; line-height: 20px; text-align: justify;">\r\n	Khi đ&oacute;, Facebook sẽ nhận được lời chấp thuận theo luật tại Ireland để cung cấp c&aacute;c dịch vụ lưu trữ tiền cũng như thanh to&aacute;n v&agrave; trao đổi tiền đ&oacute; với c&aacute;c th&agrave;nh vi&ecirc;n kh&aacute;c. Đồng tiền ảo của Facebook sẽ xuất hiện khắp ch&acirc;u &Acirc;u. Facebook đ&atilde; đ&agrave;m ph&aacute;n hợp t&aacute;c với c&aacute;c c&ocirc;ng ty t&agrave;i ch&iacute;nh mới th&agrave;nh lập ở London v&agrave; t&igrave;m hiểu nền kinh tế ch&acirc;u &Acirc;u. Tuy nhi&ecirc;n mục ti&ecirc;u l&acirc;u d&agrave;i lại l&agrave; t&iacute;ch hợp dịch vụ mới tại c&aacute;c quốc gia đang ph&aacute;t triển.</p>\r\n<p style="margin: 10px 0px; padding: 0px; color: rgb(0, 0, 0); font-family: Arial; font-size: 13px; line-height: 20px; text-align: center;">\r\n	<img alt="Bạn có muốn gửi tiền vào ngân hàng... Facebook?" height="321" src="http://media.meta.com.vn/photos/image/042014/17/Facebook-1.jpg" style="max-width: 640px; margin: 5px;" title="Ngân hàng facebook" width="457" /></p>\r\n<p style="margin: 10px 0px; padding: 0px; color: rgb(0, 0, 0); font-family: Arial; font-size: 13px; line-height: 20px; text-align: justify;">\r\n	Nguồn tin trao đổi với tờ<em>&nbsp;Financial Times</em>&nbsp;cho biết: &quot;<em>Facebook muốn trở th&agrave;nh một c&ocirc;ng cụ ở c&aacute;c nước đang ph&aacute;t triển, v&agrave; dịch vụ chuyển tiền l&agrave; c&aacute;nh cổng đưa họ đến với giới t&agrave;i ch&iacute;nh</em>&quot;.</p>\r\n<p style="margin: 10px 0px; padding: 0px; color: rgb(0, 0, 0); font-family: Arial; font-size: 13px; line-height: 20px; text-align: justify;">\r\n	Thực chất Facebook đ&atilde; tham gia v&agrave;o c&aacute;c giao dịch t&agrave;i ch&iacute;nh khi lấy lại một phần doanh thu m&agrave; c&aacute;c nh&agrave; ph&aacute;t triển c&oacute; được khi người d&ugrave;ng mua h&agrave;ng in-app. Tuy nhi&ecirc;n, mức ph&iacute; n&agrave;y chỉ chiếm khoảng 10% tổng doanh thu của Facebook. Nếu &quot;<em>mạng x&atilde; hội</em>&quot; n&agrave;y c&oacute; thể trở th&agrave;nh một tổ chức t&agrave;i ch&iacute;nh ổn định hơn ở c&aacute;c thị trường đang ph&aacute;t triển, tỷ lệ tr&ecirc;n chắc chắn sẽ tăng l&ecirc;n, đ&uacute;ng như chiến lược của c&ocirc;ng ty.</p>\r\n<p style="margin: 10px 0px; padding: 0px; color: rgb(0, 0, 0); font-family: Arial; font-size: 13px; line-height: 20px; text-align: justify;">\r\n	Sự đa dạng trong kinh doanh của Facebook l&agrave; điều kh&ocirc;ng phải b&agrave;n c&atilde;i, từ những thương vụ khổng lồ cho tới những bước đột ph&aacute; trong c&ocirc;ng nghệ. C&ocirc;ng ty đang tiến h&agrave;nh mở rộng với tốc độ lớn với c&aacute;c cột mốc thời gian chỉ trong một v&agrave;i năm đổ lại đ&acirc;y. Facebook hiện đ&atilde; từ chối b&igrave;nh luận về dịch vụ t&agrave;i ch&iacute;nh n&agrave;y tại ch&acirc;u &Acirc;u.</p>\r\n<div>\r\n	&nbsp;</div>\r\n<div style="margin: 1em auto; padding: 0px; color: rgb(0, 0, 0); font-family: Arial; font-size: 13px; line-height: 20px; text-align: justify; width: 336px;">\r\n	&nbsp;</div>\r\n', 'Theo Vnreview', '0000-00-00 00:00:00', 0, 'ban-co-muon-gui-tien-vao-ngan-hang-facebook-1397846929'),
(20, 'Nhiều trang web tạm ngừng hoạt động để vá Heartbleed', '<p style="margin: 10px 0px; padding: 0px; color: rgb(0, 0, 0); font-family: Arial; font-size: 13px; line-height: 20px; text-align: justify;">\r\n	<strong><span style="color: rgb(51, 51, 51);">Trong v&ograve;ng v&agrave;i tuần tới, nếu bạn kh&ocirc;ng thể truy cập v&agrave;o c&aacute;c trang web ưa th&iacute;ch, h&atilde;y đừng vội lo lắng. C&aacute;c chuy&ecirc;n gia bảo mật sẽ tiến h&agrave;nh v&aacute; lỗi Heartbleed, lỗi bảo mật lớn nhất trong lịch sử Internet.</span></strong></p>\r\n<p style="margin: 10px 0px; padding: 0px; color: rgb(0, 0, 0); font-family: Arial; font-size: 13px; line-height: 20px; text-align: center;">\r\n	<img alt="Nhiều trang web tạm ngừng hoạt động để vá Heartbleed" height="235" src="http://media.meta.com.vn/photos/image/042014/17/Heartbleed-1.jpg" style="max-width: 640px; margin: 5px;" title="Lỗ hổng Heartbleed" width="610" /></p>\r\n<p style="margin: 10px 0px; padding: 0px; color: rgb(0, 0, 0); font-family: Arial; font-size: 13px; line-height: 20px; text-align: justify;">\r\n	Theo tờ&nbsp;<em>Washington Post</em>, qu&aacute; tr&igrave;nh v&aacute; lỗi&nbsp;<a href="http://www.quantrimang.com.vn/bao-ve-minh-truoc-loi-bao-mat-heartbleed-108598" style="color: rgb(51, 102, 255); text-decoration: none;" title="Bảo vệ mình trước lỗi bảo mật Heartbleed "><strong>Heartbleed</strong></a>&nbsp;sẽ khiến phần lớn Internet gặp vấn đề trong một thời gian d&agrave;i. C&aacute;c c&ocirc;ng ty sẽ phải t&igrave;m c&aacute;ch tự bảo vệ trước lỗi bảo mật khổng lồ g&acirc;y sốc cho cả thế giới v&agrave;o tuần trước.</p>\r\n<p style="margin: 10px 0px; padding: 0px; color: rgb(0, 0, 0); font-family: Arial; font-size: 13px; line-height: 20px; text-align: justify;">\r\n	&quot;<em>H&atilde;y thử tưởng tượng khi ch&uacute;ng ta ph&aacute;t hiện ra rằng loại cửa m&agrave; tất cả mọi người sử dụng đều kh&ocirc;ng to&agrave;n, đều c&oacute; thể bị đột nhập. Những hậu quả tai hại của sự cố n&agrave;y chỉ bị giới hạn bởi những thứ m&agrave; kẻ xấu c&oacute; thể nghĩ ra m&agrave; th&ocirc;i</em>&quot;,&nbsp;<em>Jason Healey</em>, một chuy&ecirc;n gia bảo mật tại Viện Ch&iacute;nh s&aacute;ch Đại T&acirc;y Dương, Washington (<em>Mỹ)</em>, trả lời phỏng vấn với tờ Washington Post.</p>\r\n<p style="margin: 10px 0px; padding: 0px; color: rgb(0, 0, 0); font-family: Arial; font-size: 13px; line-height: 20px; text-align: justify;">\r\n	Heartbleed l&agrave; một lỗ hổng trầm trọng của OpenSSL, một giao thức bảo mật được sử dụng để m&atilde; h&oacute;a th&ocirc;ng tin truyền tải tr&ecirc;n web. Khi tận dụng Heartbleed, hacker c&oacute; thể thu thập được gần như tất cả c&aacute;c th&ocirc;ng tin người d&ugrave;ng gửi qua Internet. Th&ocirc;ng tin về m&atilde; bảo mật n&agrave;y đ&atilde; g&acirc;y sốc cho to&agrave;n bộ ng&agrave;nh bảo mật to&agrave;n cầu, v&agrave; hiện tại c&aacute;c c&ocirc;ng ty đang bắt đầu t&igrave;m kiếm v&agrave; v&aacute; c&aacute;c lỗ hổng li&ecirc;n quan tới Heartbleed tr&ecirc;n trang của m&igrave;nh.</p>\r\n<p style="margin: 10px 0px; padding: 0px; color: rgb(0, 0, 0); font-family: Arial; font-size: 13px; line-height: 20px; text-align: center;">\r\n	<img alt="Nhiều trang web tạm ngừng hoạt động để vá Heartbleed" height="386" src="http://media.meta.com.vn/photos/image/042014/17/Heartbleed-2.jpg" style="max-width: 640px; margin: 5px;" title="Lỗ hổng Heartbleed" width="597" /></p>\r\n<p style="margin: 10px 0px; padding: 0px; color: rgb(0, 0, 0); font-family: Arial; font-size: 13px; line-height: 20px; text-align: justify;">\r\n	Cộng đồng bảo mật v&agrave; c&aacute;c trang web cho tới giờ vẫn chưa hết &quot;<em>sốc</em>&quot; v&igrave; lỗi Heartbleed, song một th&ocirc;ng tin mới được ph&aacute;t hiện cho thấy c&oacute; &iacute;t nhất một g&atilde; khổng lồ Internet đ&atilde; cố t&igrave;nh &quot;<em>giấu k&iacute;n</em>&quot; lỗ bảo mật g&acirc;y ảnh hưởng tới to&agrave;n bộ Internet n&agrave;y.</p>\r\n<p style="margin: 10px 0px; padding: 0px; color: rgb(0, 0, 0); font-family: Arial; font-size: 13px; line-height: 20px; text-align: justify;">\r\n	Một trong những mối đe dọa tiềm t&agrave;ng lớn nhất của Heartbleed l&agrave; hacker c&oacute; thể đ&aacute;nh cắp c&aacute;c chứng thực (<em>certificate</em>) của Google, Facebook, Yahoo v&agrave; nhiều dịch vụ lớn kh&aacute;c. Khi đ&atilde; th&agrave;nh c&ocirc;ng, ch&uacute;ng c&oacute; thể tạo ra c&aacute;c phi&ecirc;n bản giả của Google v&agrave; Facebook để đ&aacute;nh lừa người d&ugrave;ng, khiến họ tự cung cấp th&ocirc;ng tin đăng nhập của m&igrave;nh cho c&aacute;c trang giả m&agrave; kh&ocirc;ng thể nhận ra dấu hiệu nhận biết n&agrave;o. Trong khi c&aacute;c vụ hack như vậy c&oacute; thể tốn rất nhiều thời gian (<em>một hacker c&oacute; t&ecirc;n Fedor Indutny phải gửi tới 2,5 triệu y&ecirc;u cầu tới một dịch vụ để ăn cắp được certificate</em>), đ&acirc;y vẫn l&agrave; một lỗ hổng m&agrave; hacker v&agrave; c&aacute;c tổ chức tội phạm số ho&agrave;n to&agrave;n c&oacute; thể tận dụng để thực hiện th&agrave;nh c&ocirc;ng c&aacute;c h&agrave;nh vi xấu.</p>\r\n<p style="margin: 10px 0px; padding: 0px; color: rgb(0, 0, 0); font-family: Arial; font-size: 13px; line-height: 20px; text-align: justify;">\r\n	Điều n&agrave;y c&oacute; nghĩa rằng tất cả c&aacute;c trang web lớn sẽ phải loại bỏ chứng thực cũ của m&igrave;nh v&agrave; tạo ra c&aacute;c chứng thực mới để tr&aacute;nh khả năng bị giả mạo bởi hacker. Do rất nhiều trang web sẽ phải thực hiện điều n&agrave;y, chắc chắn trải nghiệm Internet của người d&ugrave;ng trong những th&aacute;ng tới sẽ bị gi&aacute;n đoạn rất nhiều.</p>\r\n<div>\r\n	&nbsp;</div>\r\n<div style="margin: 1em auto; padding: 0px; color: rgb(0, 0, 0); font-family: Arial; font-size: 13px; line-height: 20px; text-align: justify; width: 336px;">\r\n	&nbsp;</div>\r\n', 'Theo Vnreview', '0000-00-00 00:00:00', 0, 'nhieu-trang-web-tam-ngung-hoat-dong-de-va-heartbleed-1397847015'),
(21, 'Để trò chuyện Facebook phải sử dụng ứng dụng Messenger độc lập', '<p style="margin: 10px 0px; padding: 0px; color: rgb(0, 0, 0); font-family: Arial; font-size: 13px; line-height: 20px; text-align: justify;">\r\n	<strong><span style="color: rgb(51, 51, 51);">Facebook sẽ buộc người d&ugrave;ng iOS v&agrave; Android tải về ứng dụng Facebook Messenger độc lập nếu họ muốn tiếp tục tr&ograve; chuyện, v&agrave; c&ocirc;ng ty sẽ loại bỏ chức năng nhắn tin từ ứng dụng Facebook truyền thống.</span></strong></p>\r\n<p style="margin: 10px 0px; padding: 0px; color: rgb(0, 0, 0); font-family: Arial; font-size: 13px; line-height: 20px; text-align: center;">\r\n	<img alt="Để trò chuyện Facebook phải sử dụng ứng dụng Messenger độc lập" height="391" src="http://media.meta.com.vn/photos/image/042014/10/Facebook-1.jpg" style="max-width: 640px; margin: 5px;" title="Facebook Messenger" width="515" /></p>\r\n<p style="margin: 10px 0px; padding: 0px; color: rgb(0, 0, 0); font-family: Arial; font-size: 13px; line-height: 20px; text-align: justify;">\r\n	Quyết định n&agrave;y c&oacute; khả năng g&acirc;y ra một số phiền phức cho người sử dụng Facebook, nhưng đ&acirc;y được xem l&agrave; một phần của Facebook trong việc thay đổi li&ecirc;n tục nhằm cung cấp phần mềm độc lập cho mỗi t&iacute;nh năng quan trọng của c&ocirc;ng ty thay v&igrave; b&oacute; ch&uacute;ng lại với nhau.</p>\r\n<p style="margin: 10px 0px; padding: 0px; color: rgb(0, 0, 0); font-family: Arial; font-size: 13px; line-height: 20px; text-align: justify;">\r\n	Trước đ&acirc;y, việc sử dụng ứng dụng&nbsp;<a href="http://www.download.com.vn/android/facebook-messenger-for-android/download" style="color: rgb(51, 102, 255); text-decoration: none;" target="_blank"><strong>Facebook Messenger</strong></a>&nbsp;l&agrave; t&ugrave;y th&iacute;ch bởi ứng dụng từ b&ecirc;n trong phần mềm Facebook truyền thống cho ph&eacute;p người d&ugrave;ng dễ d&agrave;ng tr&ograve; chuyện với bạn b&egrave;.</p>\r\n<p style="margin: 10px 0px; padding: 0px; color: rgb(0, 0, 0); font-family: Arial; font-size: 13px; line-height: 20px; text-align: justify;">\r\n	Th&ocirc;ng điệp mới của Facebook được &aacute;p dụng cho người d&ugrave;ng ứng dụng ở ch&acirc;u &Acirc;u, tuy nhi&ecirc;n Facebook cho biết việc triển khai đến c&aacute;c khu vực kh&aacute;c sẽ diễn ra trong thời gian sớm. Một cảnh b&aacute;o n&oacute;i rằng nếu tiếp tục tr&ograve; chuyện tr&ecirc;n điện thoại di động l&agrave; cần thiết, họ sẽ cần phải c&agrave;i đặt ứng dụng client chuy&ecirc;n dụng trong tương lai kh&ocirc;ng xa. Th&ocirc;ng tin ch&iacute;nh x&aacute;c về ng&agrave;y tắt t&iacute;nh năng tr&ograve; chuyện tr&ecirc;n Facebook truyền thống vẫn chưa được c&ocirc;ng ty đưa ra, nhưng nhiều th&ocirc;ng tin cho rằng n&oacute; sẽ được thực hiện trong khoảng 2 tuần nữa.</p>\r\n<p style="margin: 10px 0px; padding: 0px; color: rgb(0, 0, 0); font-family: Arial; font-size: 13px; line-height: 20px; text-align: justify;">\r\n	Nếu việc ph&acirc;n chia ứng dụng trở th&agrave;nh bắt buộc, chỉ c&oacute; những người c&oacute; thiết bị kh&ocirc;ng thể chạy&nbsp;<a href="http://www.download.com.vn/ios/facebook-messenger-for-ios/download" style="color: rgb(51, 102, 255); text-decoration: none;" target="_blank"><strong>Facebook Messenger</strong>&nbsp;</a>độc lập hoặc sử dụng Facebook tr&ecirc;n nền web mới được ph&eacute;p tr&aacute;nh n&oacute;.</p>\r\n<p style="margin: 10px 0px; padding: 0px; color: rgb(0, 0, 0); font-family: Arial; font-size: 13px; line-height: 20px; text-align: justify;">\r\n	Đối với Facebook, đ&acirc;y l&agrave; cơ hội để c&ocirc;ng ty giải quyết c&aacute;c vướng mắc gặp phải khi bị c&aacute;o buộc rằng ứng dụng di động của n&oacute; qu&aacute; chậm chạp. Facebook Messenger độc lập sẽ gi&uacute;p người d&ugrave;ng nhận tin nhắn nhanh ch&oacute;ng hơn.</p>\r\n<div>\r\n	&nbsp;</div>\r\n<div style="margin: 1em auto; padding: 0px; color: rgb(0, 0, 0); font-family: Arial; font-size: 13px; line-height: 20px; text-align: justify; width: 336px;">\r\n	&nbsp;</div>\r\n', 'Theo TTCN', '0000-00-00 00:00:00', 0, 'de-tro-chuyen-facebook-phai-su-dung-ung-dung-messenger-doc-lap-1397847094'),
(22, 'Smartphone Windows Phone sẽ ngày càng tốt và rẻ hơn', '<p style="margin: 10px 0px; padding: 0px; color: rgb(0, 0, 0); font-family: Arial; font-size: 13px; line-height: 20px; text-align: justify;">\r\n	<strong><span style="color: rgb(51, 51, 51);">Microsoft đang thực hiện chiến lược tiếp cận người d&ugrave;ng th&ocirc;ng minh khi cho ph&eacute;p mọi nh&agrave; sản xuất g&oacute;p &yacute; v&agrave; x&acirc;y dựng điện thoại Windows Phone theo &yacute; của họ.</span></strong></p>\r\n<p style="margin: 10px 0px; padding: 0px; color: rgb(0, 0, 0); font-family: Arial; font-size: 13px; line-height: 20px; text-align: justify;">\r\n	Microsoft đ&atilde; cho ra mắt trang web&nbsp;<em>Windows Phone OEM Portal</em>&nbsp;của m&igrave;nh. Trang web n&agrave;y cung cấp tất cả c&aacute;c th&ocirc;ng tin cần để x&acirc;y dựng một chiếc điện thoại Windows Phone ho&agrave;n hảo v&agrave; b&aacute;n n&oacute;. Điều n&agrave;y c&oacute; nghĩa l&agrave; mỗi nh&agrave; sản xuất tham gia trang web n&agrave;y đều c&oacute; thể thiết kế v&agrave; sản xuất điện thoại Windows Phone thoả th&iacute;ch.</p>\r\n<p style="margin: 10px 0px; padding: 0px; color: rgb(0, 0, 0); font-family: Arial; font-size: 13px; line-height: 20px; text-align: center;">\r\n	<img alt="Smartphone Windows Phone sẽ ngày càng tốt và rẻ hơn" height="226" src="http://media.meta.com.vn/photos/image/042014/15/Smartphone-1.jpg" style="max-width: 640px; margin: 5px;" title="Microsoft sẽ chỉ cách chế tạo một chiếc điện thoại Windows Phone" width="600" /><br />\r\n	<span style="color: rgb(51, 102, 255);">Microsoft sẽ chỉ c&aacute;ch chế tạo một chiếc điện thoại Windows Phone</span></p>\r\n<p style="margin: 10px 0px; padding: 0px; color: rgb(0, 0, 0); font-family: Arial; font-size: 13px; line-height: 20px; text-align: justify;">\r\n	Khi truy cập v&agrave;o&nbsp;<em>Windows Phone OEM Portal</em>, c&aacute;c nh&agrave; sản xuất sẽ được tham khảo c&aacute;c thiết kế của Qualcomm v&agrave; được chọn một m&aacute;y ảnh, m&agrave;n h&igrave;nh LCD, bộ nhớ, bộ cảm biến, v&agrave; một bộ điều khiển cảm ứng để chế tạo chiếc smartphone theo &yacute; th&iacute;ch của m&igrave;nh.</p>\r\n<p style="margin: 10px 0px; padding: 0px; color: rgb(0, 0, 0); font-family: Arial; font-size: 13px; line-height: 20px; text-align: justify;">\r\n	Bằng c&aacute;ch c&ocirc;ng bố chức năng mới n&agrave;y, Microsoft đ&atilde; chấm dứt c&aacute;c tin đồn về việc họ sẽ độc quyền điện thoại Windows Phone sau khi mua lại Nokia v&agrave; sẽ chỉ sản xuất smartphone theo &yacute; m&igrave;nh.</p>\r\n<p style="margin: 10px 0px; padding: 0px; color: rgb(0, 0, 0); font-family: Arial; font-size: 13px; line-height: 20px; text-align: center;">\r\n	<img alt="Smartphone Windows Phone sẽ ngày càng tốt và rẻ hơn" height="337" src="http://media.meta.com.vn/photos/image/042014/15/Smartphone-2.jpg" style="max-width: 640px; margin: 5px;" title="Sẽ có nhiều điện thoại Windows Phone tốt ra đời" width="600" /><br />\r\n	<span style="color: rgb(51, 102, 255);">Sẽ c&oacute; nhiều điện thoại Windows Phone tốt ra đời</span></p>\r\n<p style="margin: 10px 0px; padding: 0px; color: rgb(0, 0, 0); font-family: Arial; font-size: 13px; line-height: 20px; text-align: justify;">\r\n	Đồng thời Microsoft cũng tạo điều kiện cho c&aacute;c nh&agrave; sản xuất nhỏ c&oacute; thể tạo ra một chiếc smartphone dễ d&agrave;ng hơn với mức gi&aacute; tốt hơn để cạnh tranh với Android ở c&aacute;c thị trường mới nổi.</p>\r\n<div>\r\n	&nbsp;</div>\r\n<div style="margin: 1em auto; padding: 0px; color: rgb(0, 0, 0); font-family: Arial; font-size: 13px; line-height: 20px; text-align: justify; width: 336px;">\r\n	&nbsp;</div>\r\n', 'Theo Thegioididong', '0000-00-00 00:00:00', 0, 'smartphone-windows-phone-se-ngay-cang-tot-va-re-hon-1397847155'),
(23, 'Amazon sẽ tung smartphone 3D không cần kính vào tháng 6', '<p style="margin: 10px 0px; padding: 0px; color: rgb(0, 0, 0); font-family: Arial; font-size: 13px; line-height: 20px; text-align: justify;">\r\n	<strong><span style="color: rgb(51, 51, 51);">Nếu như trước đ&acirc;y, đ&atilde; c&oacute; một số nguồn cho rằng Amazon đang ph&aacute;t triển smartphone c&oacute; khả năng hiển thị 3D kh&ocirc;ng cần k&iacute;nh th&igrave; sắp tới đ&acirc;y, tin n&agrave;y c&oacute; thể th&agrave;nh hiện thực, &iacute;t nhất theo b&aacute;o c&aacute;o từ Nhật b&aacute;o phố Wall.</span></strong></p>\r\n<p style="margin: 10px 0px; padding: 0px; color: rgb(0, 0, 0); font-family: Arial; font-size: 13px; line-height: 20px; text-align: center;">\r\n	<img alt="Amazon sẽ tung smartphone 3D không cần kính vào tháng 6" height="344" src="http://media.meta.com.vn/photos/image/042014/12/Amazon-1.jpg" style="max-width: 640px; margin: 5px;" title="Smartphone 3D của Amazon" width="515" /></p>\r\n<p style="margin: 10px 0px; padding: 0px; color: rgb(0, 0, 0); font-family: Arial; font-size: 13px; line-height: 20px; text-align: justify;">\r\n	Theo Nhật b&aacute;o phố Wall, h&atilde;ng b&aacute;n lẻ&nbsp;<em>Amazon</em>&nbsp;sẽ tung ra chiếc smartphone mới của m&igrave;nh v&agrave;o th&aacute;ng 6 tới v&agrave; l&ecirc;n kệ v&agrave;o th&aacute;ng 9 sau đ&oacute;. H&atilde;ng cũng được cho l&agrave; đ&atilde; giới thiệu thiết bị n&agrave;y tại một số buổi gặp với c&aacute;c nh&agrave; b&aacute;n lẻ cũng như nh&agrave; ph&aacute;t triển tại<em>&nbsp;San Francisco</em>&nbsp;v&agrave;&nbsp;<em>Seattle</em>&nbsp;(<em>Mỹ</em>). Tuy nhi&ecirc;n, th&ocirc;ng tin chi tiết về thiết bị n&agrave;y đ&atilde; kh&ocirc;ng được đề cập đến.</p>\r\n<p style="margin: 10px 0px; padding: 0px; color: rgb(0, 0, 0); font-family: Arial; font-size: 13px; line-height: 20px; text-align: justify;">\r\n	Trước đ&acirc;y, ch&iacute;nh Nhật b&aacute;o phố Wall cũng đ&atilde; từng đề cập tới chiếc smartphone c&oacute; khả năng hiển thị h&igrave;nh ảnh 3D kh&ocirc;ng cần k&iacute;nh v&agrave;o th&aacute;ng 5 năm ngo&aacute;i. C&ocirc;ng nghệ được Amazon sử dụng l&agrave; c&ocirc;ng nghệ theo d&otilde;i v&otilde;ng mạc &quot;<em>nh&uacute;ng</em>&quot; trong 4 camera v&agrave; cảm biến ph&iacute;a trước nhằm tạo hiệu ứng h&igrave;nh ảnh 3 chiều, tương tự như tr&ecirc;n<em>Nintendo 3DS</em>.</p>\r\n<p style="margin: 10px 0px; padding: 0px; color: rgb(0, 0, 0); font-family: Arial; font-size: 13px; line-height: 20px; text-align: justify;">\r\n	Động th&aacute;i n&agrave;y của Amazon đang được cho l&agrave; nhằm đa dạng h&oacute;a sản phẩm của m&igrave;nh. C&aacute;ch đ&acirc;y v&agrave;i ng&agrave;y, h&atilde;ng cũng đ&atilde; cho ra mắt set-top-box Fire TV nhằm cạnh tranh trực tiếp với&nbsp;<em>Apple TV, Roku v&agrave; Chromecast</em>.</p>\r\n<div>\r\n	&nbsp;</div>\r\n<div style="margin: 1em auto; padding: 0px; color: rgb(0, 0, 0); font-family: Arial; font-size: 13px; line-height: 20px; text-align: justify; width: 336px;">\r\n	&nbsp;</div>\r\n', 'Theo TTCN', '0000-00-00 00:00:00', 0, 'amazon-se-tung-smartphone-3d-khong-can-kinh-vao-thang-6-1397847206'),
(24, 'Facebook tuyên bố trừng phạt những trang câu Like', '<p style="margin: 10px 0px; padding: 0px; color: rgb(0, 0, 0); font-family: Arial; font-size: 13px; line-height: 20px; text-align: justify;">\r\n	<strong><span style="color: rgb(51, 51, 51);">Nhằm l&agrave;m trong sạch News Feed của c&aacute;c th&agrave;nh vi&ecirc;n, Facebook tuy&ecirc;n bố sẽ bắt đầu phạt những trang c&oacute; h&agrave;nh vi l&ocirc;i k&eacute;o người d&ugrave;ng bấm Like (th&iacute;ch), Comment (b&igrave;nh luận) v&agrave; Share (chia sẻ).</span></strong></p>\r\n<p style="margin: 10px 0px; padding: 0px; color: rgb(0, 0, 0); font-family: Arial; font-size: 13px; line-height: 20px; text-align: justify;">\r\n	&quot;<em>H&atilde;y Like nếu thấy ch&uacute; m&egrave;o đ&aacute;ng y&ecirc;u</em>&quot;, &quot;<em>Commnet nếu y&ecirc;u Ronaldo v&agrave; Like nếu th&iacute;ch Messi</em>&quot;, &quot;<em>mỗi Like l&agrave; một cục gạch cho kẻ &aacute;c</em>&quot;... l&agrave; ba trong số rất nhiều lời &quot;<em>rủ r&ecirc;</em>&quot; của c&aacute;c trang mạng x&atilde; hội nhằm đạt được lượt tương t&aacute;c lớn từ ph&iacute;a người xem. Facebook gọi h&agrave;nh động n&agrave;y l&agrave; &quot;<em>Like-baiting</em>&quot; (<em>c&acirc;u Like, mồi ch&agrave;i Like</em>).</p>\r\n<p style="margin: 10px 0px; padding: 0px; color: rgb(0, 0, 0); font-family: Arial; font-size: 13px; line-height: 20px; text-align: center;">\r\n	<img alt="Facebook tuyên bố trừng phạt những trang câu Like" height="380" src="http://media.meta.com.vn/photos/image/042014/12/Facebook-1.jpg" style="max-width: 640px; margin: 5px;" title="Facebook đưa ví dụ về một nội dung mà họ gọi là Like-baiting." width="500" /><br />\r\n	<span style="color: rgb(51, 102, 255);">Facebook đưa v&iacute; dụ về một nội dung m&agrave; họ gọi l&agrave; Like-baiting.</span></p>\r\n<p style="margin: 10px 0px; padding: 0px; color: rgb(0, 0, 0); font-family: Arial; font-size: 13px; line-height: 20px; text-align: justify;">\r\n	Việc&nbsp;<em>News Feed</em>&nbsp;tr&agrave;n ngập nội dung r&aacute;c l&agrave; do bạn b&egrave; của c&aacute;c th&agrave;nh vi&ecirc;n tự nguyện bấm<strong>&nbsp;Like</strong>. Tuy nhi&ecirc;n, cuối c&ugrave;ng ch&iacute;nh Facebook lại phải hứng chịu c&aacute;c chỉ tr&iacute;ch, do đ&oacute; h&atilde;ng n&agrave;y quyết định h&agrave;nh động quyết liệt để hạn chế t&igrave;nh trạng tr&ecirc;n.</p>\r\n<p style="margin: 10px 0px; padding: 0px; color: rgb(0, 0, 0); font-family: Arial; font-size: 13px; line-height: 20px; text-align: justify;">\r\n	&quot;<em>Chủ sở hữu c&aacute;c trang Facebook nếu cố t&igrave;nh tạo nội dung r&aacute;c để c&acirc;u Like sẽ thấy tần suất trang của họ xuất hiện tr&ecirc;n News Feed giảm mạnh trong v&agrave;i th&aacute;ng tới</em>&quot;, đại diện của mạng x&atilde; hội lớn nhất thế giới khẳng định.</p>\r\n<p style="margin: 10px 0px; padding: 0px; color: rgb(0, 0, 0); font-family: Arial; font-size: 13px; line-height: 20px; text-align: justify;">\r\n	Mục ti&ecirc;u của Facebook l&agrave; mang đến cho người d&ugrave;ng một trang&nbsp;<em>News Feed</em>&nbsp;với nội dung m&agrave; họ mong muốn nhất, để họ kh&ocirc;ng bị bỏ lỡ những status hay của bạn b&egrave; chỉ v&igrave; bị c&aacute;c h&igrave;nh ảnh r&aacute;c l&agrave;m rối mắt.</p>\r\n<div>\r\n	&nbsp;</div>\r\n<div style="margin: 1em auto; padding: 0px; color: rgb(0, 0, 0); font-family: Arial; font-size: 13px; line-height: 20px; text-align: justify; width: 336px;">\r\n	&nbsp;</div>\r\n', 'Theo Vnexpress', '0000-00-00 00:00:00', 0, 'facebook-tuyen-bo-trung-phat-nhung-trang-cau-like-1397847278');
INSERT INTO `shopc_post` (`id`, `title`, `content`, `author`, `time`, `count`, `key`) VALUES
(25, '13 câu nói nổi tiếng của Steve Jobs', '<p style="margin: 10px 0px; padding: 0px; color: rgb(0, 0, 0); font-family: Arial; font-size: 13px; line-height: 20px; text-align: justify;">\r\n	<strong>Cố CEO của Apple đ&atilde; đưa ra những b&agrave;i học s&acirc;u sắc về cuộc sống, triết l&yacute; kinh doanh phản &aacute;nh th&ocirc;ng qua c&aacute;c sản phẩm v&agrave; sự th&agrave;nh c&ocirc;ng của Apple.</strong></p>\r\n<p style="margin: 10px 0px; padding: 0px; color: rgb(0, 0, 0); font-family: Arial; font-size: 13px; line-height: 20px; text-align: center;">\r\n	<span style="color: rgb(51, 102, 255);"><img alt="13 câu nói nổi tiếng của Steve Jobs" height="377" src="http://media.meta.com.vn/photos/image/042014/17/Steve-Jobs1.jpg" style="max-width: 640px; margin: 5px;" title="13 câu nói nổi tiếng của Steve Jobs" width="600" /><br />\r\n	&quot;S&aacute;ng tạo chỉ l&agrave; kết nối mọi thứ với nhau. Khi bạn hỏi những người s&aacute;ng tạo l&agrave;m thế n&agrave;o để l&agrave;m n&ecirc;n một sản phẩm, họ sẽ cảm thấy ngượng ng&ugrave;ng một ch&uacute;t v&igrave; thực ra họ kh&ocirc;ng l&agrave;m g&igrave; cả. Những g&igrave; họ l&agrave;m dần s&aacute;ng tỏ theo thời gian v&agrave; đến như một điều tự nhi&ecirc;n&quot;.</span></p>\r\n<p style="margin: 10px 0px; padding: 0px; color: rgb(0, 0, 0); font-family: Arial; font-size: 13px; line-height: 20px; text-align: center;">\r\n	<span style="color: rgb(51, 102, 255);"><img alt="13 câu nói nổi tiếng của Steve Jobs" height="465" src="http://media.meta.com.vn/photos/image/042014/17/Steve-Jobs2.jpg" style="max-width: 640px; margin: 5px;" title="13 câu nói nổi tiếng của Steve Jobs" width="600" /><br />\r\n	&quot;Lu&ocirc;n nhớ rằng m&igrave;nh sẽ phải chết l&agrave; c&aacute;ch tốt nhất m&agrave; t&ocirc;i biết để tr&aacute;nh sa v&agrave;o suy nghĩ m&igrave;nh c&oacute; c&aacute;i g&igrave; để mất. Khi bạn chẳng c&ograve;n g&igrave;, kh&ocirc;ng c&oacute; l&yacute; do n&agrave;o để bạn kh&ocirc;ng đi theo ch&iacute;nh tr&aacute;i tim m&igrave;nh&quot;.</span></p>\r\n<p style="margin: 10px 0px; padding: 0px; color: rgb(0, 0, 0); font-family: Arial; font-size: 13px; line-height: 20px; text-align: center;">\r\n	<span style="color: rgb(51, 102, 255);"><img alt="13 câu nói nổi tiếng của Steve Jobs" height="338" src="http://media.meta.com.vn/photos/image/042014/17/Steve-Jobs3.jpg" style="max-width: 640px; margin: 5px;" title="13 câu nói nổi tiếng của Steve Jobs" width="600" /><br />\r\n	&quot;H&atilde;y l&agrave; thước đo về chất lượng. Một số người kh&ocirc;ng quen sống trong m&ocirc;i trường m&agrave; sự ho&agrave;n hảo được kỳ vọng&quot;.</span></p>\r\n<p style="margin: 10px 0px; padding: 0px; color: rgb(0, 0, 0); font-family: Arial; font-size: 13px; line-height: 20px; text-align: center;">\r\n	<span style="color: rgb(51, 102, 255);"><img alt="13 câu nói nổi tiếng của Steve Jobs" height="415" src="http://media.meta.com.vn/photos/image/042014/17/Steve-Jobs4.jpg" style="max-width: 640px; margin: 5px;" title="13 câu nói nổi tiếng của Steve Jobs" width="600" /><br />\r\n	&quot;Bạn kh&ocirc;ng thể kết nối mọi thứ để nh&igrave;n về ph&iacute;a trước, bạn chỉ c&oacute; thể kết nối ch&uacute;ng khi nh&igrave;n lại. V&igrave; vậy, bạn phải tin tưởng rằng những g&igrave; ở hiện tại bằng c&aacute;ch n&agrave;o đ&oacute; sẽ kết nối trong tương lai. Bạn phải tin tưởng v&agrave;o một điều g&igrave; đ&oacute; - linh t&iacute;nh, số phận, cuộc đời, sự nghiệp hay bất cứ điều g&igrave;. C&aacute;ch tiếp cận n&agrave;y chưa bao giờ l&agrave;m t&ocirc;i thất vọng v&agrave; n&oacute; đ&atilde; tạo n&ecirc;n sự kh&aacute;c biệt trong cuộc đời của t&ocirc;i&quot;.</span></p>\r\n<p style="margin: 10px 0px; padding: 0px; color: rgb(0, 0, 0); font-family: Arial; font-size: 13px; line-height: 20px; text-align: center;">\r\n	<span style="color: rgb(51, 102, 255);"><img alt="13 câu nói nổi tiếng của Steve Jobs" height="400" src="http://media.meta.com.vn/photos/image/042014/17/Steve-Jobs5.jpg" style="max-width: 640px; margin: 5px;" title="13 câu nói nổi tiếng của Steve Jobs" width="600" /><br />\r\n	&quot;C&ocirc;ng việc chiếm một phần lớn cuộc sống mỗi người v&agrave; c&aacute;ch duy nhất để h&agrave;i l&ograve;ng l&agrave; l&agrave;m những g&igrave; m&agrave; m&igrave;nh nghĩ l&agrave; to lớn. V&agrave; c&aacute;ch duy nhất để l&agrave;m những c&ocirc;ng việc tuyệt vời đ&oacute; l&agrave; y&ecirc;u những g&igrave; m&igrave;nh l&agrave;m. Nếu bạn kh&ocirc;ng t&igrave;m thấy l&yacute; tưởng n&agrave;y, h&atilde;y tiếp tục t&igrave;m kiếm, đừng nản l&ograve;ng. Tr&aacute;i tim sẽ chỉ lối cho bạn v&agrave; mọi chuyện sẽ tốt dần theo thời gian. V&igrave; thế h&atilde;y quyết t&acirc;m đến c&ugrave;ng. Đừng bỏ cuộc&quot;.</span></p>\r\n<p style="margin: 10px 0px; padding: 0px; color: rgb(0, 0, 0); font-family: Arial; font-size: 13px; line-height: 20px; text-align: center;">\r\n	<span style="color: rgb(51, 102, 255);"><img alt="13 câu nói nổi tiếng của Steve Jobs" height="444" src="http://media.meta.com.vn/photos/image/042014/17/Steve-Jobs6.jpg" style="max-width: 640px; margin: 5px;" title="13 câu nói nổi tiếng của Steve Jobs" width="600" /><br />\r\n	&quot;L&agrave; người gi&agrave;u nhất trong nghĩa trang kh&ocirc;ng quan trọng với t&ocirc;i... Khi đi ngủ v&agrave; nghĩ rằng m&igrave;nh đ&atilde; l&agrave;m điều g&igrave; đ&oacute; tuyệt vời... đ&acirc;y mới l&agrave; điều t&ocirc;i quan trọng&quot;.</span></p>\r\n<p style="margin: 10px 0px; padding: 0px; color: rgb(0, 0, 0); font-family: Arial; font-size: 13px; line-height: 20px; text-align: center;">\r\n	<span style="color: rgb(51, 102, 255);"><img alt="13 câu nói nổi tiếng của Steve Jobs" height="414" src="http://media.meta.com.vn/photos/image/042014/17/Steve-Jobs7.jpg" style="max-width: 640px; margin: 5px;" title="13 câu nói nổi tiếng của Steve Jobs" width="600" /><br />\r\n	&quot;T&ocirc;i thấy tự h&agrave;o về những điều ch&uacute;ng t&ocirc;i chưa l&agrave;m cũng như đ&atilde; l&agrave;m. S&aacute;ng tạo c&oacute; nghĩa l&agrave; n&oacute;i &#39;kh&ocirc;ng&#39; với h&agrave;ng ngh&igrave;n thứ&quot;.</span></p>\r\n<p style="margin: 10px 0px; padding: 0px; color: rgb(0, 0, 0); font-family: Arial; font-size: 13px; line-height: 20px; text-align: center;">\r\n	<span style="color: rgb(51, 102, 255);"><img alt="13 câu nói nổi tiếng của Steve Jobs" height="394" src="http://media.meta.com.vn/photos/image/042014/17/Steve-Jobs8.jpg" style="max-width: 640px; margin: 5px;" title="13 câu nói nổi tiếng của Steve Jobs" width="600" /><br />\r\n	&quot;T&ocirc;i nghĩ rằng nếu bạn l&agrave;m được điều g&igrave; đ&oacute; tuyệt vời, đừng sống với cảm x&uacute;c đ&oacute; qu&aacute; l&acirc;u. H&atilde;y tiếp tục nghĩ đến những việc cần l&agrave;m tiếp theo&quot;.</span></p>\r\n<p style="margin: 10px 0px; padding: 0px; color: rgb(0, 0, 0); font-family: Arial; font-size: 13px; line-height: 20px; text-align: center;">\r\n	<span style="color: rgb(51, 102, 255);"><img alt="13 câu nói nổi tiếng của Steve Jobs" height="450" src="http://media.meta.com.vn/photos/image/042014/17/Steve-Jobs9.jpg" style="max-width: 640px; margin: 5px;" title="13 câu nói nổi tiếng của Steve Jobs" width="600" /><br />\r\n	&quot;Phải rời khỏi Apple l&agrave; điều tốt nhất từng đến với t&ocirc;i. G&aacute;nh nặng th&agrave;nh c&ocirc;ng được thay thế bằng cảm gi&aacute;c nhẹ nh&otilde;m của người mới bắt đầu. T&ocirc;i được tự do bước v&agrave;o qu&atilde;ng thời gian s&aacute;ng tạo nhất trong cuộc đời m&igrave;nh&quot;.</span></p>\r\n<p style="margin: 10px 0px; padding: 0px; color: rgb(0, 0, 0); font-family: Arial; font-size: 13px; line-height: 20px; text-align: center;">\r\n	<span style="color: rgb(51, 102, 255);"><img alt="13 câu nói nổi tiếng của Steve Jobs" height="381" src="http://media.meta.com.vn/photos/image/042014/17/Steve-Jobs10.jpg" style="max-width: 640px; margin: 5px;" title="13 câu nói nổi tiếng của Steve Jobs" width="600" /><br />\r\n	&quot;Chất lượng quan trọng hơn số lượng. Một lần home-run c&ograve;n hơn hai lần double&quot;. (Home-run v&agrave; double l&agrave; thuật ngữ trong m&ocirc;n b&oacute;ng ch&agrave;y)</span></p>\r\n<p style="margin: 10px 0px; padding: 0px; color: rgb(0, 0, 0); font-family: Arial; font-size: 13px; line-height: 20px; text-align: center;">\r\n	<span style="color: rgb(51, 102, 255);"><img alt="13 câu nói nổi tiếng của Steve Jobs" height="337" src="http://media.meta.com.vn/photos/image/042014/17/Steve-Jobs11.jpg" style="max-width: 640px; margin: 5px;" title="13 câu nói nổi tiếng của Steve Jobs" width="600" /><br />\r\n	&quot;Khi t&ocirc;i 17 tuổi, t&ocirc;i đọc một c&acirc;u &yacute; n&oacute;i l&agrave;: &#39;Nếu bạn sống mỗi ng&agrave;y như ng&agrave;y cuối trong cuộc đời, một ng&agrave;y n&agrave;o đ&oacute; bạn sẽ l&agrave;m được những điều đ&uacute;ng đắn&#39;. C&acirc;u n&oacute;i n&agrave;y &aacute;m ảnh t&ocirc;i v&agrave; kể từ đ&oacute;, trong suốt 33 năm qua, t&ocirc;i lu&ocirc;n nh&igrave;n v&agrave;o gương mỗi buổi s&aacute;ng v&agrave; tự hỏi: &#39;Nếu h&ocirc;m nay l&agrave; ng&agrave;y cuối trong đời m&igrave;nh, liệu m&igrave;nh c&oacute; muốn l&agrave;m những việc như h&ocirc;m nay?&#39; V&agrave; li&ecirc;n tiếp l&agrave; những c&acirc;u trả lời &#39;Kh&ocirc;ng&#39;. T&ocirc;i nhận ra m&igrave;nh cần thay đổi&quot;.</span></p>\r\n<p style="margin: 10px 0px; padding: 0px; color: rgb(0, 0, 0); font-family: Arial; font-size: 13px; line-height: 20px; text-align: center;">\r\n	<span style="color: rgb(51, 102, 255);"><img alt="13 câu nói nổi tiếng của Steve Jobs" height="401" src="http://media.meta.com.vn/photos/image/042014/17/Steve-Jobs12.jpg" style="max-width: 640px; margin: 5px;" title="13 câu nói nổi tiếng của Steve Jobs" width="600" /><br />\r\n	&quot;T&ocirc;i tin rằng khoảng một nửa những g&igrave; kh&aacute;c biệt giữa doanh nh&acirc;n th&agrave;nh đạt v&agrave; kh&ocirc;ng th&agrave;nh đạt l&agrave; sự ki&ecirc;n tr&igrave; tuyệt đối&quot;.</span></p>\r\n<p style="margin: 10px 0px; padding: 0px; color: rgb(0, 0, 0); font-family: Arial; font-size: 13px; line-height: 20px; text-align: center;">\r\n	<span style="color: rgb(51, 102, 255);"><img alt="13 câu nói nổi tiếng của Steve Jobs" height="600" src="http://media.meta.com.vn/photos/image/042014/17/Steve-Jobs13.jpg" style="max-width: 640px; margin: 5px;" title="13 câu nói nổi tiếng của Steve Jobs" width="600" /><br />\r\n	&quot;T&ocirc;i muốn ph&aacute;t ra một &acirc;m thanh trong vũ trụ&quot;.</span></p>\r\n<div>\r\n	&nbsp;</div>\r\n<div style="margin: 1em auto; padding: 0px; color: rgb(0, 0, 0); font-family: Arial; font-size: 13px; line-height: 20px; text-align: justify; width: 336px;">\r\n	&nbsp;</div>\r\n', 'Theo VNE', '2014-04-19 23:49:00', 0, '13-cau-noi-noi-tieng-cua-steve-jobs-1397926168'),
(26, 'Google mua hãng sản xuất máy bay không người lái Titan Aerospace', '<p style="margin: 10px 0px; padding: 0px; color: rgb(0, 0, 0); font-family: Arial; font-size: 13px; line-height: 20px; text-align: justify;">\r\n	<strong>Google đ&atilde; mua lại Titan Aerospace - nh&agrave; sản xuất m&aacute;y bay kh&ocirc;ng người l&aacute;i hoạt động bằng năng lượng mặt trời với mục đ&iacute;ch mang truy cập Internet tới những v&ugrave;ng xa x&ocirc;i hẻo l&aacute;nh nhất của thế giới cũng như khắc phục c&aacute;c vấn đề li&ecirc;n quan kh&aacute;c m&agrave; h&atilde;ng đang gặp phải.</strong></p>\r\n<p style="margin: 10px 0px; padding: 0px; color: rgb(0, 0, 0); font-family: Arial; font-size: 13px; line-height: 20px; text-align: center;">\r\n	<img alt="Google mua hãng sản xuất máy bay không người lái Titan Aerospace" height="399" src="http://media.meta.com.vn/photos/image/042014/15/Google1.jpg" style="max-width: 640px; margin: 5px;" title="Google mua hãng sản xuất máy bay không người lái Titan Aerospace" width="600" /></p>\r\n<p style="margin: 10px 0px; padding: 0px; color: rgb(0, 0, 0); font-family: Arial; font-size: 13px; line-height: 20px; text-align: justify;">\r\n	C&aacute;c điều khoản về t&agrave;i ch&iacute;nh li&ecirc;n quan tới thương vụ n&agrave;y kh&ocirc;ng được tiết lộ nhưng Google đ&atilde; th&ocirc;ng b&aacute;o v&agrave;o h&ocirc;m qua rằng những chiếc vệ tinh kh&iacute; quyển hiện đang được Titan ph&aacute;t triển sẽ được Google sử dụng cho c&aacute;c mục đ&iacute;ch cứu trợ thảm họa cũng như truy nhập v&agrave;o c&aacute;c v&ugrave;ng m&ocirc;i trường bị &ocirc; nhiễm. Hiện những chiếc vệ tinh loại n&agrave;y vẫn đang trong qu&aacute; tr&igrave;nh nghi&ecirc;n cứu v&agrave; chưa r&otilde; bao giờ sẽ c&oacute; thể được thương mại h&oacute;a. Ch&uacute;ng c&oacute; khả năng tồn tại tr&ecirc;n kh&ocirc;ng tới 5 năm m&agrave; kh&ocirc;ng cần phải sạc điện hay bảo dưỡng.</p>\r\n<p style="margin: 10px 0px; padding: 0px; color: rgb(0, 0, 0); font-family: Arial; font-size: 13px; line-height: 20px; text-align: justify;">\r\n	<a href="http://www.quantrimang.com.vn/facebook-muon-mua-lai-cong-ty-san-xuat-may-bay-khong-nguoi-lai-108012" style="color: rgb(51, 102, 255); text-decoration: none;" title="Facebook muốn mua lại công ty sản xuất máy bay không người lái">Facebook v&agrave;o đầu năm nay cũng đ&atilde; đ&agrave;m ph&aacute;n để mua Titan Aerospace</a>&nbsp;nhưng cuối c&ugrave;ng họ lại &quot;th&ocirc;n t&iacute;nh&quot; c&ocirc;ng ty sản xuất m&aacute;y bay kh&ocirc;ng người l&aacute;i Ascenta (UK). Cả Google v&agrave; Facebook đều đang thực hiện c&aacute;c dự &aacute;n đầy tham vọng l&agrave; mang Internet tới tất cả mọi nơi tr&ecirc;n thế giới. Hiện tại,&nbsp;<a href="http://www.quantrimang.com.vn/google-tiet-lo-them-ve-du-an-dung-bong-bong-phat-wifi-101726" style="color: rgb(51, 102, 255); text-decoration: none;" title="Google tiết lộ thêm về dự án &quot;dùng bong bóng phát WiFi&quot;">dự &aacute;n Project Loon của Google</a>&nbsp;đ&atilde; đưa những quả b&oacute;ng bay khổng lồ được trang bị c&aacute;c ăng ten truyền ph&aacute;t Internet l&ecirc;n kh&ocirc;ng trung (tầng b&igrave;nh lưu của Tr&aacute;i Đất). Ch&uacute;ng ta h&atilde;y c&ugrave;ng theo d&otilde;i hai &quot;&ocirc;ng lớn&quot; n&agrave;y chạy đua v&agrave; c&ugrave;ng chờ đợi tới một ng&agrave;y m&agrave; Internet thực sự c&oacute; thể kết nối mọi người ở bất cứ đ&acirc;u tr&ecirc;n thế giới.</p>\r\n<div>\r\n	&nbsp;</div>\r\n<div style="margin: 1em auto; padding: 0px; color: rgb(0, 0, 0); font-family: Arial; font-size: 13px; line-height: 20px; text-align: justify; width: 336px;">\r\n	&nbsp;</div>\r\n', 'Theo Techrum', '0000-00-00 00:00:00', 0, 'google-mua-hang-san-xuat-may-bay-khong-nguoi-lai-titan-aerospace-1397926223'),
(27, 'HP Việt Nam đứng đầu thị trường các sản phẩm lưu trữ ngoài năm 2013', '<p style="margin: 10px 0px; padding: 0px; color: rgb(0, 0, 0); font-family: Arial; font-size: 13px; line-height: 20px; text-align: justify;">\r\n	<strong>Theo b&aacute;o c&aacute;o số liệu IDC Ch&acirc;u &Aacute; Th&aacute;i B&igrave;nh Dương th&aacute;ng 3/2014, HP đang&nbsp;<a href="http://sohoa.vnexpress.net/tin-tuc/doi-song-so/hp-dung-dau-thi-truong-luu-tru-ngoai-tai-viet-nam-quy-ii-2895099.html" style="color: rgb(51, 102, 255); text-decoration: none;" target="_blank">dẫn đầu thị trường lưu trữ ngo&agrave;i</a>&nbsp;(External Disk Storage) trong 3 qu&yacute; li&ecirc;n tiếp, chiếm 42% thị phần t&iacute;nh theo doanh số xuất xưởng trong qu&yacute; IV năm 2013 tại Việt Nam.</strong></p>\r\n<p style="margin: 10px 0px; padding: 0px; color: rgb(0, 0, 0); font-family: Arial; font-size: 13px; line-height: 20px; text-align: justify;">\r\n	Với kết quả n&agrave;y, HP Việt Nam cũng giữ vững vị tr&iacute; số 1 trong thị trường sản phẩm lưu trữ n&oacute;i chung, chiếm 32% thị phần t&iacute;nh cho to&agrave;n năm 2013. (*)</p>\r\n<p style="margin: 10px 0px; padding: 0px; color: rgb(0, 0, 0); font-family: Arial; font-size: 13px; line-height: 20px; text-align: center;">\r\n	<img alt="HP Việt Nam đứng đầu thị trường các sản phẩm lưu trữ ngoài năm 2013" height="253" src="http://media.meta.com.vn/photos/image/042014/11/HP.jpg" style="max-width: 640px; margin: 5px;" title="HP Việt Nam đứng đầu thị trường các sản phẩm lưu trữ ngoài năm 2013" width="450" /></p>\r\n<p style="margin: 10px 0px; padding: 0px; color: rgb(0, 0, 0); font-family: Arial; font-size: 13px; line-height: 20px; text-align: justify;">\r\n	Để c&oacute; được những th&agrave;nh t&iacute;ch như tr&ecirc;n, b&ecirc;n cạnh việc đ&oacute;n nhận những t&iacute;n hiệu t&iacute;ch cực từ sự đầu tư của c&aacute;c c&ocirc;ng ty cho cho hệ thống lưu trữ ngo&agrave;i n&oacute;i ri&ecirc;ng v&agrave; cơ sở hạ tầng lưu trữ n&oacute;i chung, th&igrave; từ th&aacute;ng 12/2012 đến những th&aacute;ng cuối năm 2013 vừa qua, HP đ&atilde; giới thiệu h&agrave;ng loạt c&aacute;c giải ph&aacute;p v&agrave; sản phẩm lưu trữ phần cứng, phần mềm thế hệ mới từ thấp đến cao ph&ugrave; hợp với mọi nhu cầu lưu trữ của kh&aacute;ch h&agrave;ng. C&aacute;c sản phẩm lưu trữ thế hệ mới n&agrave;y đ&atilde; được giới thiệu v&agrave; đang được sử dụng tại rất nhiều trung t&acirc;m dữ liệu lớn trong nước v&agrave; cả tr&ecirc;n thế giới như HP StoreServ 3PAR, HP StoreOnce (Disk to Disk Storage), HP StoreAll (HyperScale NAS, File/Object Storage), HP StoreVirtual (ScaleOut Storage), Software Defined Storage, HP StoreEasy (NAS) , StoreEver (Tape),...</p>\r\n<p style="margin: 10px 0px; padding: 0px; color: rgb(0, 0, 0); font-family: Arial; font-size: 13px; line-height: 20px; text-align: justify;">\r\n	Th&ocirc;ng tin chi tiết c&aacute;c giải ph&aacute;p lưu trữ của HP xem&nbsp;<a href="http://www8.hp.com/us/en/products/data-storage/converged-storage.html" style="color: rgb(51, 102, 255); text-decoration: none;" target="_blank">tại đ&acirc;y</a>, liện kết với&nbsp;<a href="https://www.facebook.com/HPVietnamStorageDivision" style="color: rgb(51, 102, 255); text-decoration: none;" target="_blank">Facebook của HP Storage Việt Nam</a>.</p>\r\n<p style="margin: 10px 0px; padding: 0px; color: rgb(0, 0, 0); font-family: Arial; font-size: 13px; line-height: 20px; text-align: justify;">\r\n	<strong>(*) Nguồn:</strong>&nbsp;<em>Tr&iacute;ch số liệu Theo d&otilde;i Thị trường lưu trữ ngo&agrave;i Khu vực Ch&acirc;u &Aacute; Th&aacute;i B&igrave;nh Dương trong qu&yacute; IV năm 2013 của Tập đo&agrave;n Dữ liệu Quốc tế IDC c&ocirc;ng bố th&aacute;ng 3 năm 2014 (IDC&rsquo;s Asia/Pacific Quarterly External Disk Storage Systems Tracker, Q4 2013, May March 2014).</em></p>\r\n<div>\r\n	&nbsp;</div>\r\n', 'Theo HP', '2014-04-19 23:51:00', 0, 'hp-viet-nam-dung-dau-thi-truong-cac-san-pham-luu-tru-ngoai-nam-2013-1397926276'),
(28, 'Yahoo lên kế hoạch "hất cẳng" Google', '<p style="margin: 10px 0px; padding: 0px; color: rgb(0, 0, 0); font-family: Arial; font-size: 13px; line-height: 20px; text-align: justify;">\r\n	<strong><span style="color: rgb(51, 51, 51);">Nữ gi&aacute;m đốc điều h&agrave;nh Yahoo Marissa Mayer đang l&ecirc;n kế hoạch thuyết phục Apple sử dụng Yahoo l&agrave;m c&ocirc;ng cụ t&igrave;m kiếm mặc định tr&ecirc;n c&aacute;c thiết bị &ldquo;quả t&aacute;o&rdquo; thay v&igrave; Google, trang Recode.net đưa tin.</span></strong></p>\r\n<p style="margin: 10px 0px; padding: 0px; color: rgb(0, 0, 0); font-family: Arial; font-size: 13px; line-height: 20px; text-align: center;">\r\n	<img alt="Yahoo lên kế hoạch &quot;hất cẳng&quot; Google" height="375" src="http://media.meta.com.vn/photos/image/042014/18/Yahoo-1.jpg" style="max-width: 640px; margin: 5px;" title="Kế hoạch hất cẳng google của yahoo" width="500" /><br />\r\n	<span style="color: rgb(51, 102, 255);">Yahoo thuyết phục Apple sử dụng Yahoo l&agrave;m c&ocirc;ng cụ t&igrave;m kiếm</span></p>\r\n<p style="margin: 10px 0px; padding: 0px; color: rgb(0, 0, 0); font-family: Arial; font-size: 13px; line-height: 20px; text-align: justify;">\r\n	<em>Reuters</em>&nbsp;ng&agrave;y 16.4 dẫn bản tin tr&ecirc;n Recode.net cho biết, &ocirc;ng&nbsp;<em>Adam Cahan</em>, Ph&oacute; chủ tịch cao cấp phụ tr&aacute;ch mảng c&aacute;c sản phẩm di động v&agrave; chiến lược tại Yahoo cũng đang tham gia kế hoạch n&oacute;i tr&ecirc;n.</p>\r\n<p style="margin: 10px 0px; padding: 0px; color: rgb(0, 0, 0); font-family: Arial; font-size: 13px; line-height: 20px; text-align: justify;">\r\n	Cũng theo&nbsp;<em>Reuters</em>, nữ gi&aacute;m đốc Yahoo&nbsp;<em>Marissa Mayer,</em>&nbsp;một cựu điều h&agrave;nh cao cấp tại Google, đang cố gắng t&igrave;m kiếm sự hậu thuẫn từ ph&iacute;a c&aacute;c nh&agrave; điều h&agrave;nh tại Apple, trong đ&oacute; c&oacute; người bạn l&acirc;u năm của b&agrave; n&agrave;y l&agrave; thiết kế trưởng Jonathan Ive.</p>\r\n<p style="margin: 10px 0px; padding: 0px; color: rgb(0, 0, 0); font-family: Arial; font-size: 13px; line-height: 20px; text-align: justify;">\r\n	Tuy nhi&ecirc;n, theo&nbsp;<em>Recode.net</em>, để thực hiện giấc mơ d&agrave;i hạn n&agrave;y, trước ti&ecirc;n Yahoo cần tạo ra một c&ocirc;ng cụ t&igrave;m kiếm hiệu quả hơn cũng như ổn định nguồn t&agrave;i ch&iacute;nh, v&agrave; mọi thứ dường như sẽ trở n&ecirc;n dễ d&agrave;ng hơn với Yahoo khi đối t&aacute;c&nbsp;<em>Alibaba</em>&nbsp;- nơi Yahoo đang giữ một tỷ lệ đ&aacute;ng kể cổ phần - trở th&agrave;nh c&ocirc;ng ty đại ch&uacute;ng v&agrave;o cuối năm nay.</p>\r\n', 'Theo TNO', '2014-04-19 23:57:00', 0, 'yahoo-len-ke-hoach-hat-cang-google-1397926641'),
(29, '9 công ty từng muốn sát nhập Facebook nhưng không thành', '<p style="margin: 10px 0px; padding: 0px; text-align: justify;">\r\n	<strong>Trong cuốn &ldquo;Hiệu ứng Facebook&rdquo; của bi&ecirc;n tập vi&ecirc;n tờ Fortune &ndash; David Kirkpatrick, t&aacute;c giả đ&atilde; đưa đến cho người đọc những c&acirc;u chuyện về mạng x&atilde; hội lớn nhất h&agrave;nh tinh: từ việc s&aacute;ng lập cho tới phương ph&aacute;p hoạt động của h&atilde;ng.</strong>&nbsp;Kh&ocirc;ng những vậy, &ocirc;ng cũng chỉ ra rằng, Facebook kh&ocirc;ng chỉ phổ biến với hơn 1,3 tỷ người d&ugrave;ng m&agrave; c&ograve;n nổi tiếng trong thị trường s&aacute;t nhập khi c&oacute; h&agrave;ng t&aacute; c&aacute;i t&ecirc;n lớn từng nhăm nhe &ldquo;đem Facebook về l&agrave;m của ri&ecirc;ng&rdquo;.</p>\r\n<p style="margin: 10px 0px; padding: 0px; text-align: justify;">\r\n	Sau 4 th&aacute;ng ch&iacute;nh thức đưa v&agrave;o hoạt động, c&aacute;c nh&agrave; đầu tư cũng như l&atilde;nh đạo của c&aacute;c tập đo&agrave;n c&ocirc;ng nghệ lớn đ&atilde; &ldquo;ngỏ lời&rdquo; với CEO Mark Zuckerberg c&ugrave;ng c&aacute;c th&agrave;nh vi&ecirc;n s&aacute;ng lập b&aacute;n lại c&ocirc;ng ty cho họ. Mặc d&ugrave; nhiều người trong số họ bị từ chối thẳng thừng nhưng vẫn c&oacute; một số c&aacute; nh&acirc;n kh&aacute;c đ&atilde; đến gần với thỏa thuận. V&agrave; dưới đ&acirc;y l&agrave; những c&aacute;i t&ecirc;n đ&oacute;:</p>\r\n<h2 style="font-size: 13px; margin-top: 15px; line-height: 19px; color: rgb(0, 0, 255); text-align: justify;">\r\n	1. Một chuy&ecirc;n gia t&agrave;i ch&iacute;nh ở th&agrave;nh phố NewYork đề xuất c&aacute;i gi&aacute; 10 triệu USD</h2>\r\n<p style="margin: 10px 0px; padding: 0px; text-align: justify;">\r\n	TheFacebook.com, tiền th&acirc;n của Facebook ng&agrave;y nay ch&iacute;nh thức &ldquo;phủ s&oacute;ng&rdquo; v&agrave;o th&aacute;ng 2 năm 2004. Chỉ sau 4 th&aacute;ng hoạt động v&agrave; trước khi c&oacute; vốn đầu tư b&ecirc;n ngo&agrave;i, CEO 20 tuổi Mark Zuckerberg đ&atilde; nhận được lời đề nghị mua lại trang web với gi&aacute; 10 triệu USD từ một chuy&ecirc;n gia t&agrave;i ch&iacute;nh ở New York. Tuy nhi&ecirc;n, theo Kirkpatrick, Zuckerberg chưa bao giờ nghi&ecirc;m t&uacute;c suy nghĩ về đề xuất n&agrave;y.</p>\r\n<p style="margin: 10px 0px; padding: 0px; text-align: center;">\r\n	<img alt="9 công ty từng muốn sát nhập Facebook nhưng không thành" height="438" src="http://media.meta.com.vn/photos/image/042014/17/facebook1.jpg" style="max-width: 640px; margin: 5px;" title="Giao diện ban đầu của TheFacebook - tiền thân của Facebook ngày nay" width="600" /><br />\r\n	<span style="color: rgb(51, 102, 255);">Giao diện ban đầu của TheFacebook - tiền th&acirc;n của Facebook ng&agrave;y nay</span></p>\r\n<h2 style="font-size: 13px; margin-top: 15px; line-height: 19px; color: rgb(0, 0, 255); text-align: justify;">\r\n	2. Friendster</h2>\r\n<p style="margin: 10px 0px; padding: 0px; text-align: justify;">\r\n	Một trong những c&ocirc;ng ty đầu ti&ecirc;n muốn mua lại Facebook l&agrave; Friendster. Cựu gi&aacute;m đốc của Friendster &ndash; Jim Scheinman từng trả lời tr&ecirc;n tờ VentureBeat v&agrave;o năm 2007 rằng:</p>\r\n<p style="margin: 10px 0px; padding: 0px; text-align: justify;">\r\n	<em>&ldquo;T&ocirc;i t&igrave;m thấy một c&ocirc;ng ty nhỏ trong khu&ocirc;n vi&ecirc;n Havard v&agrave; ch&uacute;ng t&ocirc;i đ&atilde; gần l&agrave;m chủ được n&oacute;. Một startup v&ocirc; danh kh&ocirc;ng ai từng nghe về n&oacute;, một c&ocirc;ng ty với c&aacute;i t&ecirc;n TheFacebook.&rdquo;</em></p>\r\n<h2 style="font-size: 13px; margin-top: 15px; line-height: 19px; color: rgb(0, 0, 255); text-align: justify;">\r\n	3. Google</h2>\r\n<p style="margin: 10px 0px; padding: 0px; text-align: justify;">\r\n	V&agrave;o m&ugrave;a h&egrave; năm 2004, Zuckerberg v&agrave; c&aacute;c bạn c&ugrave;ng ph&ograve;ng của m&igrave;nh trong k&iacute; t&uacute;c x&aacute; Havard đ&atilde; thu&ecirc; một căn hộ tr&ecirc;n đồi Palo Alto, California. Điều n&agrave;y diễn ra trước khi&nbsp;<em>&ldquo;bộ đ&ocirc;i s&aacute;ng lập Google đến thảo luận xem liệu họ c&oacute; thể hợp t&aacute;c hoặc mua lại TheFacebook,&rdquo;</em>&nbsp;Kirkpatrick cho biết.</p>\r\n<p style="margin: 10px 0px; padding: 0px; text-align: center;">\r\n	<img alt="9 công ty từng muốn sát nhập Facebook nhưng không thành" height="450" src="http://media.meta.com.vn/photos/image/042014/17/facebook2.jpg" style="max-width: 640px; margin: 5px;" title="Đồng sáng lập của Google - Larry Page" width="600" /><br />\r\n	<span style="color: rgb(51, 102, 255);">Đồng s&aacute;ng lập của Google - Larry Page</span></p>\r\n<p style="margin: 10px 0px; padding: 0px; text-align: justify;">\r\n	Cuộc gặp gỡ n&agrave;y đ&atilde; kh&ocirc;ng thu lại kết quả g&igrave; v&agrave; n&oacute; lại tiếp tục được lặp lại v&agrave;o m&ugrave;a thu năm 2007. Khi đ&oacute;, chuy&ecirc;n vi&ecirc;n quảng c&aacute;o của Google &ndash; Tim Amstrong đ&atilde; cố gắng thuyết phục ban gi&aacute;m đốc c&ocirc;ng ty cho ph&eacute;p Google quảng b&aacute; h&igrave;nh ảnh Facebook tr&ecirc;n trường quốc tế.</p>\r\n<p style="margin: 10px 0px; padding: 0px; text-align: justify;">\r\n	<em>&ldquo;Ban gi&aacute;m đốc cũng đ&atilde; b&agrave;n bạc tới chuyện mua b&aacute;n [Facebook] nếu n&oacute; c&oacute; gi&aacute; hợp l&iacute;.&rdquo;</em>&nbsp;Tuy nhi&ecirc;n, thỏa thuận tr&ecirc;n của Google chưa từng được thực hiện trừ đề xuất t&aacute;i cấu tr&uacute;c c&ocirc;ng ty của Mark Zuckerberg với gi&aacute; 15 tỷ USD.</p>\r\n<h2 style="font-size: 13px; margin-top: 15px; line-height: 19px; color: rgb(0, 0, 255); text-align: justify;">\r\n	4. Tập đo&agrave;n truyền th&ocirc;ng Mỹ - Viacom (Video&amp; Audio Communication)</h2>\r\n<p style="margin: 10px 0px; padding: 0px; text-align: justify;">\r\n	V&agrave;o m&ugrave;a xu&acirc;n năm 2005, tờ Washington Post đ&atilde; c&oacute; cuộc phỏng vấn với TheFacebook về một cơ hội đầu tư mới. Khi đ&oacute;, Viacom ra gi&aacute; 75 triệu USD mua lại c&ocirc;ng ty c&ugrave;ng điều kiện Zuckerberg sẽ được trả trước một nửa số tiền.</p>\r\n<p style="margin: 10px 0px; padding: 0px; text-align: justify;">\r\n	Nguy&ecirc;n nh&acirc;n l&yacute; giải cho động th&aacute;i n&agrave;y của Viacom ch&iacute;nh l&agrave; do lượng người xem của k&ecirc;nh &acirc;m nhạc MTV thường xuy&ecirc;n truy cập v&agrave;o website của Facebook ng&agrave;y c&agrave;ng gia tăng. Khi Zuckerberg bay tới New York để gặp gỡ CEO của h&atilde;ng truyền th&ocirc;ng &ndash; Tom Freston, &ocirc;ng đ&atilde; chỉ ra cho vị gi&aacute;m đốc trẻ thấy những tiềm năng khi kết hợp giữa MTV c&ugrave;ng Facebook nhưng anh lại kh&ocirc;ng tỏ ra th&iacute;ch th&uacute; với viễn cảnh tr&ecirc;n v&agrave; chỉ đến gặp &ocirc;ng &ldquo;với t&iacute;nh chất x&atilde; giao&rdquo;.</p>\r\n<p style="margin: 10px 0px; padding: 0px; text-align: center;">\r\n	<img alt="9 công ty từng muốn sát nhập Facebook nhưng không thành" height="392" src="http://media.meta.com.vn/photos/image/042014/17/facebook3.jpg" style="max-width: 640px; margin: 5px;" title="CEO của tập đoàn truyền thông Viacom - Tom Freston" width="600" /><br />\r\n	<span style="color: rgb(51, 102, 255);">CEO của tập đo&agrave;n truyền th&ocirc;ng Viacom - Tom Freston</span></p>\r\n<p style="margin: 10px 0px; padding: 0px; text-align: justify;">\r\n	V&agrave;o đầu năm 2006, gi&aacute;m đốc điều h&agrave;nh của c&ocirc;ng ty giải tr&iacute; v&agrave; truyền h&igrave;nh c&aacute;p MTV Networks (một nh&aacute;nh của Viacom v&agrave; cũng l&agrave; c&ocirc;ng ty sản xuất k&ecirc;nh MTV) &ndash; Micheal Wolf đ&atilde; gh&eacute; thăm Facebook một lần nữa. Tuy nhi&ecirc;n, CEO của h&atilde;ng n&oacute;i với Wolf rằng c&ocirc;ng ty của anh c&oacute; khả năng đ&atilde; đạt mức 2 tỷ USD gi&aacute; trị thị trường. V&agrave;i tuần sau đ&oacute;, Viacom gửi tới Facebook đề xuất về 1,5 tỷ USD với 800 triệu USD trả trước bằng tiền mặt v&agrave; phần c&ograve;n lại sẽ được chuyển khoản sau.</p>\r\n<p style="margin: 10px 0px; padding: 0px; text-align: justify;">\r\n	Khi đ&oacute;, Facebook gần như đ&atilde; xu&ocirc;i theo thỏa thuận nhưng h&atilde;ng vẫn ra điều kiện gia tăng khoản tiền trả trước. Tuy nhi&ecirc;n, gi&aacute;m đốc t&agrave;i ch&iacute;nh của Viacom lại kh&ocirc;ng đảm bảo về việc phải đặt trước qu&aacute; nhiều tiền đối với một c&ocirc;ng ty lợi nhuận chưa lớn v&agrave;o thời điểm đ&oacute;. Do đ&oacute;, hai b&ecirc;n kh&ocirc;ng c&oacute; được tiếng n&oacute;i chung v&agrave; Viacom kh&ocirc;ng bao giờ trở lại.</p>\r\n<h2 style="font-size: 13px; margin-top: 15px; line-height: 19px; color: rgb(0, 0, 255); text-align: justify;">\r\n	5. MySpace</h2>\r\n<p style="margin: 10px 0px; padding: 0px; text-align: justify;">\r\n	V&agrave;o đầu năm 2005, CEO của MySpace &ndash; Chris Dewolfe đ&atilde; tới gặp Zuckerberg c&ugrave;ng c&aacute;c đồng sự nhằm &ldquo;gợi &yacute; về khả năng sẽ mua lại TheFacebook.&rdquo; Mặc d&ugrave; Zuckerberg, Sean Parker c&ugrave;ng cố vấn Matt Cohler hẹn gặp DeWolfe &ldquo;nhưng chỉ v&igrave; họ nghĩ anh ta l&agrave; một người th&uacute; vị v&agrave; họ cũng t&ograve; m&ograve; về MySpace.&rdquo;</p>\r\n<p style="margin: 10px 0px; padding: 0px; text-align: center;">\r\n	<img alt="9 công ty từng muốn sát nhập Facebook nhưng không thành" height="399" src="http://media.meta.com.vn/photos/image/042014/17/facebook4.jpg" style="max-width: 640px; margin: 5px;" title="CEO MySpace - Chris Dewolfe" width="600" /><br />\r\n	<span style="color: rgb(51, 102, 255);">CEO MySpace - Chris Dewolfe</span></p>\r\n<p style="margin: 10px 0px; padding: 0px; text-align: justify;">\r\n	Trong cuộc gặp gỡ giữa hai b&ecirc;n, Zuckerber hỏi DeWolfe liệu MySpace c&oacute; thể mua Facebook với gi&aacute; 75 triệu USD. Nhưng CEO của MySpace n&oacute;i kh&ocirc;ng. Khi họ lại ngồi v&agrave;o b&agrave;n đ&agrave;m ph&aacute;n v&agrave;o một khoảng thời gian kh&aacute;c trong năm, Zuckerberg đ&atilde; n&acirc;ng mức gi&aacute; l&ecirc;n gấp 10 lần v&agrave; c&acirc;u trả lời vẫn l&agrave;&hellip; kh&ocirc;ng.</p>\r\n<h2 style="font-size: 13px; margin-top: 15px; line-height: 19px; color: rgb(0, 0, 255); text-align: justify;">\r\n	6. NewsCorp, c&ocirc;ng ty mẹ của MySpace</h2>\r\n<p style="margin: 10px 0px; padding: 0px; text-align: justify;">\r\n	V&agrave;o th&aacute;ng 1 năm 2006, gi&aacute;m đốc của News Corp l&uacute;c bấy giờ, Ross Levinsohn đ&atilde; tới gặp CEO của Facebook c&ugrave;ng cố vấn cấp cao Matt Cohler ở Los Angeles. Levinsohn muốn mua lại TheFacebook nhưng &ocirc;ng lại lo ngại về khả năng kh&ocirc;ng thể tiếp tục ph&aacute;t triển trang web.</p>\r\n<p style="margin: 10px 0px; padding: 0px; text-align: center;">\r\n	<img alt="9 công ty từng muốn sát nhập Facebook nhưng không thành" height="300" src="http://media.meta.com.vn/photos/image/042014/17/facebook5.jpg" style="max-width: 640px; margin: 5px;" title="Cựu giám đốc News Corp. Ross Levinsohn" width="495" /><br />\r\n	<span style="color: rgb(51, 102, 255);">Cựu gi&aacute;m đốc News Corp. Ross Levinsohn</span></p>\r\n<p style="margin: 10px 0px; padding: 0px; text-align: justify;">\r\n	Khi đ&oacute;, Mark nhận x&eacute;t:<em>&nbsp;&ldquo;Đ&oacute; l&agrave; sự kh&aacute;c biệt giữa một c&ocirc;ng ty c&oacute; trụ sở ở Los Angeles với một c&ocirc;ng ty thuộc thung lũng Silicon. Ch&uacute;ng t&ocirc;i x&acirc;y dựng n&oacute; để duy tr&igrave; nhưng những g&atilde; [ở MySpace] đ&oacute; lại kh&ocirc;ng c&oacute; khả năng đ&oacute;.&rdquo;</em></p>\r\n<h2 style="font-size: 13px; margin-top: 15px; line-height: 19px; color: rgb(0, 0, 255); text-align: justify;">\r\n	7. Yahoo</h2>\r\n<p style="margin: 10px 0px; padding: 0px; text-align: justify;">\r\n	V&agrave;o m&ugrave;a h&egrave; năm 2006, Yahoo quyết định mua lại Facebook với c&aacute;i gi&aacute; 1 tỷ USD. Khi đ&oacute;, c&aacute;c nh&agrave; đầu tư c&ugrave;ng nhiều l&atilde;nh đạo cấp cao của h&atilde;ng đ&atilde; ngỏ &yacute; muốn b&aacute;n nhưng Facebook lại đang chuẩn bị giới thiệu trang tin News Feed. Theo dự đo&aacute;n của Zuckerberg, nếu t&iacute;nh năng hiển thị tin tức n&agrave;y của anh hoạt động tốt, c&ocirc;ng ty sẽ c&oacute; gi&aacute; hơn 1 tỷ USD.</p>\r\n<p style="margin: 10px 0px; padding: 0px; text-align: center;">\r\n	<img alt="9 công ty từng muốn sát nhập Facebook nhưng không thành" height="400" src="http://media.meta.com.vn/photos/image/042014/17/facebook6.jpg" style="max-width: 640px; margin: 5px;" title="Yahoo cũng từng nhăm nhe mua lại Facebook" width="600" /><br />\r\n	<span style="color: rgb(51, 102, 255);">Yahoo cũng từng nhăm nhe mua lại Facebook</span></p>\r\n<p style="margin: 10px 0px; padding: 0px; text-align: justify;">\r\n	Tiếp đ&oacute;, ngay sau b&aacute;o c&aacute;o qu&yacute; II đầy thảm hại của m&igrave;nh, Yahoo hạ mức gi&aacute; đề xuất của m&igrave;nh xuống c&ograve;n 850 triệu USD v&agrave; ban gi&aacute;m đốc của Facebook chỉ mất 10 ph&uacute;t để từ chối c&aacute;i gi&aacute; tr&ecirc;n. Sau đ&oacute; v&agrave;i th&aacute;ng, Yahoo lại tiếp tục đến v&agrave; gợi &yacute; về thỏa thuận 1 tỷ USD hoặc lớn hơn một ch&uacute;t nhưng kh&ocirc;ng may thay, Facebook khi đ&oacute; đ&atilde; mở rộng mạng lưới của m&igrave;nh đến với mọi tầng lớp d&acirc;n cư ngo&agrave;i học sinh v&agrave; sinh vi&ecirc;n. Lượng th&agrave;nh vi&ecirc;n đăng k&iacute; t&agrave;i khoản li&ecirc;n tục tăng, từ 20.000 l&ecirc;n 50.000 người/ng&agrave;y.</p>\r\n<h2 style="font-size: 13px; margin-top: 15px; line-height: 19px; color: rgb(0, 0, 255); text-align: justify;">\r\n	8. C&ocirc;ng ty cung cấp dịch vụ Internet AOL (American Online)</h2>\r\n<p style="margin: 10px 0px; padding: 0px; text-align: justify;">\r\n	V&agrave;o giữa năm 2006, CEO AOL l&agrave; Jonathan Miller quyết định mua lại Facebook. Để chuẩn bị cho thương vụ n&agrave;y, &ocirc;ng đ&atilde; đưa ra một kế hoạch c&oacute; t&iacute;nh khả thi cao khi thuyết phục CEO của tập đo&agrave;n Time &ndash; Anne Moore tham gia trước khi &ocirc;ng s&aacute;t nhập h&atilde;ng với c&ocirc;ng ty mẹ - Time Warner.</p>\r\n<p style="margin: 10px 0px; padding: 0px; text-align: center;">\r\n	<img alt="9 công ty từng muốn sát nhập Facebook nhưng không thành" height="479" src="http://media.meta.com.vn/photos/image/042014/17/facebook7.jpg" style="max-width: 640px; margin: 5px;" title="CEO Jonathan Miller của AOL" width="600" /><br />\r\n	<span style="color: rgb(51, 102, 255);">CEO Jonathan Miller của AOL</span></p>\r\n<p style="margin: 10px 0px; padding: 0px; text-align: justify;">\r\n	Khi đ&oacute;, &ocirc;ng đ&atilde; b&aacute;n MapQuest v&agrave; Tegic, tập đo&agrave;n Time b&aacute;n IPC để thu về 1 tỷ USD. Tuy nhi&ecirc;n, CEO của Time Warner &ndash; Jeff Bewkes lại kh&ocirc;ng h&agrave;i l&ograve;ng với &yacute; tưởng n&agrave;y. Dĩ nhi&ecirc;n, kế hoạch tr&ecirc;n cũng kh&ocirc;ng được thực hiện trọn vẹn.</p>\r\n<h2 style="font-size: 13px; margin-top: 15px; line-height: 19px; color: rgb(0, 0, 255); text-align: justify;">\r\n	9. Microsoft</h2>\r\n<p style="margin: 10px 0px; padding: 0px; text-align: justify;">\r\n	V&agrave;o năm 2007, CEO của Microsoft hỏi Mark:<em>&nbsp;&ldquo;Tại sao ch&uacute;ng t&ocirc;i kh&ocirc;ng mua c&ocirc;ng ty của cậu với gi&aacute; 15 tỷ USD?&rdquo;</em>Để tr&aacute;nh cho Facebook rơi v&agrave;o tay c&aacute;c đối thủ như Google, Steve Ballmer đ&atilde; quyết định tham gia v&agrave;o thị trường s&aacute;t nhập. &Ocirc;ng biết Zuckerberg sẽ kh&ocirc;ng bao giờ từ bỏ Facebook một c&aacute;ch dễ d&agrave;ng n&ecirc;n &ocirc;ng t&igrave;m c&aacute;ch tiếp cận c&ocirc;ng ty nhờ v&agrave;o thương vụ Hoffman-LaRoche của Genetech.</p>\r\n<p style="margin: 10px 0px; padding: 0px; text-align: justify;">\r\n	T&aacute;c giả cuốn Hiệu ứng Facebook giải th&iacute;ch:&nbsp;<em>&ldquo;Trước ti&ecirc;n, Microsoft mua một phần cổ phần của Facebook với trị gi&aacute; 15 tỷ USD. Sau đ&oacute;, họ c&oacute; th&ecirc;m lựa chọn, cứ 6 th&aacute;ng, họ được quyền mua tiếp 5% cổ phần Facebook v&agrave; họ sẽ ho&agrave;n to&agrave;n sở hữu c&ocirc;ng ty sau 5 tới 7 năm nữa.&rdquo;</em></p>\r\n<p style="margin: 10px 0px; padding: 0px; text-align: center;">\r\n	<img alt="9 công ty từng muốn sát nhập Facebook nhưng không thành" height="376" src="http://media.meta.com.vn/photos/image/042014/17/facebook8.jpg" style="max-width: 640px; margin: 5px;" title="CEO Jonathan Miller của AOL" width="600" /><br />\r\n	<span style="color: rgb(51, 102, 255);">Microsoft c&oacute; chiến lược khống chế cổ phần nhưng cũng kh&ocirc;ng phải l&agrave; ngoại lệ</span></p>\r\n<p style="margin: 10px 0px; padding: 0px; text-align: justify;">\r\n	Tuy nhi&ecirc;n, cũng giống những tập đo&agrave;n kh&aacute;c, thương vụ tr&ecirc;n chưa bao giờ diễn ra trọn vẹn v&agrave; Microsoft chỉ nắm trong tay 1,6% cổ phần Facebook với gi&aacute; 250 triệu USD.</p>\r\n<p>\r\n	&nbsp;</p>\r\n<div style="margin: 1em auto; padding: 0px; width: 336px;">\r\n	<div id="_atssh" style="margin: 0px; padding: 0px; width: 1px; height: 1px; color: rgb(0, 0, 0); font-family: Arial; font-size: 13px; line-height: 20px; text-align: justify; visibility: hidden; position: absolute; z-index: 100000; border: 0px !important;">\r\n		<iframe id="_atssh462" src="http://s7.addthis.com/static/r07/sh156.html#iit=1397926662146&amp;tmr=load%3D1397926660535%26core%3D1397926660674%26main%3D1397926662132%26ifr%3D1397926662151&amp;cb=0&amp;cdn=0&amp;chr=UTF-8&amp;kw=Facebook%2Chi%E1%BB%87u%20%E1%BB%A9ng%20Facebook%2CDavid%20Kirkpatrick%2CCEO%20Mark%20Zuckerberg%2CFriendster%2CGoogle%2CViacom%2CMyspace%2CNewsCorp%2CMicrosoft&amp;ab=-&amp;dh=www.quantrimang.com.vn&amp;dr=http%3A%2F%2Fwww.quantrimang.com.vn%2Ftintuc&amp;du=http%3A%2F%2Fwww.quantrimang.com.vn%2F9-cong-ty-tung-muon-sat-nhap-facebook-nhung-khong-thanh-108732&amp;dt=9%20c%C3%B4ng%20ty%20t%E1%BB%ABng%20mu%E1%BB%91n%20s%C3%A1t%20nh%E1%BA%ADp%20Facebook%20nh%C6%B0ng%20kh%C3%B4ng%20th%C3%A0nh%20%7C%20Qu%E1%BA%A3n%20Tr%E1%BB%8B%20M%E1%BA%A1ng%20-%20QuanTriMang.com&amp;dbg=0&amp;md=0&amp;cap=tc%3D0%26ab%3D0&amp;inst=1&amp;vcl=2&amp;jsl=33&amp;prod=undefined&amp;lng=vi&amp;ogt=&amp;pc=men&amp;pub=&amp;ssl=0&amp;sid=5352ab040e0eb5e5&amp;srpl=1&amp;srcs=1&amp;srd=1&amp;srf=1&amp;srx=1&amp;ver=300&amp;xck=0&amp;xtr=0&amp;og=&amp;aa=0&amp;csi=undefined&amp;rev=127363&amp;ct=1&amp;xld=1&amp;xd=1" style="height: 1px; width: 1px; position: absolute; z-index: 100000; border-width: 0px; left: 0px; top: 0px;" title="AddThis utility frame"></iframe></div>\r\n</div>\r\n<div>\r\n	&nbsp;</div>\r\n', 'Theo Genk', '2014-04-19 23:58:00', 0, '9-cong-ty-tung-muon-sat-nhap-facebook-nhung-khong-thanh-1397926724');
INSERT INTO `shopc_post` (`id`, `title`, `content`, `author`, `time`, `count`, `key`) VALUES
(30, 'Khách hàng MobiFone có thể xem bảng cước qua di động', '<p style="margin: 10px 0px; padding: 0px; color: rgb(0, 0, 0); font-family: Arial; font-size: 13px; line-height: 20px; text-align: justify;">\r\n	<strong>Thay v&igrave; h&igrave;nh thức nhận c&aacute;c bảng k&ecirc; cước bằng giấy, giờ đ&acirc;y kh&aacute;ch h&agrave;ng của MobiFone c&oacute; thể đăng k&yacute; nhận bảng k&ecirc; chi tiết cước qua email hoặc qua website của MobiFone. Việc chuyển sang sang bảng k&ecirc; cước điện tử sẽ gi&uacute;p thuận lợi cho cả kh&aacute;ch h&agrave;ng v&agrave; nh&agrave; cung cấp dịch vụ.</strong></p>\r\n<h2 style="font-size: 13px; margin-top: 15px; line-height: 19px; color: rgb(0, 0, 255); font-family: Arial; text-align: justify;">\r\n	Thu&ecirc; bao MobiFone c&oacute; thể xem cước ngay tr&ecirc;n di động</h2>\r\n<p style="margin: 10px 0px; padding: 0px; color: rgb(0, 0, 0); font-family: Arial; font-size: 13px; line-height: 20px; text-align: justify;">\r\n	MobiFone vừa tuy&ecirc;n bố thay thế h&igrave;nh thức cung cấp bảng k&ecirc; chi tiết cước di động cho thu&ecirc; bao trả sau từ bản giấy chuyển sang phương thức điện tử. Động th&aacute;i n&agrave;y đem lại nhiều lợi &iacute;ch, n&acirc;ng cao chất lượng phục vụ, tăng t&iacute;nh bảo mật cho kh&aacute;ch h&agrave;ng, đồng thời hưởng ứng luật bảo vệ m&ocirc;i trường v&agrave; chủ trương ph&aacute;t triển thương mại điện tử của Nh&agrave; nước.</p>\r\n<p style="margin: 10px 0px; padding: 0px; color: rgb(0, 0, 0); font-family: Arial; font-size: 13px; line-height: 20px; text-align: center;">\r\n	<img alt="Khách hàng MobiFone có thể xem bảng cước qua di động" height="400" src="http://media.meta.com.vn/photos/image/042014/04/mobifone.jpg" style="max-width: 640px; margin: 5px;" title="Khách hàng MobiFone có thể xem bảng cước qua di động" width="600" /></p>\r\n<p style="margin: 10px 0px; padding: 0px; color: rgb(0, 0, 0); font-family: Arial; font-size: 13px; line-height: 20px; text-align: justify;">\r\n	Theo đ&oacute;, th&ocirc;ng b&aacute;o cước sử dụng h&agrave;ng th&aacute;ng được gửi cho kh&aacute;ch h&agrave;ng sẽ kh&ocirc;ng k&egrave;m bảng k&ecirc; chi tiết cước. Bảng k&ecirc; chi tiết cước sẽ được MobiFone cung cấp miễn ph&iacute; qua nhiều h&igrave;nh thức. Cụ thể, kh&aacute;ch h&agrave;ng đăng k&yacute; th&agrave;nh vi&ecirc;n webportal của MobiFone, đăng nhập v&agrave;o trang&nbsp;<a href="https://www.mobifone.com.vn/portal/vn/" style="color: rgb(51, 102, 255); text-decoration: none;" target="_blank">www.mobifone.com.vn</a>&nbsp;để xem, in, tải về m&aacute;y t&iacute;nh bảng k&ecirc; chi tiết cước trong 3 th&aacute;ng gần nhất. Với th&aacute;ng hiện tại đang sử dụng, kh&aacute;ch h&agrave;ng xem cước tạm t&iacute;nh v&agrave; chi tiết cước th&ocirc;ng qua chức năng tra cước cước ph&aacute;t sinh. Khi truy cập web để xem bảng k&ecirc; chi tiết cước, hệ thống sẽ th&ocirc;ng b&aacute;o bằng tin nhắn tới số điện thoại đang được truy cập th&ocirc;ng tin để kh&aacute;ch h&agrave;ng được biết. B&ecirc;n cạnh đ&oacute;, kh&aacute;ch h&agrave;ng đăng k&yacute; dịch vụ bằng c&aacute;ch nhắn tin theo c&uacute; ph&aacute;p<strong>&nbsp;&ldquo;DK địa chỉ email&rdquo;</strong>&nbsp;gửi tới số&nbsp;<strong>9245</strong>hoặc đăng k&yacute; tại c&aacute;c cửa h&agrave;ng giao dịch hoặc đăng k&yacute; tr&ecirc;n website của MobiFone. Sau khi đăng k&yacute; th&agrave;nh c&ocirc;ng, MobiFone sẽ gửi th&ocirc;ng b&aacute;o cước v&agrave; bảng k&ecirc; chi tiết cước h&agrave;ng th&aacute;ng tới địa chỉ email của kh&aacute;ch h&agrave;ng.</p>\r\n<p style="margin: 10px 0px; padding: 0px; color: rgb(0, 0, 0); font-family: Arial; font-size: 13px; line-height: 20px; text-align: justify;">\r\n	Ngo&agrave;i c&aacute;c h&igrave;nh thức tr&ecirc;n, MobiFone sẽ cung cấp bảng k&ecirc; chi tiết cước cho kh&aacute;ch h&agrave;ng khi kh&aacute;ch h&agrave;ng tới giao dịch tại c&aacute;c cửa h&agrave;ng của MobiFone tr&ecirc;n to&agrave;n quốc. Kh&aacute;ch h&agrave;ng sẽ được cung cấp đầy đủ c&aacute;c th&ocirc;ng tin về cước v&agrave; c&aacute;c th&ocirc;ng tin kh&aacute;c tại c&aacute;c cửa h&agrave;ng ch&iacute;nh thức của MobiFone.</p>\r\n<p style="margin: 10px 0px; padding: 0px; color: rgb(0, 0, 0); font-family: Arial; font-size: 13px; line-height: 20px; text-align: justify;">\r\n	&Ocirc;ng Nguyễn Đ&igrave;nh Chiến, Ph&oacute; Tổng Gi&aacute;m đốc MobiFone cho biết:&nbsp;<em>&ldquo;C&ugrave;ng với sự ph&aacute;t triển của x&atilde; hội, ng&agrave;nh th&ocirc;ng tin di động đ&atilde; từng bước hiện đại h&oacute;a. Trước đ&acirc;y, MobiFone đ&atilde; ti&ecirc;n phong trong việc k&iacute;ch th&iacute;ch nhu cầu thanh to&aacute;n kh&ocirc;ng d&ugrave;ng tiền mặt (trả cước qua ATM, Internet Banking) v&agrave; hiện nay ch&uacute;ng t&ocirc;i tiếp tục &aacute;p dụng phương thức sử dụng bảng k&ecirc; chi tiết cước điện tử (SMS hoặc email) thay cho bảng k&ecirc; chi tiết cước bằng giấy. Qua hoạt động n&agrave;y, kh&aacute;ch h&agrave;ng sẽ tiếp cận dễ d&agrave;ng hơn với dịch vụ tiện &iacute;ch của MobiFone mọi l&uacute;c, mọi nơi. Đặc biệt, MobiFone mong muốn chung tay c&ugrave;ng x&atilde; hội thực hiện bảo vệ m&ocirc;i trường, tr&aacute;nh l&atilde;ng ph&iacute; giấy&rdquo;.</em></p>\r\n<p style="margin: 10px 0px; padding: 0px; color: rgb(0, 0, 0); font-family: Arial; font-size: 13px; line-height: 20px; text-align: justify;">\r\n	Thực tế cho thấy, việc chuyển sang h&igrave;nh thức th&ocirc;ng b&aacute;o chi tiết cước điện tử l&agrave; một bước đi ph&ugrave; hợp trong thời đại kỹ thuật số. Nếu như trước đ&acirc;y, kh&aacute;ch h&agrave;ng trả sau thường phải chờ đến cuối kỳ cước để nhận bảng k&ecirc; chi tiết bằng giấy, th&igrave; với c&aacute;c h&igrave;nh thức điện tử tr&ecirc;n, kh&aacute;ch h&agrave;ng c&oacute; thể tra cước bất kỳ l&uacute;c n&agrave;o trong th&aacute;ng để quản l&yacute; mức chi ti&ecirc;u. Việc triển khai gửi bảng k&ecirc; chi tiết cước điện tử cũng bảo mật th&ocirc;ng tin của kh&aacute;ch h&agrave;ng hơn v&agrave; hạn chế t&igrave;nh trạng kh&aacute;ch h&agrave;ng kh&ocirc;ng nhận được c&aacute;c bảng k&ecirc; chi tiết cước v&igrave; l&yacute; do kh&aacute;ch quan như đi c&ocirc;ng t&aacute;c, đi l&agrave;m về muộn&hellip;</p>\r\n<p style="margin: 10px 0px; padding: 0px; color: rgb(0, 0, 0); font-family: Arial; font-size: 13px; line-height: 20px; text-align: justify;">\r\n	So với c&aacute;c mạng di động kh&aacute;c th&igrave; kh&aacute;ch h&agrave;ng của MobiFone c&oacute; nhiều lợi thế hơn khi nh&agrave; mạng n&agrave;y tiến h&agrave;nh th&ocirc;ng b&aacute;o chi tiết cước điện tử qua Internet bởi MobiFone l&agrave; mạng di động c&oacute; nhiều thu&ecirc; bao sử dụng Smartphone v&agrave; 3G nhất. Kết quả nghi&ecirc;n cứu thị trường của Nielsen đối với người d&ugrave;ng di động tại TP Hồ Ch&iacute; Minh cho thấy MobiFone đang l&agrave; mạng di động c&oacute; số thu&ecirc; bao sử dụng smartphone nhiều nhất trong c&aacute;c mạng di động ở tại thị trường n&agrave;y.</p>\r\n<h2 style="font-size: 13px; margin-top: 15px; line-height: 19px; color: rgb(0, 0, 255); font-family: Arial; text-align: justify;">\r\n	Nhiều tập đo&agrave;n cung cấp dịch vụ đ&atilde; chuyển sang d&ugrave;ng h&oacute;a đơn điện tử</h2>\r\n<p style="margin: 10px 0px; padding: 0px; color: rgb(0, 0, 0); font-family: Arial; font-size: 13px; line-height: 20px; text-align: justify;">\r\n	Hiện nay, c&aacute;c doanh nghiệp c&oacute; xu hướng chuyển sang sử dụng h&oacute;a đơn điện tử để thay thế cho h&oacute;a đơn giấy v&igrave; những lợi &iacute;ch của việc sử dụng h&oacute;a đơn điện tử mang lại. Sử dụng h&oacute;a đơn điện tử sẽ gi&uacute;p doanh nghiệp giảm chi ph&iacute; in, h&oacute;a đơn giấy v&agrave; chi ph&iacute; bưu điện gửi, bảo quản, lưu trữ ho&aacute; đơn... so với sử dụng ho&aacute; đơn giấy, do đ&oacute;, gi&uacute;p doanh nghiệp tiết kiệm chi ph&iacute;, n&acirc;ng cao hiệu quả sản xuất kinh doanh, tăng năng lực cạnh tranh, thuận tiện cho việc hạch to&aacute;n kế to&aacute;n, đối chiếu dữ liệu.</p>\r\n<p style="margin: 10px 0px; padding: 0px; color: rgb(0, 0, 0); font-family: Arial; font-size: 13px; line-height: 20px; text-align: justify;">\r\n	Từ năm 2012, Tập đo&agrave;n Điện lực Việt Nam triển khai h&oacute;a đơn điện tử trong hoạt động b&aacute;n điện. Thay v&igrave; nhận ho&aacute; đơn giấy như trước đ&acirc;y, c&aacute;c kh&aacute;ch h&agrave;ng sử dụng điện sau khi thanh to&aacute;n tiền điện sẽ nhận được bi&ecirc;n nhận thanh to&aacute;n (h&igrave;nh thức bi&ecirc;n nhận c&oacute; thể l&agrave; giấy hoặc điện tử). Kh&aacute;ch h&agrave;ng c&oacute; thể tra cứu, xem, tải th&ocirc;ng tin chi tiết ho&aacute; đơn tiền điện tr&ecirc;n trang web của c&ocirc;ng ty hoặc qua địa chỉ email của kh&aacute;ch h&agrave;ng. Tổng c&ocirc;ng ty H&agrave;ng kh&ocirc;ng Việt Nam triển khai h&oacute;a đơn điện tử trong hoạt động vận chuyển h&agrave;ng kh&ocirc;ng cho kh&aacute;ch h&agrave;ng được v&agrave;i năm nay v&agrave; đem lại nhiều thuận tiện cho kh&aacute;ch h&agrave;ng, tiết kiệm chi ph&iacute; v&agrave; ph&ugrave; hợp với th&ocirc;ng lệ quốc tế.</p>\r\n<p style="margin: 10px 0px; padding: 0px; color: rgb(0, 0, 0); font-family: Arial; font-size: 13px; line-height: 20px; text-align: justify;">\r\n	C&aacute;c chuy&ecirc;n gia cho rằng, c&ugrave;ng với sự ph&aacute;t triển mạnh mẽ của CNTT v&agrave; thương mại điện tử, ho&aacute; đơn điện tử đ&atilde; dần thay thế vị tr&iacute; của ho&aacute; đơn giấy trong giao dịch mua b&aacute;n h&agrave;ng ho&aacute;, dịch vụ tại nhiều nước tr&ecirc;n thế giới v&agrave; nhiều doanh nghiệp của Việt Nam sẽ sử dụng trong thời gian tới.</p>\r\n<div>\r\n	&nbsp;</div>\r\n<div style="margin: 1em auto; padding: 0px; color: rgb(0, 0, 0); font-family: Arial; font-size: 13px; line-height: 20px; text-align: justify; width: 336px;">\r\n	&nbsp;</div>\r\n', 'Theo ICTNews', '2014-04-19 23:59:00', 0, 'khach-hang-mobifone-co-the-xem-bang-cuoc-qua-di-dong-1397926796'),
(31, 'Hướng dẫn sử dụng ứng dụng Chrome Remote Desktop trên Android', '<p style="margin: 10px 0px; padding: 0px; color: rgb(0, 0, 0); font-family: Arial; font-size: 13px; line-height: 20px; text-align: justify;">\r\n	<strong><span style="color: rgb(51, 51, 51);">Ứng dụng&nbsp;<a href="http://www.download.com.vn/chrome-remote-desktop-beta/download" style="color: rgb(51, 102, 255); text-decoration: none;" target="_blank">Chrome Remote Desktop</a>&nbsp;m&agrave; Google vừa ph&aacute;t h&agrave;nh cho ph&eacute;p điều khiển m&aacute;y t&iacute;nh Windows hoặc Mac bằng thiết bị Android.</span></strong></p>\r\n<p style="margin: 10px 0px; padding: 0px; color: rgb(0, 0, 0); font-family: Arial; font-size: 13px; line-height: 20px; text-align: center;">\r\n	<img alt="Hướng dẫn sử dụng ứng dụng Chrome Remote Desktop trên Android" height="426" src="http://media.meta.com.vn/photos/image/042014/19/Windows-1.jpg" style="max-width: 640px; margin: 5px;" title="Điều khiển máy tính từ xa trên thiết bị android" width="640" /></p>\r\n<p style="margin: 10px 0px; padding: 0px; color: rgb(0, 0, 0); font-family: Arial; font-size: 13px; line-height: 20px; text-align: justify;">\r\n	Ứng dụng n&agrave;y trước đ&acirc;y đ&atilde; c&oacute; mặt tr&ecirc;n tr&igrave;nh duyệt Google Chrome th&ocirc;ng qua extension Chrome Remote Desktop. Với phi&ecirc;n bản d&agrave;nh cho Android th&igrave; người d&ugrave;ng c&aacute;c thiết bị Android cũng c&oacute; thể truy cập từ xa v&agrave;o m&aacute;y t&iacute;nh Windows hoặc Mac của họ một c&aacute;ch tiện lợi hơn.</p>\r\n<p style="margin: 10px 0px; padding: 0px; color: rgb(0, 0, 0); font-family: Arial; font-size: 13px; line-height: 20px; text-align: justify;">\r\n	Để bắt đầu, trước ti&ecirc;n bạn phải tải về v&agrave; c&agrave;i đặt tiện &iacute;ch&nbsp;<a href="http://www.download.com.vn/chrome-remote-desktop-beta/download" style="color: rgb(51, 102, 255); text-decoration: none;" target="_blank"><strong>Chrome Remote Desktop cho Google Chrome</strong></a>. Sau đ&oacute; truy cập v&agrave;o trang&nbsp;<strong>Settings</strong>&nbsp;của tiện &iacute;ch n&agrave;y.</p>\r\n<p style="margin: 10px 0px; padding: 0px; color: rgb(0, 0, 0); font-family: Arial; font-size: 13px; line-height: 20px; text-align: center;">\r\n	<img alt="Hướng dẫn sử dụng ứng dụng Chrome Remote Desktop trên Android" height="511" src="http://media.meta.com.vn/photos/image/042014/19/Windows-2.jpg" style="max-width: 640px; margin: 5px;" title="Trang Settings của Chrome Remote Desktop" width="640" /></p>\r\n<p style="margin: 10px 0px; padding: 0px; color: rgb(0, 0, 0); font-family: Arial; font-size: 13px; line-height: 20px; text-align: justify;">\r\n	Nhấn v&agrave;o&nbsp;<strong>Get Started</strong>&nbsp;v&agrave; sau đ&oacute; l&agrave;&nbsp;<strong>Enable Remote Access</strong>. Bạn sẽ được hỏi m&atilde; PIN, h&atilde;y nhập v&agrave;o m&atilde; PIN t&ugrave;y &yacute; v&agrave; ghi nhớ n&oacute;.</p>\r\n<p style="margin: 10px 0px; padding: 0px; color: rgb(0, 0, 0); font-family: Arial; font-size: 13px; line-height: 20px; text-align: center;">\r\n	<img alt="Hướng dẫn sử dụng ứng dụng Chrome Remote Desktop trên Android" height="511" src="http://media.meta.com.vn/photos/image/042014/19/Windows-3.jpg" style="max-width: 640px; margin: 5px;" title="Thiết lập mã pin của Chrome Remote Desktop" width="640" /></p>\r\n<p style="margin: 10px 0px; padding: 0px; color: rgb(0, 0, 0); font-family: Arial; font-size: 13px; line-height: 20px; text-align: justify;">\r\n	Sau đ&oacute; bạn h&atilde;y d&ugrave;ng t&agrave;i khoản Google đang sử dụng tr&ecirc;n Google Chrome để đăng nhập v&agrave;o thiết bị hoặc ứng dụng (<em>nếu được hỏi</em>). Bạn sẽ thấy được danh s&aacute;ch c&aacute;c m&aacute;y t&iacute;nh đ&atilde; được c&agrave;i đặt&nbsp;<em>Chrome Remote Desktop</em>. H&atilde;y nhấn v&agrave;o t&ecirc;n m&aacute;y t&iacute;nh m&igrave;nh cần kết nối.</p>\r\n<p style="margin: 10px 0px; padding: 0px; color: rgb(0, 0, 0); font-family: Arial; font-size: 13px; line-height: 20px; text-align: center;">\r\n	<img alt="Hướng dẫn sử dụng ứng dụng Chrome Remote Desktop trên Android" height="569" src="http://media.meta.com.vn/photos/image/042014/19/Windows-4.jpg" style="max-width: 640px; margin: 5px;" title="Danh sách các máy tính cài Chrome Remote Desktop" width="320" /></p>\r\n<p style="margin: 10px 0px; padding: 0px; color: rgb(0, 0, 0); font-family: Arial; font-size: 13px; line-height: 20px; text-align: justify;">\r\n	Một cửa sổ y&ecirc;u cầu nhập m&atilde; PIN sẽ xuất hiện, bạn h&atilde;y nhập m&atilde; PIN m&agrave; m&igrave;nh đ&atilde; thiết lập trước đ&oacute; v&agrave;o v&agrave; nhấn<strong>Connect.</strong></p>\r\n<p style="margin: 10px 0px; padding: 0px; color: rgb(0, 0, 0); font-family: Arial; font-size: 13px; line-height: 20px; text-align: center;">\r\n	<img alt="Hướng dẫn sử dụng ứng dụng Chrome Remote Desktop trên Android" height="569" src="http://media.meta.com.vn/photos/image/042014/19/Windows-5.jpg" style="max-width: 640px; margin: 5px;" title="Nhập mã pin" width="320" /></p>\r\n<p style="margin: 10px 0px; padding: 0px; color: rgb(0, 0, 0); font-family: Arial; font-size: 13px; line-height: 20px; text-align: justify;">\r\n	V&agrave; đ&acirc;y l&agrave; kết quả.</p>\r\n<p style="margin: 10px 0px; padding: 0px; color: rgb(0, 0, 0); font-family: Arial; font-size: 13px; line-height: 20px; text-align: center;">\r\n	<img alt="Hướng dẫn sử dụng ứng dụng Chrome Remote Desktop trên Android" height="360" src="http://media.meta.com.vn/photos/image/042014/19/Windows-6.jpg" style="max-width: 640px; margin: 5px;" title="Điều khiển máy tính từ xa" width="640" /></p>\r\n<p style="margin: 10px 0px; padding: 0px; color: rgb(0, 0, 0); font-family: Arial; font-size: 13px; line-height: 20px; text-align: justify;">\r\n	Bạn sẽ được cung cấp một b&agrave;n ph&iacute;m ảo để thao t&aacute;c c&ugrave;ng c&acirc;u lệnh nhanh<strong>&nbsp;Crtl-Alt-Del</strong>&nbsp;quen thuộc để thao t&aacute;c. T&ugrave;y chọn&nbsp;<strong>Disconnect</strong>&nbsp;sẽ ngắt kết nối giữa m&aacute;y t&iacute;nh v&agrave; thiết bị Android ngay khi bạn nhấn v&agrave;o.</p>\r\n<p style="margin: 10px 0px; padding: 0px; color: rgb(0, 0, 0); font-family: Arial; font-size: 13px; line-height: 20px; text-align: justify;">\r\n	<span style="color: rgb(79, 79, 79); font-family: Tahoma; font-size: 11px; line-height: 15px;">QuanTriMang.com.vn</span></p>\r\n', '', '0000-00-00 00:00:00', 0, 'huong-dan-su-dung-ung-dung-chrome-remote-desktop-tren-android-1397965849'),
(32, 'Giới thiệu HDN Computer', '<p style="margin: 0px 0px 10px; padding: 0px; color: rgb(51, 51, 51); font-family: Arial, sans-serif; font-size: 13px; line-height: 20px; text-align: center;">\r\n	<img alt="" src="https://lh5.googleusercontent.com/-BSpnp8eoyak/UwoAjlr4p-I/AAAAAAAAAYs/HZBFaBsT2u8/s800/logo.png" style="margin: 0px; padding: 0px; height: 200px; max-width: 100%; vertical-align: middle; border: 0px; text-align: center; width: 200px;" /></p>\r\n<p style="margin: 0px 0px 10px; padding: 0px; color: rgb(51, 51, 51); font-family: Arial, sans-serif; font-size: 13px; line-height: 20px; text-align: justify;">\r\n	<span style="margin: 0px; padding: 0px; font-size: 14px;"><span style="margin: 0px; padding: 0px; color: rgb(0, 0, 205);"><strong style="margin: 0px; padding: 0px;">HDN Computer</strong></span>&nbsp;<span style="margin: 0px; padding: 0px; color: rgb(178, 34, 34);">được th&agrave;nh lập v&agrave;o ng&agrave;y 28/01/2013.</span></span></p>\r\n<p style="margin: 0px 0px 10px; padding: 0px; color: rgb(51, 51, 51); font-family: Arial, sans-serif; font-size: 13px; line-height: 20px; text-align: justify;">\r\n	<span style="margin: 0px; padding: 0px; color: rgb(178, 34, 34);"><span style="margin: 0px; padding: 0px; font-size: 14px;">Trụ sở đặt tại địa chỉ: 399D/31, Phước Y&ecirc;n A, Ph&uacute; Quới, Long Hồ, Vĩnh Long.</span></span></p>\r\n<p style="margin: 0px 0px 10px; padding: 0px; color: rgb(51, 51, 51); font-family: Arial, sans-serif; font-size: 13px; line-height: 20px; text-align: justify;">\r\n	<span style="margin: 0px; padding: 0px; color: rgb(178, 34, 34);"><span style="margin: 0px; padding: 0px; font-size: 14px;">Kinh doanh lĩnh vực c&ocirc;ng nghệ th&ocirc;ng tin: cung cấp thiết bị tin học, lắp r&aacute;p, sửa chữa, bảo tr&igrave; m&aacute;y vi t&iacute;nh, ph&acirc;n phối linh kiện,phụ kiện m&aacute;y vi tinh.</span></span></p>\r\n<p style="margin: 0px 0px 10px; padding: 0px; color: rgb(51, 51, 51); font-family: Arial, sans-serif; font-size: 13px; line-height: 20px; text-align: justify;">\r\n	<span style="margin: 0px; padding: 0px; font-size: 14px;"><span style="margin: 0px; padding: 0px; color: rgb(0, 0, 205);"><strong style="margin: 0px; padding: 0px;">HDN</strong>&nbsp;<strong style="margin: 0px; padding: 0px;">Computer</strong></span>&nbsp;<span style="margin: 0px; padding: 0px; color: rgb(178, 34, 34);">c&ograve;n nhận hợp đồng lắp r&aacute;p, bảo tr&igrave; cho trường học, ph&ograve;ng game, thiết kế Website v&agrave; phần mềm quản l&yacute; (caf&eacute;, karaoke, nh&agrave; h&agrave;ng, kh&aacute;ch sạn,&hellip;) theo y&ecirc;u cầu, lắp hệ thống camera quan s&aacute;t, thiết bị b&aacute;o ch&aacute;y, b&aacute;o trộm,&hellip;</span></span></p>\r\n<p style="margin: 0px 0px 10px; padding: 0px; color: rgb(51, 51, 51); font-family: Arial, sans-serif; font-size: 13px; line-height: 20px; text-align: justify;">\r\n	<span style="margin: 0px; padding: 0px; color: rgb(178, 34, 34);"><span style="margin: 0px; padding: 0px; font-size: 14px;">Ch&uacute;ng t&ocirc;i l&agrave;m việc với phương ch&acirc;m:&nbsp;</span></span><em style="margin: 0px; padding: 0px;"><strong style="margin: 0px; padding: 0px;"><span style="margin: 0px; padding: 0px; color: rgb(255, 0, 0);"><span style="margin: 0px; padding: 0px; font-size: 14px;"><span style="margin: 0px; padding: 0px; font-size: 28px;">Uy t&iacute;n &ndash; Nhiệt t&igrave;nh &ndash; Chất lượng</span></span></span></strong></em><span style="margin: 0px; padding: 0px; color: rgb(178, 34, 34);"><span style="margin: 0px; padding: 0px; font-size: 14px;">.</span></span></p>\r\n<p style="margin: 0px 0px 10px; padding: 0px; color: rgb(51, 51, 51); font-family: Arial, sans-serif; font-size: 13px; line-height: 20px; text-align: justify;">\r\n	<span style="margin: 0px; padding: 0px; color: rgb(0, 100, 0);"><span style="margin: 0px; padding: 0px; font-size: 14px;">Mọi chi tiết xin li&ecirc;n hệ:</span></span></p>\r\n<p style="margin: 0px 0px 10px; padding: 0px; color: rgb(51, 51, 51); font-family: Arial, sans-serif; font-size: 13px; line-height: 20px; text-align: justify;">\r\n	<span style="margin: 0px; padding: 0px; color: rgb(0, 100, 0);"><span style="margin: 0px; padding: 0px; font-size: 14px;">SĐT:&nbsp;<strong style="margin: 0px; padding: 0px;">094 490 6467</strong></span></span></p>\r\n<p style="margin: 0px 0px 10px; padding: 0px; color: rgb(51, 51, 51); font-family: Arial, sans-serif; font-size: 13px; line-height: 20px; text-align: justify;">\r\n	<span style="margin: 0px; padding: 0px; color: rgb(0, 100, 0);"><span style="margin: 0px; padding: 0px; font-size: 14px;">Email:&nbsp;<strong style="margin: 0px; padding: 0px;">quihuu1990@gmail.com</strong></span></span></p>\r\n<p align="center" style="margin: 0px 0px 10px; padding: 0px; color: rgb(51, 51, 51); font-family: Arial, sans-serif; font-size: 13px; line-height: 20px;">\r\n	<span style="margin: 0px; padding: 0px; font-size: 16px;"><span style="margin: 0px; padding: 0px; color: rgb(0, 0, 205);"><strong style="margin: 0px; padding: 0px;">BẢNG GI&Aacute; LINH KIỆN</strong></span></span></p>\r\n<table border="1" cellpadding="0" cellspacing="0" style="margin: 0px; padding: 0px; max-width: 100%; border-collapse: collapse; border-spacing: 0px; color: rgb(51, 51, 51); font-family: Arial, sans-serif; font-size: 13px; line-height: 20px; text-align: justify;">\r\n	<tbody style="margin: 0px; padding: 0px;">\r\n		<tr style="margin: 0px; padding: 0px;">\r\n			<td style="margin: 0px; padding: 0px; width: 66px; height: 29px;">\r\n				<p align="center" style="margin: 0px 0px 10px; padding: 0px;">\r\n					<em style="margin: 0px; padding: 0px;"><strong style="margin: 0px; padding: 0px;"><span style="margin: 0px; padding: 0px; color: rgb(0, 0, 205);">STT</span></strong></em></p>\r\n			</td>\r\n			<td style="margin: 0px; padding: 0px; width: 246px; height: 29px;">\r\n				<p align="center" style="margin: 0px 0px 10px; padding: 0px;">\r\n					<em style="margin: 0px; padding: 0px;"><strong style="margin: 0px; padding: 0px;"><span style="margin: 0px; padding: 0px; color: rgb(0, 0, 205);">SẢN PHẨM</span></strong></em></p>\r\n			</td>\r\n			<td style="margin: 0px; padding: 0px; width: 156px; height: 29px;">\r\n				<p align="center" style="margin: 0px 0px 10px; padding: 0px;">\r\n					<em style="margin: 0px; padding: 0px;"><strong style="margin: 0px; padding: 0px;"><span style="margin: 0px; padding: 0px; color: rgb(0, 0, 205);">ĐƠN GI&Aacute;</span></strong></em></p>\r\n			</td>\r\n			<td style="margin: 0px; padding: 0px; width: 156px; height: 29px;">\r\n				<p align="center" style="margin: 0px 0px 10px; padding: 0px;">\r\n					<em style="margin: 0px; padding: 0px;"><strong style="margin: 0px; padding: 0px;"><span style="margin: 0px; padding: 0px; color: rgb(0, 0, 205);">BẢO H&Agrave;NH</span></strong></em></p>\r\n			</td>\r\n		</tr>\r\n		<tr style="margin: 0px; padding: 0px;">\r\n			<td style="margin: 0px; padding: 0px; width: 66px; height: 29px;">\r\n				<p align="center" style="margin: 0px 0px 10px; padding: 0px;">\r\n					<strong style="margin: 0px; padding: 0px;">1</strong></p>\r\n			</td>\r\n			<td style="margin: 0px; padding: 0px; width: 246px; height: 29px;">\r\n				<p style="margin: 0px 0px 10px; padding: 0px;">\r\n					Chuột mitsumi xứ</p>\r\n			</td>\r\n			<td style="margin: 0px; padding: 0px; width: 156px; height: 29px;">\r\n				<p align="center" style="margin: 0px 0px 10px; padding: 0px;">\r\n					39.000đ</p>\r\n			</td>\r\n			<td style="margin: 0px; padding: 0px; width: 156px; height: 29px;">\r\n				<p align="center" style="margin: 0px 0px 10px; padding: 0px;">\r\n					6 Th&aacute;ng</p>\r\n			</td>\r\n		</tr>\r\n		<tr style="margin: 0px; padding: 0px;">\r\n			<td style="margin: 0px; padding: 0px; width: 66px; height: 29px;">\r\n				<p align="center" style="margin: 0px 0px 10px; padding: 0px;">\r\n					<strong style="margin: 0px; padding: 0px;">2</strong></p>\r\n			</td>\r\n			<td style="margin: 0px; padding: 0px; width: 246px; height: 29px;">\r\n				<p style="margin: 0px 0px 10px; padding: 0px;">\r\n					Chuột philips</p>\r\n			</td>\r\n			<td style="margin: 0px; padding: 0px; width: 156px; height: 29px;">\r\n				<p align="center" style="margin: 0px 0px 10px; padding: 0px;">\r\n					45.000đ</p>\r\n			</td>\r\n			<td style="margin: 0px; padding: 0px; width: 156px; height: 29px;">\r\n				<p align="center" style="margin: 0px 0px 10px; padding: 0px;">\r\n					6 Th&aacute;ng</p>\r\n			</td>\r\n		</tr>\r\n		<tr style="margin: 0px; padding: 0px;">\r\n			<td style="margin: 0px; padding: 0px; width: 66px; height: 29px;">\r\n				<p align="center" style="margin: 0px 0px 10px; padding: 0px;">\r\n					<strong style="margin: 0px; padding: 0px;">3</strong></p>\r\n			</td>\r\n			<td style="margin: 0px; padding: 0px; width: 246px; height: 29px;">\r\n				<p style="margin: 0px 0px 10px; padding: 0px;">\r\n					Chuột acer d&acirc;y r&uacute;t</p>\r\n			</td>\r\n			<td style="margin: 0px; padding: 0px; width: 156px; height: 29px;">\r\n				<p align="center" style="margin: 0px 0px 10px; padding: 0px;">\r\n					79.000đ</p>\r\n			</td>\r\n			<td style="margin: 0px; padding: 0px; width: 156px; height: 29px;">\r\n				<p align="center" style="margin: 0px 0px 10px; padding: 0px;">\r\n					6 Th&aacute;ng</p>\r\n			</td>\r\n		</tr>\r\n		<tr style="margin: 0px; padding: 0px;">\r\n			<td style="margin: 0px; padding: 0px; width: 66px; height: 29px;">\r\n				<p align="center" style="margin: 0px 0px 10px; padding: 0px;">\r\n					<strong style="margin: 0px; padding: 0px;">4</strong></p>\r\n			</td>\r\n			<td style="margin: 0px; padding: 0px; width: 246px; height: 29px;">\r\n				<p style="margin: 0px 0px 10px; padding: 0px;">\r\n					Ph&iacute;m mitsumi USB</p>\r\n			</td>\r\n			<td style="margin: 0px; padding: 0px; width: 156px; height: 29px;">\r\n				<p align="center" style="margin: 0px 0px 10px; padding: 0px;">\r\n					89.000đ</p>\r\n			</td>\r\n			<td style="margin: 0px; padding: 0px; width: 156px; height: 29px;">\r\n				<p align="center" style="margin: 0px 0px 10px; padding: 0px;">\r\n					6 Th&aacute;ng</p>\r\n			</td>\r\n		</tr>\r\n		<tr style="margin: 0px; padding: 0px;">\r\n			<td style="margin: 0px; padding: 0px; width: 66px; height: 29px;">\r\n				<p align="center" style="margin: 0px 0px 10px; padding: 0px;">\r\n					<strong style="margin: 0px; padding: 0px;">5</strong></p>\r\n			</td>\r\n			<td style="margin: 0px; padding: 0px; width: 246px; height: 29px;">\r\n				<p style="margin: 0px 0px 10px; padding: 0px;">\r\n					Ph&iacute;m mini cho laptop</p>\r\n			</td>\r\n			<td style="margin: 0px; padding: 0px; width: 156px; height: 29px;">\r\n				<p align="center" style="margin: 0px 0px 10px; padding: 0px;">\r\n					75.000đ</p>\r\n			</td>\r\n			<td style="margin: 0px; padding: 0px; width: 156px; height: 29px;">\r\n				<p align="center" style="margin: 0px 0px 10px; padding: 0px;">\r\n					6 Th&aacute;ng</p>\r\n			</td>\r\n		</tr>\r\n		<tr style="margin: 0px; padding: 0px;">\r\n			<td style="margin: 0px; padding: 0px; width: 66px; height: 29px;">\r\n				<p align="center" style="margin: 0px 0px 10px; padding: 0px;">\r\n					<strong style="margin: 0px; padding: 0px;">6</strong></p>\r\n			</td>\r\n			<td style="margin: 0px; padding: 0px; width: 246px; height: 29px;">\r\n				<p style="margin: 0px 0px 10px; padding: 0px;">\r\n					Bộ vệ sinh 4 m&oacute;n</p>\r\n			</td>\r\n			<td style="margin: 0px; padding: 0px; width: 156px; height: 29px;">\r\n				<p align="center" style="margin: 0px 0px 10px; padding: 0px;">\r\n					25.000đ</p>\r\n			</td>\r\n			<td style="margin: 0px; padding: 0px; width: 156px; height: 29px;">\r\n				<p align="center" style="margin: 0px 0px 10px; padding: 0px;">\r\n					0</p>\r\n			</td>\r\n		</tr>\r\n		<tr style="margin: 0px; padding: 0px;">\r\n			<td style="margin: 0px; padding: 0px; width: 66px; height: 29px;">\r\n				<p align="center" style="margin: 0px 0px 10px; padding: 0px;">\r\n					<strong style="margin: 0px; padding: 0px;">7</strong></p>\r\n			</td>\r\n			<td style="margin: 0px; padding: 0px; width: 246px; height: 29px;">\r\n				<p style="margin: 0px 0px 10px; padding: 0px;">\r\n					L&oacute;t chuột kh&ocirc;ng đệm tay</p>\r\n			</td>\r\n			<td style="margin: 0px; padding: 0px; width: 156px; height: 29px;">\r\n				<p align="center" style="margin: 0px 0px 10px; padding: 0px;">\r\n					10.000đ</p>\r\n			</td>\r\n			<td style="margin: 0px; padding: 0px; width: 156px; height: 29px;">\r\n				<p align="center" style="margin: 0px 0px 10px; padding: 0px;">\r\n					0</p>\r\n			</td>\r\n		</tr>\r\n		<tr style="margin: 0px; padding: 0px;">\r\n			<td style="margin: 0px; padding: 0px; width: 66px; height: 29px;">\r\n				<p align="center" style="margin: 0px 0px 10px; padding: 0px;">\r\n					<strong style="margin: 0px; padding: 0px;">8</strong></p>\r\n			</td>\r\n			<td style="margin: 0px; padding: 0px; width: 246px; height: 29px;">\r\n				<p style="margin: 0px 0px 10px; padding: 0px;">\r\n					Quạt tản nhiệt laptop tốt</p>\r\n			</td>\r\n			<td style="margin: 0px; padding: 0px; width: 156px; height: 29px;">\r\n				<p align="center" style="margin: 0px 0px 10px; padding: 0px;">\r\n					140.000đ</p>\r\n			</td>\r\n			<td style="margin: 0px; padding: 0px; width: 156px; height: 29px;">\r\n				<p align="center" style="margin: 0px 0px 10px; padding: 0px;">\r\n					0</p>\r\n			</td>\r\n		</tr>\r\n		<tr style="margin: 0px; padding: 0px;">\r\n			<td style="margin: 0px; padding: 0px; width: 66px; height: 29px;">\r\n				<p align="center" style="margin: 0px 0px 10px; padding: 0px;">\r\n					<strong style="margin: 0px; padding: 0px;">9</strong></p>\r\n			</td>\r\n			<td style="margin: 0px; padding: 0px; width: 246px; height: 29px;">\r\n				<p style="margin: 0px 0px 10px; padding: 0px;">\r\n					Quạt tản nhiệt laptop thường</p>\r\n			</td>\r\n			<td style="margin: 0px; padding: 0px; width: 156px; height: 29px;">\r\n				<p align="center" style="margin: 0px 0px 10px; padding: 0px;">\r\n					90.000đ</p>\r\n			</td>\r\n			<td style="margin: 0px; padding: 0px; width: 156px; height: 29px;">\r\n				<p align="center" style="margin: 0px 0px 10px; padding: 0px;">\r\n					0</p>\r\n			</td>\r\n		</tr>\r\n		<tr style="margin: 0px; padding: 0px;">\r\n			<td style="margin: 0px; padding: 0px; width: 66px; height: 29px;">\r\n				<p align="center" style="margin: 0px 0px 10px; padding: 0px;">\r\n					<strong style="margin: 0px; padding: 0px;">10</strong></p>\r\n			</td>\r\n			<td style="margin: 0px; padding: 0px; width: 246px; height: 29px;">\r\n				<p style="margin: 0px 0px 10px; padding: 0px;">\r\n					Quạt tản nhiệt laptop loại xếp</p>\r\n			</td>\r\n			<td style="margin: 0px; padding: 0px; width: 156px; height: 29px;">\r\n				<p align="center" style="margin: 0px 0px 10px; padding: 0px;">\r\n					60.000đ</p>\r\n			</td>\r\n			<td style="margin: 0px; padding: 0px; width: 156px; height: 29px;">\r\n				<p align="center" style="margin: 0px 0px 10px; padding: 0px;">\r\n					0</p>\r\n			</td>\r\n		</tr>\r\n		<tr style="margin: 0px; padding: 0px;">\r\n			<td style="margin: 0px; padding: 0px; width: 66px; height: 29px;">\r\n				<p align="center" style="margin: 0px 0px 10px; padding: 0px;">\r\n					<strong style="margin: 0px; padding: 0px;">11</strong></p>\r\n			</td>\r\n			<td style="margin: 0px; padding: 0px; width: 246px; height: 29px;">\r\n				<p style="margin: 0px 0px 10px; padding: 0px;">\r\n					T&uacute;i chống sốc</p>\r\n			</td>\r\n			<td style="margin: 0px; padding: 0px; width: 156px; height: 29px;">\r\n				<p align="center" style="margin: 0px 0px 10px; padding: 0px;">\r\n					35.000đ</p>\r\n			</td>\r\n			<td style="margin: 0px; padding: 0px; width: 156px; height: 29px;">\r\n				<p align="center" style="margin: 0px 0px 10px; padding: 0px;">\r\n					0</p>\r\n			</td>\r\n		</tr>\r\n		<tr style="margin: 0px; padding: 0px;">\r\n			<td style="margin: 0px; padding: 0px; width: 66px; height: 29px;">\r\n				<p align="center" style="margin: 0px 0px 10px; padding: 0px;">\r\n					<strong style="margin: 0px; padding: 0px;">12</strong></p>\r\n			</td>\r\n			<td style="margin: 0px; padding: 0px; width: 246px; height: 29px;">\r\n				<p style="margin: 0px 0px 10px; padding: 0px;">\r\n					Tai nghe thường</p>\r\n			</td>\r\n			<td style="margin: 0px; padding: 0px; width: 156px; height: 29px;">\r\n				<p align="center" style="margin: 0px 0px 10px; padding: 0px;">\r\n					30.000đ</p>\r\n			</td>\r\n			<td style="margin: 0px; padding: 0px; width: 156px; height: 29px;">\r\n				<p align="center" style="margin: 0px 0px 10px; padding: 0px;">\r\n					0</p>\r\n			</td>\r\n		</tr>\r\n		<tr style="margin: 0px; padding: 0px;">\r\n			<td style="margin: 0px; padding: 0px; width: 66px; height: 29px;">\r\n				<p align="center" style="margin: 0px 0px 10px; padding: 0px;">\r\n					<strong style="margin: 0px; padding: 0px;">13</strong></p>\r\n			</td>\r\n			<td style="margin: 0px; padding: 0px; width: 246px; height: 29px;">\r\n				<p style="margin: 0px 0px 10px; padding: 0px;">\r\n					Headphone</p>\r\n			</td>\r\n			<td style="margin: 0px; padding: 0px; width: 156px; height: 29px;">\r\n				<p align="center" style="margin: 0px 0px 10px; padding: 0px;">\r\n					65.000đ</p>\r\n			</td>\r\n			<td style="margin: 0px; padding: 0px; width: 156px; height: 29px;">\r\n				<p align="center" style="margin: 0px 0px 10px; padding: 0px;">\r\n					0</p>\r\n			</td>\r\n		</tr>\r\n		<tr style="margin: 0px; padding: 0px;">\r\n			<td style="margin: 0px; padding: 0px; width: 66px; height: 29px;">\r\n				<p align="center" style="margin: 0px 0px 10px; padding: 0px;">\r\n					<strong style="margin: 0px; padding: 0px;">14</strong></p>\r\n			</td>\r\n			<td style="margin: 0px; padding: 0px; width: 246px; height: 29px;">\r\n				<p style="margin: 0px 0px 10px; padding: 0px;">\r\n					USB kingston 4GB</p>\r\n			</td>\r\n			<td style="margin: 0px; padding: 0px; width: 156px; height: 29px;">\r\n				<p align="center" style="margin: 0px 0px 10px; padding: 0px;">\r\n					99.000đ</p>\r\n			</td>\r\n			<td style="margin: 0px; padding: 0px; width: 156px; height: 29px;">\r\n				<p align="center" style="margin: 0px 0px 10px; padding: 0px;">\r\n					1 Năm</p>\r\n			</td>\r\n		</tr>\r\n		<tr style="margin: 0px; padding: 0px;">\r\n			<td style="margin: 0px; padding: 0px; width: 66px; height: 29px;">\r\n				<p align="center" style="margin: 0px 0px 10px; padding: 0px;">\r\n					<strong style="margin: 0px; padding: 0px;">15</strong></p>\r\n			</td>\r\n			<td style="margin: 0px; padding: 0px; width: 246px; height: 29px;">\r\n				<p style="margin: 0px 0px 10px; padding: 0px;">\r\n					USB kingston 8GB</p>\r\n			</td>\r\n			<td style="margin: 0px; padding: 0px; width: 156px; height: 29px;">\r\n				<p align="center" style="margin: 0px 0px 10px; padding: 0px;">\r\n					155.000đ</p>\r\n			</td>\r\n			<td style="margin: 0px; padding: 0px; width: 156px; height: 29px;">\r\n				<p align="center" style="margin: 0px 0px 10px; padding: 0px;">\r\n					1 Năm</p>\r\n			</td>\r\n		</tr>\r\n		<tr style="margin: 0px; padding: 0px;">\r\n			<td style="margin: 0px; padding: 0px; width: 66px; height: 29px;">\r\n				<p align="center" style="margin: 0px 0px 10px; padding: 0px;">\r\n					<strong style="margin: 0px; padding: 0px;">16</strong></p>\r\n			</td>\r\n			<td style="margin: 0px; padding: 0px; width: 246px; height: 29px;">\r\n				<p style="margin: 0px 0px 10px; padding: 0px;">\r\n					USB 3G 7.2Mb</p>\r\n			</td>\r\n			<td style="margin: 0px; padding: 0px; width: 156px; height: 29px;">\r\n				<p align="center" style="margin: 0px 0px 10px; padding: 0px;">\r\n					395.000đ</p>\r\n			</td>\r\n			<td style="margin: 0px; padding: 0px; width: 156px; height: 29px;">\r\n				<p align="center" style="margin: 0px 0px 10px; padding: 0px;">\r\n					1 Năm</p>\r\n			</td>\r\n		</tr>\r\n		<tr style="margin: 0px; padding: 0px;">\r\n			<td style="margin: 0px; padding: 0px; width: 66px; height: 29px;">\r\n				<p align="center" style="margin: 0px 0px 10px; padding: 0px;">\r\n					<strong style="margin: 0px; padding: 0px;">17</strong></p>\r\n			</td>\r\n			<td style="margin: 0px; padding: 0px; width: 246px; height: 29px;">\r\n				<p style="margin: 0px 0px 10px; padding: 0px;">\r\n					Loa 2.0 GO-ON nguồn USB</p>\r\n			</td>\r\n			<td style="margin: 0px; padding: 0px; width: 156px; height: 29px;">\r\n				<p align="center" style="margin: 0px 0px 10px; padding: 0px;">\r\n					79.000đ</p>\r\n			</td>\r\n			<td style="margin: 0px; padding: 0px; width: 156px; height: 29px;">\r\n				<p align="center" style="margin: 0px 0px 10px; padding: 0px;">\r\n					6 Th&aacute;ng</p>\r\n			</td>\r\n		</tr>\r\n		<tr style="margin: 0px; padding: 0px;">\r\n			<td style="margin: 0px; padding: 0px; width: 66px; height: 29px;">\r\n				<p align="center" style="margin: 0px 0px 10px; padding: 0px;">\r\n					<strong style="margin: 0px; padding: 0px;">18</strong></p>\r\n			</td>\r\n			<td style="margin: 0px; padding: 0px; width: 246px; height: 29px;">\r\n				<p style="margin: 0px 0px 10px; padding: 0px;">\r\n					Kaspersky anti-virus 2014</p>\r\n			</td>\r\n			<td style="margin: 0px; padding: 0px; width: 156px; height: 29px;">\r\n				<p align="center" style="margin: 0px 0px 10px; padding: 0px;">\r\n					155.000đ</p>\r\n			</td>\r\n			<td style="margin: 0px; padding: 0px; width: 156px; height: 29px;">\r\n				<p align="center" style="margin: 0px 0px 10px; padding: 0px;">\r\n					1 Năm</p>\r\n			</td>\r\n		</tr>\r\n		<tr style="margin: 0px; padding: 0px;">\r\n			<td style="margin: 0px; padding: 0px; width: 66px; height: 29px;">\r\n				<p align="center" style="margin: 0px 0px 10px; padding: 0px;">\r\n					<strong style="margin: 0px; padding: 0px;">19</strong></p>\r\n			</td>\r\n			<td style="margin: 0px; padding: 0px; width: 246px; height: 29px;">\r\n				<p style="margin: 0px 0px 10px; padding: 0px;">\r\n					Switch 5 port tenda</p>\r\n			</td>\r\n			<td style="margin: 0px; padding: 0px; width: 156px; height: 29px;">\r\n				<p align="center" style="margin: 0px 0px 10px; padding: 0px;">\r\n					139.000đ</p>\r\n			</td>\r\n			<td style="margin: 0px; padding: 0px; width: 156px; height: 29px;">\r\n				<p align="center" style="margin: 0px 0px 10px; padding: 0px;">\r\n					1 Năm</p>\r\n			</td>\r\n		</tr>\r\n		<tr style="margin: 0px; padding: 0px;">\r\n			<td style="margin: 0px; padding: 0px; width: 66px; height: 29px;">\r\n				<p align="center" style="margin: 0px 0px 10px; padding: 0px;">\r\n					<strong style="margin: 0px; padding: 0px;">20</strong></p>\r\n			</td>\r\n			<td style="margin: 0px; padding: 0px; width: 246px; height: 29px;">\r\n				<p style="margin: 0px 0px 10px; padding: 0px;">\r\n					Switch 8 port tenda</p>\r\n			</td>\r\n			<td style="margin: 0px; padding: 0px; width: 156px; height: 29px;">\r\n				<p align="center" style="margin: 0px 0px 10px; padding: 0px;">\r\n					179.000đ</p>\r\n			</td>\r\n			<td style="margin: 0px; padding: 0px; width: 156px; height: 29px;">\r\n				<p align="center" style="margin: 0px 0px 10px; padding: 0px;">\r\n					1 Năm</p>\r\n			</td>\r\n		</tr>\r\n		<tr style="margin: 0px; padding: 0px;">\r\n			<td style="margin: 0px; padding: 0px; width: 66px; height: 29px;">\r\n				<p align="center" style="margin: 0px 0px 10px; padding: 0px;">\r\n					<strong style="margin: 0px; padding: 0px;">21</strong></p>\r\n			</td>\r\n			<td style="margin: 0px; padding: 0px; width: 246px; height: 29px;">\r\n				<p style="margin: 0px 0px 10px; padding: 0px;">\r\n					Modem wifi 4 port TP-Link</p>\r\n			</td>\r\n			<td style="margin: 0px; padding: 0px; width: 156px; height: 29px;">\r\n				<p align="center" style="margin: 0px 0px 10px; padding: 0px;">\r\n					339.000đ</p>\r\n			</td>\r\n			<td style="margin: 0px; padding: 0px; width: 156px; height: 29px;">\r\n				<p align="center" style="margin: 0px 0px 10px; padding: 0px;">\r\n					1 Năm</p>\r\n			</td>\r\n		</tr>\r\n		<tr style="margin: 0px; padding: 0px;">\r\n			<td style="margin: 0px; padding: 0px; width: 66px; height: 29px;">\r\n				<p align="center" style="margin: 0px 0px 10px; padding: 0px;">\r\n					<strong style="margin: 0px; padding: 0px;">22</strong></p>\r\n			</td>\r\n			<td style="margin: 0px; padding: 0px; width: 246px; height: 29px;">\r\n				<p style="margin: 0px 0px 10px; padding: 0px;">\r\n					Thẻ chăm s&oacute;c m&aacute;y t&iacute;nh tận nơi</p>\r\n			</td>\r\n			<td style="margin: 0px; padding: 0px; width: 156px; height: 29px;">\r\n				<p align="center" style="margin: 0px 0px 10px; padding: 0px;">\r\n					95.000đ</p>\r\n			</td>\r\n			<td style="margin: 0px; padding: 0px; width: 156px; height: 29px;">\r\n				<p align="center" style="margin: 0px 0px 10px; padding: 0px;">\r\n					1 Năm</p>\r\n			</td>\r\n		</tr>\r\n	</tbody>\r\n</table>\r\n<p style="margin: 0px 0px 10px; padding: 0px; color: rgb(51, 51, 51); font-family: Arial, sans-serif; font-size: 13px; line-height: 20px;">\r\n	. . . . . .&nbsp;</p>\r\n<p style="margin: 0px 0px 10px; padding: 0px; color: rgb(51, 51, 51); font-family: Arial, sans-serif; font-size: 13px; line-height: 20px; text-align: justify;">\r\n	<span style="margin: 0px; padding: 0px; color: rgb(178, 34, 34);"><strong style="margin: 0px; padding: 0px;">- Đặt h&agrave;ng online được giảm gi&aacute; 10% tr&ecirc;n mỗi đơn h&agrave;ng.</strong></span></p>\r\n<p style="margin: 0px 0px 10px; padding: 0px; color: rgb(51, 51, 51); font-family: Arial, sans-serif; font-size: 13px; line-height: 20px; text-align: justify;">\r\n	<span style="margin: 0px; padding: 0px; color: rgb(178, 34, 34);"><strong style="margin: 0px; padding: 0px;">- Cung cấp gi&aacute; sỉ cho c&aacute;c đại l&yacute; (li&ecirc;n hệ để hổ trợ gi&aacute; tốt nhất).</strong></span></p>\r\n<p style="margin: 0px 0px 10px; padding: 0px; color: rgb(51, 51, 51); font-family: Arial, sans-serif; font-size: 13px; line-height: 20px; text-align: justify;">\r\n	<span style="margin: 0px; padding: 0px; color: rgb(178, 34, 34);"><strong style="margin: 0px; padding: 0px;">- C&agrave;i win tại cửa h&agrave;ng gi&aacute; 45.00đ bảo h&agrave;nh 1 th&aacute;ng.</strong></span></p>\r\n<p style="margin: 0px 0px 10px; padding: 0px; color: rgb(51, 51, 51); font-family: Arial, sans-serif; font-size: 13px; line-height: 20px; text-align: justify;">\r\n	<span style="margin: 0px; padding: 0px; color: rgb(178, 34, 34);"><strong style="margin: 0px; padding: 0px;">- Lắp r&aacute;p, bảo tr&igrave; m&aacute;y t&iacute;nh giao h&agrave;ng tận nơi.</strong></span></p>\r\n<p style="margin: 0px 0px 10px; padding: 0px; color: rgb(51, 51, 51); font-family: Arial, sans-serif; font-size: 13px; line-height: 20px; text-align: justify;">\r\n	<span style="margin: 0px; padding: 0px; color: rgb(178, 34, 34);"><strong style="margin: 0px; padding: 0px;">- Thi c&ocirc;ng, bảo tr&igrave; hệ thống mạng LAN.</strong></span></p>\r\n<p style="margin: 0px 0px 10px; padding: 0px; color: rgb(51, 51, 51); font-family: Arial, sans-serif; font-size: 13px; line-height: 20px; text-align: justify;">\r\n	<span style="margin: 0px; padding: 0px; color: rgb(178, 34, 34);"><strong style="margin: 0px; padding: 0px;">- Thiết kế Website; hệ thống quản l&yacute; caf&eacute;, karaoke, qu&aacute;n ăn, nh&agrave; h&agrave;ng, kh&aacute;ch sạn, si&ecirc;u thị, tạp h&oacute;a, hệ thống camera quan s&aacute;t,&hellip;</strong></span></p>\r\n<p style="margin: 0px 0px 10px; padding: 0px; color: rgb(51, 51, 51); font-family: Arial, sans-serif; font-size: 13px; line-height: 20px; text-align: justify;">\r\n	&nbsp;</p>\r\n', 'Nguyễn Quí Hữu', '0000-00-00 00:00:00', 0, 'gioi-thieu-hdn-computer-1397966402');

-- --------------------------------------------------------

--
-- Table structure for table `shopc_post_tag`
--

CREATE TABLE IF NOT EXISTS `shopc_post_tag` (
  `id` int(11) NOT NULL AUTO_INCREMENT,
  `id_post` int(11) NOT NULL,
  `id_tag` int(11) NOT NULL,
  PRIMARY KEY (`id`),
  KEY `id_post` (`id_post`),
  KEY `id_tag` (`id_tag`)
) ENGINE=InnoDB  DEFAULT CHARSET=latin1 AUTO_INCREMENT=31 ;

--
-- Dumping data for table `shopc_post_tag`
--

INSERT INTO `shopc_post_tag` (`id`, `id_post`, `id_tag`) VALUES
(5, 6, 1),
(9, 10, 2),
(11, 14, 3),
(13, 15, 4),
(14, 16, 4),
(15, 17, 4),
(16, 18, 4),
(17, 19, 4),
(18, 20, 4),
(19, 21, 4),
(20, 22, 4),
(21, 23, 4),
(22, 24, 4),
(23, 25, 3),
(24, 26, 3),
(25, 27, 3),
(26, 28, 1),
(27, 29, 1),
(28, 30, 1),
(29, 31, 1),
(30, 32, 3);

-- --------------------------------------------------------

--
-- Table structure for table `shopc_presentation`
--

CREATE TABLE IF NOT EXISTS `shopc_presentation` (
  `id` int(11) NOT NULL AUTO_INCREMENT,
  `name` varchar(250) CHARACTER SET utf8 COLLATE utf8_unicode_ci NOT NULL,
  `order` int(11) NOT NULL,
  `key` int(11) NOT NULL,
  PRIMARY KEY (`id`)
) ENGINE=InnoDB  DEFAULT CHARSET=latin1 AUTO_INCREMENT=4 ;

--
-- Dumping data for table `shopc_presentation`
--

INSERT INTO `shopc_presentation` (`id`, `name`, `order`, `key`) VALUES
(2, 'Trình bày 1', 1, 0),
(3, 'Trình bày 2', 2, 0);

-- --------------------------------------------------------

--
-- Table structure for table `shopc_product`
--

CREATE TABLE IF NOT EXISTS `shopc_product` (
  `id` int(9) NOT NULL AUTO_INCREMENT,
  `idsupplier` int(11) NOT NULL,
  `idcategory` int(11) NOT NULL,
  `idmanufacturer` int(11) NOT NULL,
  `name` varchar(100) COLLATE utf8_unicode_ci NOT NULL,
  `code` varchar(25) COLLATE utf8_unicode_ci NOT NULL,
  `price1` int(12) NOT NULL,
  `price2` int(12) NOT NULL,
  `key` varchar(250) COLLATE utf8_unicode_ci NOT NULL,
  PRIMARY KEY (`id`),
  KEY `shopc_resource_1` (`idsupplier`),
  KEY `idmanufacturer` (`idmanufacturer`)
) ENGINE=InnoDB  DEFAULT CHARSET=utf8 COLLATE=utf8_unicode_ci AUTO_INCREMENT=63 ;

--
-- Dumping data for table `shopc_product`
--

INSERT INTO `shopc_product` (`id`, `idsupplier`, `idcategory`, `idmanufacturer`, `name`, `code`, `price1`, `price2`, `key`) VALUES
(32, 9, 13, 1, 'Bộ vệ sinh máy tính 4 món', '12345312324', 10000, 15000, 'bo-ve-sinh-may-tinh-4-mon-1398500110'),
(33, 9, 13, 0, 'Chuột mitsumi lớn', '', 35000, 50000, 'chuot-mitsumi-lon-1397448090'),
(34, 9, 13, 0, 'Chuột Philips', '', 28000, 45000, 'chuot-philips-1397448176'),
(35, 9, 13, 0, 'Đầu đọc thẻ', '', 10000, 15000, 'dau-doc-the-1397448233'),
(36, 9, 13, 0, 'Dây mạng thường', '', 1500, 3000, 'day-mang-thuong-1397538934'),
(37, 9, 13, 0, 'Dây mạng tốt', '', 3500, 7000, 'day-mang-tot-1397538945'),
(38, 9, 13, 0, 'Đế tản nhiệt xếp 2 quạt', '', 35000, 50000, 'de-tan-nhiet-xep-2-quat-1397538972'),
(39, 9, 13, 0, 'Đế tản nhiệt loại tốt', '', 95000, 135000, 'de-tan-nhiet-loai-tot-1397538964'),
(40, 9, 13, 0, 'Đế tản nhiệt loại thường', '', 45000, 60000, 'de-tan-nhiet-loai-thuong-1397538956'),
(41, 9, 13, 0, 'Đế tản nhiệt xếp hình bướm', '', 45000, 60000, 'de-tan-nhiet-xep-hinh-buom-1397539241'),
(42, 9, 13, 0, 'Đèn led laptop', '', 15000, 25000, 'den-led-laptop-1397539328'),
(43, 9, 13, 0, 'Headphone somic', '', 30000, 45000, 'headphone-somic-1397539453'),
(44, 9, 13, 0, 'Keo giải nhiệt CPU', '', 7000, 10000, 'keo-giai-nhiet-cpu-1397539542'),
(45, 9, 13, 0, 'Loa 2.0  nguồn DC', '', 180000, 225000, 'loa-20-nguon-dc-1397539736'),
(46, 9, 13, 0, 'Loa 2.1 soundmax', '', 350000, 390000, 'loa-21-soundmax-1397539920'),
(47, 9, 13, 0, 'Loa 4.1 soundmax', '', 780000, 850000, 'loa-41-soundmax-1397540051'),
(48, 9, 13, 0, 'Phim mitsumi', '', 75000, 95000, 'phim-mitsumi-1397540112'),
(49, 9, 12, 0, 'Ram DDR2 PC 2GB', '', 360000, 390000, 'ram-ddr2-pc-2gb-1397540387'),
(50, 9, 13, 0, 'Tai nghe jack 3.5', '', 20000, 35000, 'tai-nghe-jack-35-1397540664'),
(51, 9, 13, 0, 'MousePad ( đế lót chuột)', '', 6000, 10000, 'mousepad-de-lot-chuot-1397540872'),
(52, 9, 13, 0, 'Tấm dán bảo vệ phím', '', 10000, 20000, 'tam-dan-bao-ve-phim-1397541067'),
(53, 9, 13, 0, 'Switch Tenda 5 port', '', 110000, 135000, 'switch-tenda-5-port-1397640797'),
(54, 9, 13, 0, 'Switch TP-Link 8 port', '', 150000, 180000, 'switch-tp-link-8-port-1397640890'),
(55, 9, 13, 0, 'USB Kingtons 2GB', '', 65000, 80000, 'usb-kingtons-2gb-1397641005'),
(56, 9, 12, 0, 'Main Jeway G31', '', 1050000, 1175000, 'main-jeway-g31-1397641555'),
(57, 9, 18, 0, 'Mô hình camera', '', 0, 0, 'mo-hinh-camera-1397829370'),
(58, 9, 20, 0, 'Hệ thống mạng LAN', '', 0, 0, 'he-thong-mang-lan-1397965636'),
(59, 9, 14, 0, 'Thẻ Bảo dưỡng máy tính', '', 0, 95000, 'the-bao-duong-may-tinh-1397967320'),
(60, 9, 15, 0, 'Sửa chữa máy tính tận nơi', '', 0, 0, 'sua-chua-may-tinh-tan-noi-1397967773'),
(61, 9, 19, 0, 'Các gói cước internet FPT', '', 0, 0, 'cac-goi-cuoc-internet-fpt-1397968263'),
(62, 10, 13, 12, 'ABC123', '2200000', 3200000, 2, 'abc123-1398398095');

-- --------------------------------------------------------

--
-- Table structure for table `shopc_product_image`
--

CREATE TABLE IF NOT EXISTS `shopc_product_image` (
  `id` int(11) NOT NULL AUTO_INCREMENT,
  `idproduct` int(11) NOT NULL,
  `name` varchar(50) CHARACTER SET utf8 COLLATE utf8_unicode_ci NOT NULL,
  `date` datetime NOT NULL,
  `url` varchar(250) CHARACTER SET utf8 COLLATE utf8_unicode_ci NOT NULL,
  PRIMARY KEY (`id`),
  KEY `idresource` (`idproduct`)
) ENGINE=InnoDB  DEFAULT CHARSET=latin1 AUTO_INCREMENT=51 ;

--
-- Dumping data for table `shopc_product_image`
--

INSERT INTO `shopc_product_image` (`id`, `idproduct`, `name`, `date`, `url`) VALUES
(16, 32, 'Bộ vệ sinh', '2014-04-14 00:00:00', 'https://lh6.googleusercontent.com/-ZScLngkpW2o/U1oHJGtHmVI/AAAAAAAAAME/9kLWDbZOE6M/s800/phone1-hover.jpg'),
(17, 33, 'mitsumi lớn', '2014-04-14 00:00:00', 'https://lh3.googleusercontent.com/-5LyMT9WvbfU/U1oHCVwH5II/AAAAAAAAAJs/cq1T41qo4ys/s400/big-phone4.jpg'),
(18, 33, 'mitsumi lớn', '2014-04-14 00:00:00', 'https://lh6.googleusercontent.com/-9hi3ZhMasZ8/U1oHC6GgT4I/AAAAAAAAAJ0/YbN3Pu9aagw/s800/category-banner-item1.jpg'),
(19, 34, 'Philips', '2014-04-14 00:00:00', 'https://lh6.googleusercontent.com/-LVK1r_gLpJI/U0tbhHtSBeI/AAAAAAAAAd0/U2rwNJX34wU/s800/chuot%2520philips.png'),
(20, 35, 'đầu đọc thẻ', '2014-04-14 00:00:00', 'https://lh5.googleusercontent.com/-G8ISn36ZQRM/U1oHKHeahQI/AAAAAAAAAMY/O7tbD2SNaYs/s800/phone2.jpg'),
(21, 36, 'dây mạng thường', '2014-04-15 00:00:00', 'https://lh3.googleusercontent.com/-eQe9A6-pm6I/U1oHLJgs7ZI/AAAAAAAAAMw/llWG85shfao/s800/phone3.jpg'),
(22, 37, 'dây mạng tốt', '2014-04-15 00:00:00', 'https://lh4.googleusercontent.com/-18HY5btoTnk/U0tbjv-OHDI/AAAAAAAAAeI/ZQHiI6r5UxM/s800/day%2520mang%2520tot.png'),
(23, 38, 'đế tản nhiệt xếp 2 quạt', '2014-04-15 00:00:00', 'https://lh3.googleusercontent.com/-OIUdmS0Ixrg/U0tbkb9KAQI/AAAAAAAAAec/2qoa7RXai7U/s800/de%2520tan%2520nhiet%2520dang%2520xep.png'),
(24, 39, 'đế tản nhiệt loại tốt', '2014-04-15 00:00:00', 'https://lh6.googleusercontent.com/-FbTNp-2usbM/U0tbkYn5vXI/AAAAAAAAAeY/JhsnSgM5sSs/s800/de%2520tan%2520nhiet%2520loai%2520tot.png'),
(25, 41, 'đế tản nhiệt xếp hình bướm', '2014-04-15 00:00:00', 'https://lh4.googleusercontent.com/-uV3au_Dp-ic/U0tblQOH0rI/AAAAAAAAAew/d2Wf8yZ56rQ/s800/de%2520tan%2520nhiet%2520xep.png'),
(26, 42, 'đèn led laptop', '2014-04-15 00:00:00', 'https://lh6.googleusercontent.com/-rROZQmpitMo/U0tblTUZJYI/AAAAAAAAAe0/Acg6XpjlZUE/s800/den%2520led%2520laptop.png'),
(27, 43, 'headphone somic', '2014-04-15 00:00:00', 'https://lh4.googleusercontent.com/-Zj4MnbxiLVA/U0tbl_sRuVI/AAAAAAAAAe4/NthvZzgY5hs/s800/headphone.png'),
(28, 44, 'keo giải nhiệt CPU', '2014-04-15 00:00:00', 'https://lh3.googleusercontent.com/-ynBS9ha_LXQ/U0tbmcsKQDI/AAAAAAAAAfE/FvJxULaa-gU/s800/keo%2520giai%2520nhiet%2520dang%2520hu.png'),
(29, 45, 'Loa 2.0', '2014-04-15 00:00:00', 'https://lh6.googleusercontent.com/-aR0_lhLN5uI/U0tbnOK6fLI/AAAAAAAAAfQ/Yj245UWiNTk/s800/loa%252020.png'),
(30, 46, 'Loa 2.1 soundmax', '2014-04-15 00:00:00', 'https://lh3.googleusercontent.com/-T3u7NpMU3wY/U0tbnoQRSxI/AAAAAAAAAfc/JkZ4YGcp634/s800/loa%252021.png'),
(31, 48, 'phím mitsumi', '2014-04-15 00:00:00', 'https://lh6.googleusercontent.com/-45qZ6GflOSg/U0tboaT1UMI/AAAAAAAAAfo/0jJL4WQ1Eh8/s800/phim.png'),
(32, 49, 'Ram DDR2 2GB PC', '2014-04-15 00:00:00', 'https://lh6.googleusercontent.com/-5ecOO2uHr8Q/U0tbpfiJj7I/AAAAAAAAAf0/YA8ielCVaEA/s800/ram%2520may%2520ban.png'),
(33, 50, 'Tai nghe jack 3.5', '2014-04-15 00:00:00', 'https://lh4.googleusercontent.com/-B4kFauLveQw/U0tbpoKCR4I/AAAAAAAAAf8/C4DLCweZ6pY/s800/tai%2520nghe.png'),
(34, 51, 'MousePad', '2014-04-15 00:00:00', 'https://lh4.googleusercontent.com/-iMjds65aKJk/U0tbp2v5-HI/AAAAAAAAAgA/7aBULUlnNmw/s800/tam%2520lot%2520chuot.png'),
(35, 52, 'tấm bảo vệ phím', '2014-04-15 00:00:00', 'https://lh3.googleusercontent.com/-CN-r7kWyVZk/U0tbrlDZ1bI/AAAAAAAAAgM/2j0Uy8y1rnE/s800/tam%2520lot%2520phim.png'),
(36, 40, 'đế tản nhiệt thường', '2014-04-15 00:00:00', 'https://lh6.googleusercontent.com/-wnmmggaN8HM/U0tbkp4g2-I/AAAAAAAAAeg/l8T9ebWG4U0/s800/de%2520tan%2520nhiet%2520thuong.png'),
(37, 53, 'switch tenda 5port', '2014-04-16 00:00:00', 'https://lh5.googleusercontent.com/-eRgjZP46I0c/U0tbr1KeekI/AAAAAAAAAgQ/9Rr5gLx5mA8/s800/tenda%25205port.png'),
(38, 54, 'tp-link 8 port', '2014-04-16 00:00:00', 'https://lh6.googleusercontent.com/-2iQFIojyO00/U0tbr_or8jI/AAAAAAAAAgY/HJCSAqIm1RQ/s800/tp-link%25208port.png'),
(39, 55, 'usb 2gb', '2014-04-16 00:00:00', 'https://lh3.googleusercontent.com/-VMBInYpEL7U/U0tbvy8AauI/AAAAAAAAAg0/mJ6T-69eeHE/s800/usb%25202gb.png'),
(40, 47, 'loa 4.1', '2014-04-16 00:00:00', 'https://lh3.googleusercontent.com/-q9zw862QTNk/U0tbn1ywaOI/AAAAAAAAAfg/QByyvtF52hY/s800/loa%252041.png'),
(41, 56, 'main jeway g31', '2014-04-16 00:00:00', 'https://lh4.googleusercontent.com/-9mFzaH9ju8o/U05RBE4NOcI/AAAAAAAAAhY/avi-Nu-CxPM/s800/main%2520jeway%2520g31.png'),
(42, 57, 'camera', '2014-04-18 00:00:00', 'https://lh3.googleusercontent.com/-Ha1LAiFyrlA/U0_ZGGwz4oI/AAAAAAAAAh4/IEFefanNpVg/s800/mo%2520hinh%2520tham%2520khao%2520camera.png'),
(43, 58, 'mạng LAN', '2014-04-20 00:00:00', 'https://lh3.googleusercontent.com/-cxsSCi61OBg/U1NCurN1H_I/AAAAAAAAAiI/8fgmTbJVu4E/s800/mang%2520lan.png'),
(44, 59, 'HDN care ', '2014-04-20 00:00:00', 'https://lh3.googleusercontent.com/-h4rJ0wIw2zE/UwoAUGZQq4I/AAAAAAAAAYk/YbpFaulHG-8/s400/1%2520mat%2520truoc%2520BH.png'),
(45, 59, 'Thông tin', '2014-04-20 00:00:00', 'https://lh6.googleusercontent.com/-BcvV1D5Gcm0/UwoASftqkiI/AAAAAAAAAYc/zqwQghyWxpk/s400/2%2520mat%2520giua%2520BH.png'),
(46, 59, 'quy định', '2014-04-20 00:00:00', 'https://lh3.googleusercontent.com/-5fvugoD4H1M/UwoATp--kGI/AAAAAAAAAYg/_MMumzOPZJc/s400/3%2520mat%2520sau%2520BH.png'),
(47, 60, 'sửa chữa máy tính tân nơi', '2014-04-20 00:00:00', 'https://lh5.googleusercontent.com/-Yvn49ET2mP8/U1NLb3nSogI/AAAAAAAAAiY/6mr_KU9gv60/s800/sua%2520chua%2520may%2520tinh.png'),
(48, 61, 'cước', '2014-04-20 00:00:00', 'https://lh5.googleusercontent.com/-gJDUAVkyzg8/U1NNRkRHAcI/AAAAAAAAAik/ip-OWzROJyE/s800/goi%2520cuoc.png'),
(49, 61, 'cước', '2014-04-20 00:00:00', 'https://lh5.googleusercontent.com/-gJDUAVkyzg8/U1NNRkRHAcI/AAAAAAAAAik/ip-OWzROJyE/s800/goi%2520cuoc.png'),
(50, 32, 'a1', '2014-04-26 00:00:00', 'a.com1');

-- --------------------------------------------------------

--
-- Table structure for table `shopc_product_info`
--

CREATE TABLE IF NOT EXISTS `shopc_product_info` (
  `id` int(11) NOT NULL AUTO_INCREMENT,
  `idproduct` int(11) NOT NULL,
  `image1` varchar(150) NOT NULL,
  `image2` varchar(150) NOT NULL,
  `info` longtext CHARACTER SET utf8 COLLATE utf8_unicode_ci NOT NULL,
  PRIMARY KEY (`id`),
  KEY `idproduct` (`idproduct`),
  KEY `idproduct_2` (`idproduct`)
) ENGINE=InnoDB  DEFAULT CHARSET=latin1 AUTO_INCREMENT=3 ;

--
-- Dumping data for table `shopc_product_info`
--

INSERT INTO `shopc_product_info` (`id`, `idproduct`, `image1`, `image2`, `info`) VALUES
(1, 62, '', '', '<p>\r\n	Thử nghiệm n&egrave; b&agrave; kon c&ocirc; b&aacute;c</p>\r\n'),
(2, 32, 'abc.jpg', 'cde.jpg', '<p>\r\n	Giới thiệu về m&oacute;n h&agrave;ng BỘ VỆ SINH M&Aacute;Y T&Iacute;NH 4 M&Oacute;N</p>\r\n<p>\r\n	Đ&acirc;y l&agrave; bộ đồ d&ugrave;ng để vệ sinh cho m&aacute;y t&iacute;nh.</p>\r\n<p>\r\n	C&aacute;ch thức sử dụng đơn giản:</p>\r\n<p>\r\n	B1</p>\r\n<p>\r\n	B2</p>\r\n<p>\r\n	B3</p>\r\n<p>\r\n	B4</p>\r\n');

-- --------------------------------------------------------

--
-- Table structure for table `shopc_save`
--

CREATE TABLE IF NOT EXISTS `shopc_save` (
  `id` int(11) NOT NULL AUTO_INCREMENT,
  `name` varchar(200) CHARACTER SET utf8 COLLATE utf8_unicode_ci NOT NULL,
  `date1` date NOT NULL,
  `date2` date NOT NULL,
  `key` varchar(200) NOT NULL,
  PRIMARY KEY (`id`)
) ENGINE=InnoDB  DEFAULT CHARSET=latin1 AUTO_INCREMENT=2 ;

--
-- Dumping data for table `shopc_save`
--

INSERT INTO `shopc_save` (`id`, `name`, `date1`, `date2`, `key`) VALUES
(1, 'Khuyến mãi tháng 3', '2014-03-27', '2014-03-31', 'khuyen-mai-thang-3');

-- --------------------------------------------------------

--
-- Table structure for table `shopc_save_resource`
--

CREATE TABLE IF NOT EXISTS `shopc_save_resource` (
  `id` int(11) NOT NULL AUTO_INCREMENT,
  `idsave` int(11) NOT NULL,
  `idresource` int(11) NOT NULL,
  `discount` int(11) NOT NULL,
  `value` int(11) NOT NULL,
  PRIMARY KEY (`id`),
  KEY `idsave` (`idsave`),
  KEY `idresource` (`idresource`)
) ENGINE=InnoDB  DEFAULT CHARSET=latin1 AUTO_INCREMENT=12 ;

--
-- Dumping data for table `shopc_save_resource`
--

INSERT INTO `shopc_save_resource` (`id`, `idsave`, `idresource`, `discount`, `value`) VALUES
(6, 1, 32, 5, 0),
(7, 1, 33, 5, 0),
(8, 1, 35, 5, 0),
(9, 1, 48, 5, 0),
(10, 1, 34, 5, 0),
(11, 1, 42, 20, 0);

-- --------------------------------------------------------

--
-- Table structure for table `shopc_slide`
--

CREATE TABLE IF NOT EXISTS `shopc_slide` (
  `id` int(11) NOT NULL AUTO_INCREMENT,
  `idpresentation` int(11) NOT NULL,
  `name` varchar(250) CHARACTER SET utf8 COLLATE utf8_unicode_ci NOT NULL,
  `order` int(11) NOT NULL,
  `note` longtext CHARACTER SET utf8 COLLATE utf8_unicode_ci NOT NULL,
  `url` varchar(250) NOT NULL,
  PRIMARY KEY (`id`),
  KEY `idpresentation` (`idpresentation`)
) ENGINE=InnoDB  DEFAULT CHARSET=latin1 AUTO_INCREMENT=7 ;

--
-- Dumping data for table `shopc_slide`
--

INSERT INTO `shopc_slide` (`id`, `idpresentation`, `name`, `order`, `note`, `url`) VALUES
(1, 2, 'Thử nghiệm 1', 1, '<img alt="Model 1" class="sequence-model" src="/mvc/templates/front/images/homeslider/slide1_1.png" />\r\n<div class="sequence-title">\r\n	Đặc biệt giảm -25%</div>\r\n<div class="sequence-subtitle">\r\n	Chất lượng & Thiết kế. Tuyệt hảo đến từng góc cạnh.</div>\r\n	<a class="btn btn-custom-2 btn-sequence" href="#">Xem thêm</a>\r\n', 'https://lh6.googleusercontent.com/-JaWYxLDgRCA/U1oBgTsaCYI/AAAAAAAAAII/Y4FnAXCVG3w/s1920/slide3.jpg'),
(5, 2, 'Thử nghiệm 2', 2, '<div class="sequence-price">$1150</div>\r\n        <img src="/mvc/templates/front/images/homeslider/slide2_2.png" alt="Model 2" class="sequence-model">\r\n        <img src="/mvc/templates/front/images/homeslider/slide2_1.png" alt="Model 1" class="sequence-model2">\r\n        <div class="sequence-title">Quá hấp dẫn ...</div>\r\n        <div class="sequence-subtitle">Chụp, xem và chia sẻ hình với 13MP.</div>\r\n        <a href="#" class="btn btn-custom-2 btn-sequence">Chi tiết</a>', 'https://lh5.googleusercontent.com/-n0jtH6oI2LA/U1oBeAtKrwI/AAAAAAAAAHs/WxtI8d-DdSE/s1920/slide2.jpg'),
(6, 2, 'Thử nghiệm 3', 3, '<img src="/mvc/templates/front/images/homeslider/slide3_1.png" alt="Model 3" class="sequence-model">\r\n<div class="sequence-title">Điều khiển, chuyển đài quá dễ.</div>\r\n<div class="sequence-subtitle">Tương tác thông minh với TV của bạn .</div>\r\n <a href="#" class="btn btn-custom-2 btn-sequence">Chi tiết</a>\r\n <img src="/mvc/templates/front/images/homeslider/slide3_4.png" alt="Mobile phone" class="sequence-phone">\r\n <img src="/mvc/templates/front/images/homeslider/slide3_2.png" alt="Tablet" class="sequence-tablet">\r\n <img src="/mvc/templates/front/images/homeslider/slide3_3.png" alt="Screen" class="sequence-screen">', 'https://lh4.googleusercontent.com/-t7vpPmnEeyk/U1oBdUq0X9I/AAAAAAAAAHg/0Sla-CNh0aQ/s1920/slide1.png');

-- --------------------------------------------------------

--
-- Table structure for table `shopc_storyline`
--

CREATE TABLE IF NOT EXISTS `shopc_storyline` (
  `id` int(11) NOT NULL AUTO_INCREMENT,
  `date` date NOT NULL,
  `name` varchar(50) CHARACTER SET utf8 COLLATE utf8_unicode_ci NOT NULL,
  `image` varchar(150) NOT NULL,
  `title` varchar(50) CHARACTER SET utf8 COLLATE utf8_unicode_ci NOT NULL,
  `note` varchar(250) CHARACTER SET utf8 COLLATE utf8_unicode_ci NOT NULL,
  PRIMARY KEY (`id`)
) ENGINE=InnoDB  DEFAULT CHARSET=latin1 AUTO_INCREMENT=6 ;

--
-- Dumping data for table `shopc_storyline`
--

INSERT INTO `shopc_storyline` (`id`, `date`, `name`, `image`, `title`, `note`) VALUES
(2, '2014-04-26', 'Bùi Thanh Tuấn', 'https://lh5.googleusercontent.com/-feGBuj_C9Y8/U1q7ts_A8cI/AAAAAAAAAO4/Qr9uFO3c__U/s800/Tuan.jpg', 'Dịch vụ tốt', 'Tôi thử đi mua nhiều chỗ nhưng ở đây chất lượng dịch vụ phục vụ của nhân viên cực kỳ tốt'),
(3, '2014-04-19', 'Lê Công Toàn', 'https://lh4.googleusercontent.com/-KZnP4shBhBk/U1q5NFgdxYI/AAAAAAAAAOM/awi2-iXGaI0/s800/Toan.jpg', 'Sản phẩm đa dạng', 'Rát nhiều sản phẩm được nhập về thường xuyên làm cho khách hàng dễ lựa chọn và so sánh'),
(4, '2014-04-15', 'Anh Thư', 'https://lh6.googleusercontent.com/-E3RB1sBcHhU/U1q5NLq3HoI/AAAAAAAAAOQ/zeJAT-g5q3o/s800/Thu.jpg', 'Giá hợp lý', 'Phù hợp với các bà nội trợ sản phẩm đa dạng chủng loại ...'),
(5, '2014-04-09', 'Nguyễn Quí Hữu', 'https://lh5.googleusercontent.com/-pUqoZWiJDY4/U1q5NCj22yI/AAAAAAAAAOI/l6Q125WLgeA/s800/Huu.jpg', 'Giao hàng tận nơi', 'Khỏi phải mang vác tất cả, nhân viên sẽ giao tận nơi, lắp đặt và bảo trì trong nội thành');

-- --------------------------------------------------------

--
-- Table structure for table `shopc_supplier`
--

CREATE TABLE IF NOT EXISTS `shopc_supplier` (
  `id` int(9) NOT NULL AUTO_INCREMENT,
  `name` varchar(100) COLLATE utf8_unicode_ci NOT NULL,
  `phone` varchar(15) COLLATE utf8_unicode_ci NOT NULL,
  `address` varchar(200) COLLATE utf8_unicode_ci NOT NULL,
  `note` varchar(100) COLLATE utf8_unicode_ci NOT NULL,
  `debt` bigint(20) NOT NULL,
  PRIMARY KEY (`id`)
) ENGINE=InnoDB  DEFAULT CHARSET=utf8 COLLATE=utf8_unicode_ci AUTO_INCREMENT=13 ;

--
-- Dumping data for table `shopc_supplier`
--

INSERT INTO `shopc_supplier` (`id`, `name`, `phone`, `address`, `note`, `debt`) VALUES
(9, 'Cung cấp điện thoại', '0919 12 34 56', 'TPHCM', '', 0),
(10, 'Cung cấp điện lạnh', '0919 12 34 56', 'TP HCM', '', 0),
(11, 'Cung cấp máy tính PC', '', 'TP HCM', '', 0),
(12, 'Cung cấp máy tính Laptop', '', 'TP HCM', '', 0);

-- --------------------------------------------------------

--
-- Table structure for table `shopc_tag`
--

CREATE TABLE IF NOT EXISTS `shopc_tag` (
  `id` int(11) NOT NULL AUTO_INCREMENT,
  `name` varchar(50) CHARACTER SET utf8 COLLATE utf8_unicode_ci NOT NULL,
  `key` varchar(250) NOT NULL,
  `order` int(11) NOT NULL,
  `position` int(11) NOT NULL,
  PRIMARY KEY (`id`)
) ENGINE=InnoDB  DEFAULT CHARSET=latin1 AUTO_INCREMENT=6 ;

--
-- Dumping data for table `shopc_tag`
--

INSERT INTO `shopc_tag` (`id`, `name`, `key`, `order`, `position`) VALUES
(1, 'Tin IT', 'tin-it', 1, 1),
(2, 'Công nghệ mới', 'cong-nghe-moi', 2, 1),
(3, 'Doanh nghiệp', 'doanh-nghiep', 3, 1),
(4, 'Phần mềm', 'phan-mem', 4, 1),
(5, 'Riêng tư', 'rieng-tu', 5, 2);

-- --------------------------------------------------------

--
-- Table structure for table `shopc_tracking`
--

CREATE TABLE IF NOT EXISTS `shopc_tracking` (
  `id` int(11) NOT NULL AUTO_INCREMENT,
  `date_start` date NOT NULL,
  `date_end` date NOT NULL,
  `paid_general` int(11) NOT NULL,
  `paid_pay_roll` int(11) NOT NULL,
  `paid_import` int(11) NOT NULL,
  `collect_general` int(11) NOT NULL,
  `collect_customer` int(11) NOT NULL,
  `collect_selling_debt` int(11) NOT NULL,
  `collect_selling_nodebt` int(11) NOT NULL,
  `estate_rate` int(11) NOT NULL,
  `store_value` int(11) NOT NULL,
  PRIMARY KEY (`id`)
) ENGINE=InnoDB  DEFAULT CHARSET=utf8 COLLATE=utf8_unicode_ci AUTO_INCREMENT=19 ;

--
-- Dumping data for table `shopc_tracking`
--

INSERT INTO `shopc_tracking` (`id`, `date_start`, `date_end`, `paid_general`, `paid_pay_roll`, `paid_import`, `collect_general`, `collect_customer`, `collect_selling_debt`, `collect_selling_nodebt`, `estate_rate`, `store_value`) VALUES
(17, '2014-03-01', '2014-03-31', 0, 0, 0, 0, 0, 0, 0, 0, 0),
(18, '2014-04-01', '2014-04-30', 0, 0, 0, 0, 0, 0, 0, 0, 0);

-- --------------------------------------------------------

--
-- Table structure for table `shopc_tracking_daily`
--

CREATE TABLE IF NOT EXISTS `shopc_tracking_daily` (
  `id` int(11) NOT NULL AUTO_INCREMENT,
  `id_tracking` int(11) NOT NULL,
  `date` date NOT NULL,
  `ticket1` bigint(20) NOT NULL,
  `ticket2` bigint(20) NOT NULL,
  `paid1` bigint(20) NOT NULL,
  `paid2` bigint(20) NOT NULL,
  `debt` bigint(20) NOT NULL,
  `paid1_remain` bigint(11) NOT NULL,
  `paid2_remain` bigint(11) NOT NULL,
  PRIMARY KEY (`id`)
) ENGINE=InnoDB  DEFAULT CHARSET=latin1 AUTO_INCREMENT=206 ;

--
-- Dumping data for table `shopc_tracking_daily`
--

INSERT INTO `shopc_tracking_daily` (`id`, `id_tracking`, `date`, `ticket1`, `ticket2`, `paid1`, `paid2`, `debt`, `paid1_remain`, `paid2_remain`) VALUES
(147, 16, '2014-02-01', 0, 0, 0, 0, 0, 0, 0),
(148, 16, '2014-02-02', 0, 0, 0, 0, 0, 0, 0),
(149, 16, '2014-02-03', 0, 0, 0, 0, 0, 0, 0),
(150, 16, '2014-02-04', 0, 0, 0, 0, 0, 0, 0),
(151, 16, '2014-02-05', 0, 0, 0, 0, 0, 0, 0),
(152, 16, '2014-02-06', 0, 0, 0, 0, 0, 0, 0),
(153, 16, '2014-02-07', 0, 0, 0, 0, 0, 0, 0),
(154, 16, '2014-02-08', 0, 0, 0, 0, 0, 0, 0),
(155, 16, '2014-02-09', 0, 0, 0, 0, 0, 0, 0),
(156, 16, '2014-02-10', 0, 0, 0, 0, 0, 0, 0),
(157, 16, '2014-02-11', 0, 0, 0, 0, 0, 0, 0),
(158, 16, '2014-02-12', 0, 0, 0, 0, 0, 0, 0),
(159, 16, '2014-02-13', 0, 0, 0, 0, 0, 0, 0),
(160, 16, '2014-02-14', 0, 0, 0, 0, 0, 0, 0),
(161, 16, '2014-02-15', 0, 0, 0, 0, 0, 0, 0),
(162, 16, '2014-02-16', 0, 0, 0, 0, 0, 0, 0),
(163, 16, '2014-02-17', 0, 0, 0, 0, 0, 0, 0),
(164, 16, '2014-02-18', 0, 0, 0, 0, 0, 0, 0),
(165, 16, '2014-02-19', 0, 0, 0, 0, 0, 0, 0),
(166, 16, '2014-02-20', 0, 0, 0, 0, 0, 0, 0),
(167, 16, '2014-02-21', 0, 0, 0, 0, 0, 0, 0),
(168, 16, '2014-02-22', 0, 0, 0, 0, 0, 0, 0),
(169, 16, '2014-02-23', 0, 0, 0, 0, 0, 0, 0),
(170, 16, '2014-02-24', 0, 0, 0, 0, 0, 0, 0),
(171, 16, '2014-02-25', 0, 0, 0, 0, 0, 0, 0),
(172, 16, '2014-02-26', 0, 0, 0, 0, 0, 0, 0),
(173, 16, '2014-02-27', 56000, 0, 0, 0, 0, 0, 0),
(174, 16, '2014-02-28', 0, 0, 0, 0, 0, 0, 0),
(175, 17, '2014-03-01', 0, 0, 0, 0, 0, 0, 0),
(176, 17, '2014-03-02', 0, 0, 0, 0, 0, 0, 0),
(177, 17, '2014-03-03', 0, 0, 0, 0, 0, 0, 0),
(178, 17, '2014-03-04', 0, 0, 0, 0, 0, 0, 0),
(179, 17, '2014-03-05', 0, 0, 0, 0, 0, 0, 0),
(180, 17, '2014-03-06', 0, 0, 0, 0, 0, 0, 0),
(181, 17, '2014-03-07', 0, 0, 0, 0, 0, 0, 0),
(182, 17, '2014-03-08', 0, 0, 0, 0, 0, 0, 0),
(183, 17, '2014-03-09', 0, 0, 0, 0, 0, 0, 0),
(184, 17, '2014-03-10', 0, 0, 0, 0, 0, 0, 0),
(185, 17, '2014-03-11', 0, 0, 0, 0, 0, 0, 0),
(186, 17, '2014-03-12', 0, 0, 0, 0, 0, 0, 0),
(187, 17, '2014-03-13', 500, 15, 3490000, 50000, 3000000, 875000, 3950000),
(188, 17, '2014-03-14', 500, 30, 3400000, 950000, 0, 1705000, 3000000),
(189, 17, '2014-03-15', 6040, 0, 2000000, 0, 0, 52360000, 0),
(190, 17, '2014-03-16', 0, 0, 0, 0, 0, 0, 0),
(191, 17, '2014-03-17', 0, 0, 0, 0, 0, 0, 0),
(192, 17, '2014-03-18', 0, 0, 0, 0, 0, 0, 0),
(193, 17, '2014-03-19', 0, 0, 0, 0, 0, 0, 0),
(194, 17, '2014-03-20', 0, 0, 0, 0, 0, 0, 0),
(195, 17, '2014-03-21', 0, 0, 0, 0, 0, 0, 0),
(196, 17, '2014-03-22', 0, 0, 0, 0, 0, 0, 0),
(197, 17, '2014-03-23', 0, 0, 0, 0, 0, 0, 0),
(198, 17, '2014-03-24', 0, 0, 0, 0, 0, 0, 0),
(199, 17, '2014-03-25', 0, 0, 0, 0, 0, 0, 0),
(200, 17, '2014-03-26', 0, 0, 0, 0, 0, 0, 0),
(201, 17, '2014-03-27', 0, 0, 0, 0, 0, 0, 0),
(202, 17, '2014-03-28', 0, 0, 0, 0, 0, 0, 0),
(203, 17, '2014-03-29', 0, 0, 0, 0, 0, 0, 0),
(204, 17, '2014-03-30', 0, 0, 0, 0, 0, 0, 0),
(205, 17, '2014-03-31', 0, 0, 0, 0, 0, 0, 0);

-- --------------------------------------------------------

--
-- Table structure for table `shopc_user`
--

CREATE TABLE IF NOT EXISTS `shopc_user` (
  `id` int(11) NOT NULL AUTO_INCREMENT,
  `name` varchar(25) COLLATE utf8_unicode_ci NOT NULL,
  `email` varchar(200) COLLATE utf8_unicode_ci DEFAULT NULL,
  `pass` varchar(256) COLLATE utf8_unicode_ci DEFAULT NULL,
  `gender` int(11) NOT NULL,
  `note` varchar(200) COLLATE utf8_unicode_ci DEFAULT NULL,
  `datecreate` timestamp NOT NULL DEFAULT CURRENT_TIMESTAMP,
  `dateupdate` timestamp NOT NULL DEFAULT '0000-00-00 00:00:00',
  `dateactivity` timestamp NOT NULL DEFAULT '0000-00-00 00:00:00',
  `type` tinyint(4) NOT NULL,
  `code` varchar(13) COLLATE utf8_unicode_ci NOT NULL,
  PRIMARY KEY (`id`)
) ENGINE=InnoDB  DEFAULT CHARSET=utf8 COLLATE=utf8_unicode_ci AUTO_INCREMENT=5 ;

--
-- Dumping data for table `shopc_user`
--

INSERT INTO `shopc_user` (`id`, `name`, `email`, `pass`, `gender`, `note`, `datecreate`, `dateupdate`, `dateactivity`, `type`, `code`) VALUES
(3, 'Bán hàng', 'banhang@gmail.com', '123456', 0, '', '0000-00-00 00:00:00', '0000-00-00 00:00:00', '0000-00-00 00:00:00', 1, ''),
(4, 'Quản lý', 'quanly@gmail.com', '123456', 0, '', '0000-00-00 00:00:00', '0000-00-00 00:00:00', '0000-00-00 00:00:00', 4, '');

--
-- Constraints for dumped tables
--

--
-- Constraints for table `shopc_attribute`
--
ALTER TABLE `shopc_attribute`
  ADD CONSTRAINT `shopc_attribute_ibfk_1` FOREIGN KEY (`id_gattribute`) REFERENCES `shopc_gattribute` (`id`) ON DELETE CASCADE ON UPDATE CASCADE;

--
-- Constraints for table `shopc_category1`
--
ALTER TABLE `shopc_category1`
  ADD CONSTRAINT `shopc_category1_ibfk_1` FOREIGN KEY (`id_category`) REFERENCES `shopc_category` (`id`) ON DELETE CASCADE ON UPDATE CASCADE;

--
-- Constraints for table `shopc_order_export_detail`
--
ALTER TABLE `shopc_order_export_detail`
  ADD CONSTRAINT `shopc_order_export_detail_ibfk_1` FOREIGN KEY (`idorder`) REFERENCES `shopc_order_export` (`id`) ON DELETE CASCADE ON UPDATE CASCADE,
  ADD CONSTRAINT `shopc_order_export_detail_ibfk_2` FOREIGN KEY (`idresource`) REFERENCES `shopc_product` (`id`) ON DELETE CASCADE ON UPDATE CASCADE;

--
-- Constraints for table `shopc_order_import`
--
ALTER TABLE `shopc_order_import`
  ADD CONSTRAINT `shopc_order_import_1` FOREIGN KEY (`idsupplier`) REFERENCES `shopc_supplier` (`id`) ON DELETE CASCADE ON UPDATE CASCADE;

--
-- Constraints for table `shopc_order_import_detail`
--
ALTER TABLE `shopc_order_import_detail`
  ADD CONSTRAINT `shopc_order_import_detail_1` FOREIGN KEY (`idorder`) REFERENCES `shopc_order_import` (`id`) ON DELETE CASCADE ON UPDATE CASCADE,
  ADD CONSTRAINT `shopc_order_import_detail_2` FOREIGN KEY (`idresource`) REFERENCES `shopc_product` (`id`) ON DELETE CASCADE ON UPDATE CASCADE;

--
-- Constraints for table `shopc_post_tag`
--
ALTER TABLE `shopc_post_tag`
  ADD CONSTRAINT `shopc_post_tag_ibfk_1` FOREIGN KEY (`id_post`) REFERENCES `shopc_post` (`id`) ON DELETE CASCADE ON UPDATE CASCADE,
  ADD CONSTRAINT `shopc_post_tag_ibfk_2` FOREIGN KEY (`id_tag`) REFERENCES `shopc_tag` (`id`) ON DELETE CASCADE ON UPDATE CASCADE;

--
-- Constraints for table `shopc_product`
--
ALTER TABLE `shopc_product`
  ADD CONSTRAINT `shopc_resource_1` FOREIGN KEY (`idsupplier`) REFERENCES `shopc_supplier` (`id`) ON DELETE CASCADE ON UPDATE CASCADE;

--
-- Constraints for table `shopc_product_image`
--
ALTER TABLE `shopc_product_image`
  ADD CONSTRAINT `shopc_product_image_ibfk_1` FOREIGN KEY (`idproduct`) REFERENCES `shopc_product` (`id`) ON DELETE CASCADE ON UPDATE CASCADE;

--
-- Constraints for table `shopc_product_info`
--
ALTER TABLE `shopc_product_info`
  ADD CONSTRAINT `shopc_product_info_ibfk_1` FOREIGN KEY (`idproduct`) REFERENCES `shopc_product` (`id`) ON DELETE CASCADE ON UPDATE CASCADE;

--
-- Constraints for table `shopc_save_resource`
--
ALTER TABLE `shopc_save_resource`
  ADD CONSTRAINT `shopc_save_resource_ibfk_1` FOREIGN KEY (`idsave`) REFERENCES `shopc_save` (`id`) ON DELETE CASCADE ON UPDATE CASCADE,
  ADD CONSTRAINT `shopc_save_resource_ibfk_2` FOREIGN KEY (`idresource`) REFERENCES `shopc_product` (`id`) ON DELETE CASCADE ON UPDATE CASCADE;

--
-- Constraints for table `shopc_slide`
--
ALTER TABLE `shopc_slide`
  ADD CONSTRAINT `shopc_slide_ibfk_1` FOREIGN KEY (`idpresentation`) REFERENCES `shopc_presentation` (`id`) ON DELETE CASCADE ON UPDATE CASCADE;
